summary_level,pair_id,day_type,time_period,p50_travel_time_sec,p95_travel_time_sec,buffer_time_sec,buffer_index,reliability_level,p50_travel_time_min,p95_travel_time_min,buffer_time_min
L3_DAY_TYPE_TIME_PERIOD,01F0005S_01F0017S,Weekday,凌晨,47,53,6,0.1276595744680851,穩定,0.78,0.88,0.1
L3_DAY_TYPE_TIME_PERIOD,01F0005S_01F0017S,Weekday,夜間,50,54,4,0.08,穩定,0.83,0.9,0.07
L3_DAY_TYPE_TIME_PERIOD,01F0005S_01F0017S,Weekday,日間,50,55,5,0.1,穩定,0.83,0.92,0.08
L3_DAY_TYPE_TIME_PERIOD,01F0005S_01F0017S,Weekday,早尖峰,48,53,5,0.10416666666666667,穩定,0.8,0.88,0.08
L3_DAY_TYPE_TIME_PERIOD,01F0005S_01F0017S,Weekday,晚尖峰,50,55,5,0.1,穩定,0.83,0.92,0.08
L3_DAY_TYPE_TIME_PERIOD,01F0005S_01F0017S,Weekend,凌晨,48,52,4,0.08333333333333333,穩定,0.8,0.87,0.07
L3_DAY_TYPE_TIME_PERIOD,01F0005S_01F0017S,Weekend,夜間,52,56,4,0.07692307692307693,穩定,0.87,0.93,0.07
L3_DAY_TYPE_TIME_PERIOD,01F0005S_01F0017S,Weekend,日間,50,54,4,0.08,穩定,0.83,0.9,0.07
L3_DAY_TYPE_TIME_PERIOD,01F0005S_01F0017S,Weekend,早尖峰,47,51,4,0.0851063829787234,穩定,0.78,0.85,0.07
L3_DAY_TYPE_TIME_PERIOD,01F0005S_01F0017S,Weekend,晚尖峰,52,56,4,0.07692307692307693,穩定,0.87,0.93,0.07
L3_DAY_TYPE_TIME_PERIOD,01F0017N_01F0005N,Weekday,凌晨,45,50,5,0.1111111111111111,穩定,0.75,0.83,0.08
L3_DAY_TYPE_TIME_PERIOD,01F0017N_01F0005N,Weekday,夜間,48,54,6,0.125,穩定,0.8,0.9,0.1
L3_DAY_TYPE_TIME_PERIOD,01F0017N_01F0005N,Weekday,日間,48,53,5,0.10416666666666667,穩定,0.8,0.88,0.08
L3_DAY_TYPE_TIME_PERIOD,01F0017N_01F0005N,Weekday,早尖峰,47,51,4,0.0851063829787234,穩定,0.78,0.85,0.07
L3_DAY_TYPE_TIME_PERIOD,01F0017N_01F0005N,Weekday,晚尖峰,49,56,7,0.14285714285714285,穩定,0.82,0.93,0.12
L3_DAY_TYPE_TIME_PERIOD,01F0017N_01F0005N,Weekend,凌晨,45,50,5,0.1111111111111111,穩定,0.75,0.83,0.08
L3_DAY_TYPE_TIME_PERIOD,01F0017N_01F0005N,Weekend,夜間,48,52,4,0.08333333333333333,穩定,0.8,0.87,0.07
L3_DAY_TYPE_TIME_PERIOD,01F0017N_01F0005N,Weekend,日間,48,52,4,0.08333333333333333,穩定,0.8,0.87,0.07
L3_DAY_TYPE_TIME_PERIOD,01F0017N_01F0005N,Weekend,早尖峰,46,50,4,0.08695652173913043,穩定,0.77,0.83,0.07
L3_DAY_TYPE_TIME_PERIOD,01F0017N_01F0005N,Weekend,晚尖峰,49,55,6,0.12244897959183673,穩定,0.82,0.92,0.1
L3_DAY_TYPE_TIME_PERIOD,01F0017S_01F0029S,Weekday,凌晨,46,51,5,0.10869565217391304,穩定,0.77,0.85,0.08
L3_DAY_TYPE_TIME_PERIOD,01F0017S_01F0029S,Weekday,夜間,48,52,4,0.08333333333333333,穩定,0.8,0.87,0.07
L3_DAY_TYPE_TIME_PERIOD,01F0017S_01F0029S,Weekday,日間,49,54,5,0.10204081632653061,穩定,0.82,0.9,0.08
L3_DAY_TYPE_TIME_PERIOD,01F0017S_01F0029S,Weekday,早尖峰,48,56,8,0.16666666666666666,穩定,0.8,0.93,0.13
L3_DAY_TYPE_TIME_PERIOD,01F0017S_01F0029S,Weekday,晚尖峰,49,54,5,0.10204081632653061,穩定,0.82,0.9,0.08
L3_DAY_TYPE_TIME_PERIOD,01F0017S_01F0029S,Weekend,凌晨,46,50,4,0.08695652173913043,穩定,0.77,0.83,0.07
L3_DAY_TYPE_TIME_PERIOD,01F0017S_01F0029S,Weekend,夜間,50,55,5,0.1,穩定,0.83,0.92,0.08
L3_DAY_TYPE_TIME_PERIOD,01F0017S_01F0029S,Weekend,日間,48,53,5,0.10416666666666667,穩定,0.8,0.88,0.08
L3_DAY_TYPE_TIME_PERIOD,01F0017S_01F0029S,Weekend,早尖峰,47,50,3,0.06382978723404255,穩定,0.78,0.83,0.05
L3_DAY_TYPE_TIME_PERIOD,01F0017S_01F0029S,Weekend,晚尖峰,51,55,4,0.0784313725490196,穩定,0.85,0.92,0.07
L3_DAY_TYPE_TIME_PERIOD,01F0029N_01F0017N,Weekday,凌晨,46,51,5,0.10869565217391304,穩定,0.77,0.85,0.08
L3_DAY_TYPE_TIME_PERIOD,01F0029N_01F0017N,Weekday,夜間,49,54,5,0.10204081632653061,穩定,0.82,0.9,0.08
L3_DAY_TYPE_TIME_PERIOD,01F0029N_01F0017N,Weekday,日間,49,53,4,0.08163265306122448,穩定,0.82,0.88,0.07
L3_DAY_TYPE_TIME_PERIOD,01F0029N_01F0017N,Weekday,早尖峰,47,51,4,0.0851063829787234,穩定,0.78,0.85,0.07
L3_DAY_TYPE_TIME_PERIOD,01F0029N_01F0017N,Weekday,晚尖峰,49,55,6,0.12244897959183673,穩定,0.82,0.92,0.1
L3_DAY_TYPE_TIME_PERIOD,01F0029N_01F0017N,Weekend,凌晨,46,50,4,0.08695652173913043,穩定,0.77,0.83,0.07
L3_DAY_TYPE_TIME_PERIOD,01F0029N_01F0017N,Weekend,夜間,49,53,4,0.08163265306122448,穩定,0.82,0.88,0.07
L3_DAY_TYPE_TIME_PERIOD,01F0029N_01F0017N,Weekend,日間,49,52,3,0.061224489795918366,穩定,0.82,0.87,0.05
L3_DAY_TYPE_TIME_PERIOD,01F0029N_01F0017N,Weekend,早尖峰,47,50,3,0.06382978723404255,穩定,0.78,0.83,0.05
L3_DAY_TYPE_TIME_PERIOD,01F0029N_01F0017N,Weekend,晚尖峰,49,54,5,0.10204081632653061,穩定,0.82,0.9,0.08
L3_DAY_TYPE_TIME_PERIOD,01F0029S_01F0061S,Weekday,凌晨,121,134,13,0.10743801652892562,穩定,2.02,2.23,0.22
L3_DAY_TYPE_TIME_PERIOD,01F0029S_01F0061S,Weekday,夜間,125,136,11,0.088,穩定,2.08,2.27,0.18
L3_DAY_TYPE_TIME_PERIOD,01F0029S_01F0061S,Weekday,日間,128,144,16,0.125,穩定,2.13,2.4,0.27
L3_DAY_TYPE_TIME_PERIOD,01F0029S_01F0061S,Weekday,早尖峰,134,443,309,2.3059701492537314,高風險,2.23,7.38,5.15
L3_DAY_TYPE_TIME_PERIOD,01F0029S_01F0061S,Weekday,晚尖峰,131,145,14,0.10687022900763359,穩定,2.18,2.42,0.23
L3_DAY_TYPE_TIME_PERIOD,01F0029S_01F0061S,Weekend,凌晨,121,130,9,0.0743801652892562,穩定,2.02,2.17,0.15
L3_DAY_TYPE_TIME_PERIOD,01F0029S_01F0061S,Weekend,夜間,133,179,46,0.3458646616541353,普通,2.22,2.98,0.77
L3_DAY_TYPE_TIME_PERIOD,01F0029S_01F0061S,Weekend,日間,128,148,20,0.15625,穩定,2.13,2.47,0.33
L3_DAY_TYPE_TIME_PERIOD,01F0029S_01F0061S,Weekend,早尖峰,121,131,10,0.08264462809917356,穩定,2.02,2.18,0.17
L3_DAY_TYPE_TIME_PERIOD,01F0029S_01F0061S,Weekend,晚尖峰,140,242,102,0.7285714285714285,不穩定,2.33,4.03,1.7
L3_DAY_TYPE_TIME_PERIOD,01F0061N_01F0029N,Weekday,凌晨,120,134,14,0.11666666666666667,穩定,2.0,2.23,0.23
L3_DAY_TYPE_TIME_PERIOD,01F0061N_01F0029N,Weekday,夜間,127,140,13,0.10236220472440945,穩定,2.12,2.33,0.22
L3_DAY_TYPE_TIME_PERIOD,01F0061N_01F0029N,Weekday,日間,127,137,10,0.07874015748031496,穩定,2.12,2.28,0.17
L3_DAY_TYPE_TIME_PERIOD,01F0061N_01F0029N,Weekday,早尖峰,122,133,11,0.09016393442622951,穩定,2.03,2.22,0.18
L3_DAY_TYPE_TIME_PERIOD,01F0061N_01F0029N,Weekday,晚尖峰,129,142,13,0.10077519379844961,穩定,2.15,2.37,0.22
L3_DAY_TYPE_TIME_PERIOD,01F0061N_01F0029N,Weekend,凌晨,120,130,10,0.08333333333333333,穩定,2.0,2.17,0.17
L3_DAY_TYPE_TIME_PERIOD,01F0061N_01F0029N,Weekend,夜間,126,135,9,0.07142857142857142,穩定,2.1,2.25,0.15
L3_DAY_TYPE_TIME_PERIOD,01F0061N_01F0029N,Weekend,日間,128,135,7,0.0546875,穩定,2.13,2.25,0.12
L3_DAY_TYPE_TIME_PERIOD,01F0061N_01F0029N,Weekend,早尖峰,123,131,8,0.06504065040650407,穩定,2.05,2.18,0.13
L3_DAY_TYPE_TIME_PERIOD,01F0061N_01F0029N,Weekend,晚尖峰,127,139,12,0.09448818897637795,穩定,2.12,2.32,0.2
L3_DAY_TYPE_TIME_PERIOD,01F0061N_03F0087S,Weekday,凌晨,1221,3214,1993,1.6322686322686322,高風險,20.35,53.57,33.22
L3_DAY_TYPE_TIME_PERIOD,01F0061N_03F0087S,Weekday,夜間,810,3207,2397,2.9592592592592593,高風險,13.5,53.45,39.95
L3_DAY_TYPE_TIME_PERIOD,01F0061N_03F0087S,Weekday,日間,1519,3283,1764,1.1612903225806452,高風險,25.32,54.72,29.4
L3_DAY_TYPE_TIME_PERIOD,01F0061N_03F0087S,Weekday,早尖峰,1467,3240,1773,1.2085889570552146,高風險,24.45,54.0,29.55
L3_DAY_TYPE_TIME_PERIOD,01F0061N_03F0087S,Weekday,晚尖峰,1727,3310,1583,0.9166184134337001,不穩定,28.78,55.17,26.38
L3_DAY_TYPE_TIME_PERIOD,01F0061N_03F0087S,Weekend,凌晨,633,3193,2560,4.044233807266982,高風險,10.55,53.22,42.67
L3_DAY_TYPE_TIME_PERIOD,01F0061N_03F0087S,Weekend,夜間,2028,3295,1267,0.6247534516765286,不穩定,33.8,54.92,21.12
L3_DAY_TYPE_TIME_PERIOD,01F0061N_03F0087S,Weekend,日間,1271,3275,2004,1.5767112509834775,高風險,21.18,54.58,33.4
L3_DAY_TYPE_TIME_PERIOD,01F0061N_03F0087S,Weekend,早尖峰,637,3260,2623,4.117739403453689,高風險,10.62,54.33,43.72
L3_DAY_TYPE_TIME_PERIOD,01F0061N_03F0087S,Weekend,晚尖峰,2212,3281,1069,0.4832730560578662,普通,36.87,54.68,17.82
L3_DAY_TYPE_TIME_PERIOD,01F0061S_01F0099S,Weekday,凌晨,140,197,57,0.40714285714285714,普通,2.33,3.28,0.95
L3_DAY_TYPE_TIME_PERIOD,01F0061S_01F0099S,Weekday,夜間,146,170,24,0.1643835616438356,穩定,2.43,2.83,0.4
L3_DAY_TYPE_TIME_PERIOD,01F0061S_01F0099S,Weekday,日間,155,298,143,0.9225806451612903,不穩定,2.58,4.97,2.38
L3_DAY_TYPE_TIME_PERIOD,01F0061S_01F0099S,Weekday,早尖峰,303,653,350,1.155115511551155,高風險,5.05,10.88,5.83
L3_DAY_TYPE_TIME_PERIOD,01F0061S_01F0099S,Weekday,晚尖峰,160,245,85,0.53125,不穩定,2.67,4.08,1.42
L3_DAY_TYPE_TIME_PERIOD,01F0061S_01F0099S,Weekend,凌晨,139,160,21,0.1510791366906475,穩定,2.32,2.67,0.35
L3_DAY_TYPE_TIME_PERIOD,01F0061S_01F0099S,Weekend,夜間,159,383,224,1.4088050314465408,高風險,2.65,6.38,3.73
L3_DAY_TYPE_TIME_PERIOD,01F0061S_01F0099S,Weekend,日間,155,315,160,1.032258064516129,高風險,2.58,5.25,2.67
L3_DAY_TYPE_TIME_PERIOD,01F0061S_01F0099S,Weekend,早尖峰,142,158,16,0.11267605633802817,穩定,2.37,2.63,0.27
L3_DAY_TYPE_TIME_PERIOD,01F0061S_01F0099S,Weekend,晚尖峰,244,469,225,0.9221311475409836,不穩定,4.07,7.82,3.75
L3_DAY_TYPE_TIME_PERIOD,01F0099N_01F0061N,Weekday,凌晨,141,212,71,0.5035460992907801,不穩定,2.35,3.53,1.18
L3_DAY_TYPE_TIME_PERIOD,01F0099N_01F0061N,Weekday,夜間,165,315,150,0.9090909090909091,不穩定,2.75,5.25,2.5
L3_DAY_TYPE_TIME_PERIOD,01F0099N_01F0061N,Weekday,日間,182,309,127,0.6978021978021978,不穩定,3.03,5.15,2.12
L3_DAY_TYPE_TIME_PERIOD,01F0099N_01F0061N,Weekday,早尖峰,153,191,38,0.24836601307189543,穩定,2.55,3.18,0.63
L3_DAY_TYPE_TIME_PERIOD,01F0099N_01F0061N,Weekday,晚尖峰,249,436,187,0.751004016064257,不穩定,4.15,7.27,3.12
L3_DAY_TYPE_TIME_PERIOD,01F0099N_01F0061N,Weekend,凌晨,141,178,37,0.2624113475177305,普通,2.35,2.97,0.62
L3_DAY_TYPE_TIME_PERIOD,01F0099N_01F0061N,Weekend,夜間,159,186,27,0.16981132075471697,穩定,2.65,3.1,0.45
L3_DAY_TYPE_TIME_PERIOD,01F0099N_01F0061N,Weekend,日間,233,297,64,0.27467811158798283,普通,3.88,4.95,1.07
L3_DAY_TYPE_TIME_PERIOD,01F0099N_01F0061N,Weekend,早尖峰,152,251,99,0.6513157894736842,不穩定,2.53,4.18,1.65
L3_DAY_TYPE_TIME_PERIOD,01F0099N_01F0061N,Weekend,晚尖峰,176,273,97,0.5511363636363636,不穩定,2.93,4.55,1.62
L3_DAY_TYPE_TIME_PERIOD,01F0099S_01F0147S,Weekday,凌晨,182,211,29,0.15934065934065933,穩定,3.03,3.52,0.48
L3_DAY_TYPE_TIME_PERIOD,01F0099S_01F0147S,Weekday,夜間,187,212,25,0.13368983957219252,穩定,3.12,3.53,0.42
L3_DAY_TYPE_TIME_PERIOD,01F0099S_01F0147S,Weekday,日間,200,356,156,0.78,不穩定,3.33,5.93,2.6
L3_DAY_TYPE_TIME_PERIOD,01F0099S_01F0147S,Weekday,早尖峰,298,628,330,1.1073825503355705,高風險,4.97,10.47,5.5
L3_DAY_TYPE_TIME_PERIOD,01F0099S_01F0147S,Weekday,晚尖峰,204,471,267,1.3088235294117647,高風險,3.4,7.85,4.45
L3_DAY_TYPE_TIME_PERIOD,01F0099S_01F0147S,Weekend,凌晨,179,203,24,0.1340782122905028,穩定,2.98,3.38,0.4
L3_DAY_TYPE_TIME_PERIOD,01F0099S_01F0147S,Weekend,夜間,198,270,72,0.36363636363636365,普通,3.3,4.5,1.2
L3_DAY_TYPE_TIME_PERIOD,01F0099S_01F0147S,Weekend,日間,197,253,56,0.28426395939086296,普通,3.28,4.22,0.93
L3_DAY_TYPE_TIME_PERIOD,01F0099S_01F0147S,Weekend,早尖峰,184,208,24,0.13043478260869565,穩定,3.07,3.47,0.4
L3_DAY_TYPE_TIME_PERIOD,01F0099S_01F0147S,Weekend,晚尖峰,238,307,69,0.28991596638655465,普通,3.97,5.12,1.15
L3_DAY_TYPE_TIME_PERIOD,01F0099S_01H0163S,Weekday,凌晨,232,255,23,0.09913793103448276,穩定,3.87,4.25,0.38
L3_DAY_TYPE_TIME_PERIOD,01F0099S_01H0163S,Weekday,夜間,242,262,20,0.08264462809917356,穩定,4.03,4.37,0.33
L3_DAY_TYPE_TIME_PERIOD,01F0099S_01H0163S,Weekday,日間,256,311,55,0.21484375,穩定,4.27,5.18,0.92
L3_DAY_TYPE_TIME_PERIOD,01F0099S_01H0163S,Weekday,早尖峰,322,536,214,0.6645962732919255,不穩定,5.37,8.93,3.57
L3_DAY_TYPE_TIME_PERIOD,01F0099S_01H0163S,Weekday,晚尖峰,262,304,42,0.16030534351145037,穩定,4.37,5.07,0.7
L3_DAY_TYPE_TIME_PERIOD,01F0099S_01H0163S,Weekend,凌晨,231,249,18,0.07792207792207792,穩定,3.85,4.15,0.3
L3_DAY_TYPE_TIME_PERIOD,01F0099S_01H0163S,Weekend,夜間,255,338,83,0.3254901960784314,普通,4.25,5.63,1.38
L3_DAY_TYPE_TIME_PERIOD,01F0099S_01H0163S,Weekend,日間,255,316,61,0.23921568627450981,穩定,4.25,5.27,1.02
L3_DAY_TYPE_TIME_PERIOD,01F0099S_01H0163S,Weekend,早尖峰,238,255,17,0.07142857142857142,穩定,3.97,4.25,0.28
L3_DAY_TYPE_TIME_PERIOD,01F0099S_01H0163S,Weekend,晚尖峰,298,383,85,0.28523489932885904,普通,4.97,6.38,1.42
L3_DAY_TYPE_TIME_PERIOD,01F0099S_03F0054N,Weekday,凌晨,1894,3239,1345,0.7101372756071805,不穩定,31.57,53.98,22.42
L3_DAY_TYPE_TIME_PERIOD,01F0099S_03F0054N,Weekday,夜間,2125,3241,1116,0.5251764705882352,不穩定,35.42,54.02,18.6
L3_DAY_TYPE_TIME_PERIOD,01F0099S_03F0054N,Weekday,日間,1962,3252,1290,0.6574923547400612,不穩定,32.7,54.2,21.5
L3_DAY_TYPE_TIME_PERIOD,01F0099S_03F0054N,Weekday,早尖峰,2138,3248,1110,0.5191768007483629,不穩定,35.63,54.13,18.5
L3_DAY_TYPE_TIME_PERIOD,01F0099S_03F0054N,Weekday,晚尖峰,2197,3254,1057,0.4811106053709604,普通,36.62,54.23,17.62
L3_DAY_TYPE_TIME_PERIOD,01F0099S_03F0054N,Weekend,凌晨,2012,3219,1207,0.5999005964214712,不穩定,33.53,53.65,20.12
L3_DAY_TYPE_TIME_PERIOD,01F0099S_03F0054N,Weekend,夜間,2044,3189,1145,0.5601761252446184,不穩定,34.07,53.15,19.08
L3_DAY_TYPE_TIME_PERIOD,01F0099S_03F0054N,Weekend,日間,1935,3177,1242,0.641860465116279,不穩定,32.25,52.95,20.7
L3_DAY_TYPE_TIME_PERIOD,01F0099S_03F0054N,Weekend,早尖峰,1891,3188,1297,0.6858804865150714,不穩定,31.52,53.13,21.62
L3_DAY_TYPE_TIME_PERIOD,01F0099S_03F0054N,Weekend,晚尖峰,1850,3209,1359,0.7345945945945946,不穩定,30.83,53.48,22.65
L3_DAY_TYPE_TIME_PERIOD,01F0099S_03F0116S,Weekday,凌晨,123,140,17,0.13821138211382114,穩定,2.05,2.33,0.28
L3_DAY_TYPE_TIME_PERIOD,01F0099S_03F0116S,Weekday,夜間,132,148,16,0.12121212121212122,穩定,2.2,2.47,0.27
L3_DAY_TYPE_TIME_PERIOD,01F0099S_03F0116S,Weekday,日間,144,223,79,0.5486111111111112,不穩定,2.4,3.72,1.32
L3_DAY_TYPE_TIME_PERIOD,01F0099S_03F0116S,Weekday,早尖峰,160,245,85,0.53125,不穩定,2.67,4.08,1.42
L3_DAY_TYPE_TIME_PERIOD,01F0099S_03F0116S,Weekday,晚尖峰,153,424,271,1.7712418300653594,高風險,2.55,7.07,4.52
L3_DAY_TYPE_TIME_PERIOD,01F0099S_03F0116S,Weekend,凌晨,120,139,19,0.15833333333333333,穩定,2.0,2.32,0.32
L3_DAY_TYPE_TIME_PERIOD,01F0099S_03F0116S,Weekend,夜間,138,159,21,0.15217391304347827,穩定,2.3,2.65,0.35
L3_DAY_TYPE_TIME_PERIOD,01F0099S_03F0116S,Weekend,日間,142,584,442,3.112676056338028,高風險,2.37,9.73,7.37
L3_DAY_TYPE_TIME_PERIOD,01F0099S_03F0116S,Weekend,早尖峰,130,490,360,2.769230769230769,高風險,2.17,8.17,6.0
L3_DAY_TYPE_TIME_PERIOD,01F0099S_03F0116S,Weekend,晚尖峰,148,190,42,0.28378378378378377,普通,2.47,3.17,0.7
L3_DAY_TYPE_TIME_PERIOD,01F0147N_01F0099N,Weekday,凌晨,179,208,29,0.16201117318435754,穩定,2.98,3.47,0.48
L3_DAY_TYPE_TIME_PERIOD,01F0147N_01F0099N,Weekday,夜間,197,444,247,1.2538071065989849,高風險,3.28,7.4,4.12
L3_DAY_TYPE_TIME_PERIOD,01F0147N_01F0099N,Weekday,日間,212,349,137,0.6462264150943396,不穩定,3.53,5.82,2.28
L3_DAY_TYPE_TIME_PERIOD,01F0147N_01F0099N,Weekday,早尖峰,190,214,24,0.12631578947368421,穩定,3.17,3.57,0.4
L3_DAY_TYPE_TIME_PERIOD,01F0147N_01F0099N,Weekday,晚尖峰,295,604,309,1.047457627118644,高風險,4.92,10.07,5.15
L3_DAY_TYPE_TIME_PERIOD,01F0147N_01F0099N,Weekend,凌晨,177,201,24,0.13559322033898305,穩定,2.95,3.35,0.4
L3_DAY_TYPE_TIME_PERIOD,01F0147N_01F0099N,Weekend,夜間,192,214,22,0.11458333333333333,穩定,3.2,3.57,0.37
L3_DAY_TYPE_TIME_PERIOD,01F0147N_01F0099N,Weekend,日間,243,604,361,1.48559670781893,高風險,4.05,10.07,6.02
L3_DAY_TYPE_TIME_PERIOD,01F0147N_01F0099N,Weekend,早尖峰,187,241,54,0.2887700534759358,普通,3.12,4.02,0.9
L3_DAY_TYPE_TIME_PERIOD,01F0147N_01F0099N,Weekend,晚尖峰,206,392,186,0.9029126213592233,不穩定,3.43,6.53,3.1
L3_DAY_TYPE_TIME_PERIOD,01F0147N_03F0054N,Weekday,凌晨,348,415,67,0.1925287356321839,穩定,5.8,6.92,1.12
L3_DAY_TYPE_TIME_PERIOD,01F0147N_03F0054N,Weekday,夜間,361,520,159,0.4404432132963989,普通,6.02,8.67,2.65
L3_DAY_TYPE_TIME_PERIOD,01F0147N_03F0054N,Weekday,日間,376,428,52,0.13829787234042554,穩定,6.27,7.13,0.87
L3_DAY_TYPE_TIME_PERIOD,01F0147N_03F0054N,Weekday,早尖峰,354,405,51,0.1440677966101695,穩定,5.9,6.75,0.85
L3_DAY_TYPE_TIME_PERIOD,01F0147N_03F0054N,Weekday,晚尖峰,397,574,177,0.44584382871536526,普通,6.62,9.57,2.95
L3_DAY_TYPE_TIME_PERIOD,01F0147N_03F0054N,Weekend,凌晨,343,391,48,0.13994169096209913,穩定,5.72,6.52,0.8
L3_DAY_TYPE_TIME_PERIOD,01F0147N_03F0054N,Weekend,夜間,353,387,34,0.09631728045325778,穩定,5.88,6.45,0.57
L3_DAY_TYPE_TIME_PERIOD,01F0147N_03F0054N,Weekend,日間,375,526,151,0.4026666666666667,普通,6.25,8.77,2.52
L3_DAY_TYPE_TIME_PERIOD,01F0147N_03F0054N,Weekend,早尖峰,353,401,48,0.1359773371104816,穩定,5.88,6.68,0.8
L3_DAY_TYPE_TIME_PERIOD,01F0147N_03F0054N,Weekend,晚尖峰,361,454,93,0.25761772853185594,普通,6.02,7.57,1.55
L3_DAY_TYPE_TIME_PERIOD,01F0147N_03F0116S,Weekday,凌晨,155,937,782,5.04516129032258,高風險,2.58,15.62,13.03
L3_DAY_TYPE_TIME_PERIOD,01F0147N_03F0116S,Weekday,夜間,168,309,141,0.8392857142857143,不穩定,2.8,5.15,2.35
L3_DAY_TYPE_TIME_PERIOD,01F0147N_03F0116S,Weekday,日間,180,242,62,0.34444444444444444,普通,3.0,4.03,1.03
L3_DAY_TYPE_TIME_PERIOD,01F0147N_03F0116S,Weekday,早尖峰,167,252,85,0.5089820359281437,不穩定,2.78,4.2,1.42
L3_DAY_TYPE_TIME_PERIOD,01F0147N_03F0116S,Weekday,晚尖峰,205,414,209,1.0195121951219512,高風險,3.42,6.9,3.48
L3_DAY_TYPE_TIME_PERIOD,01F0147N_03F0116S,Weekend,凌晨,154,193,39,0.2532467532467532,普通,2.57,3.22,0.65
L3_DAY_TYPE_TIME_PERIOD,01F0147N_03F0116S,Weekend,夜間,165,182,17,0.10303030303030303,穩定,2.75,3.03,0.28
L3_DAY_TYPE_TIME_PERIOD,01F0147N_03F0116S,Weekend,日間,178,621,443,2.4887640449438204,高風險,2.97,10.35,7.38
L3_DAY_TYPE_TIME_PERIOD,01F0147N_03F0116S,Weekend,早尖峰,162,649,487,3.006172839506173,高風險,2.7,10.82,8.12
L3_DAY_TYPE_TIME_PERIOD,01F0147N_03F0116S,Weekend,晚尖峰,173,271,98,0.5664739884393064,不穩定,2.88,4.52,1.63
L3_DAY_TYPE_TIME_PERIOD,01F0147S_01F0153S,Weekday,凌晨,27,32,5,0.18518518518518517,穩定,0.45,0.53,0.08
L3_DAY_TYPE_TIME_PERIOD,01F0147S_01F0153S,Weekday,夜間,29,33,4,0.13793103448275862,穩定,0.48,0.55,0.07
L3_DAY_TYPE_TIME_PERIOD,01F0147S_01F0153S,Weekday,日間,32,96,64,2.0,高風險,0.53,1.6,1.07
L3_DAY_TYPE_TIME_PERIOD,01F0147S_01F0153S,Weekday,早尖峰,49,122,73,1.489795918367347,高風險,0.82,2.03,1.22
L3_DAY_TYPE_TIME_PERIOD,01F0147S_01F0153S,Weekday,晚尖峰,33,218,185,5.606060606060606,高風險,0.55,3.63,3.08
L3_DAY_TYPE_TIME_PERIOD,01F0147S_01F0153S,Weekend,凌晨,27,31,4,0.14814814814814814,穩定,0.45,0.52,0.07
L3_DAY_TYPE_TIME_PERIOD,01F0147S_01F0153S,Weekend,夜間,29,36,7,0.2413793103448276,穩定,0.48,0.6,0.12
L3_DAY_TYPE_TIME_PERIOD,01F0147S_01F0153S,Weekend,日間,30,35,5,0.16666666666666666,穩定,0.5,0.58,0.08
L3_DAY_TYPE_TIME_PERIOD,01F0147S_01F0153S,Weekend,早尖峰,28,33,5,0.17857142857142858,穩定,0.47,0.55,0.08
L3_DAY_TYPE_TIME_PERIOD,01F0147S_01F0153S,Weekend,晚尖峰,33,75,42,1.2727272727272727,高風險,0.55,1.25,0.7
L3_DAY_TYPE_TIME_PERIOD,01F0153N_01F0147N,Weekday,凌晨,27,32,5,0.18518518518518517,穩定,0.45,0.53,0.08
L3_DAY_TYPE_TIME_PERIOD,01F0153N_01F0147N,Weekday,夜間,31,107,76,2.4516129032258065,高風險,0.52,1.78,1.27
L3_DAY_TYPE_TIME_PERIOD,01F0153N_01F0147N,Weekday,日間,35,52,17,0.4857142857142857,普通,0.58,0.87,0.28
L3_DAY_TYPE_TIME_PERIOD,01F0153N_01F0147N,Weekday,早尖峰,31,40,9,0.2903225806451613,普通,0.52,0.67,0.15
L3_DAY_TYPE_TIME_PERIOD,01F0153N_01F0147N,Weekday,晚尖峰,42,118,76,1.8095238095238095,高風險,0.7,1.97,1.27
L3_DAY_TYPE_TIME_PERIOD,01F0153N_01F0147N,Weekend,凌晨,27,30,3,0.1111111111111111,穩定,0.45,0.5,0.05
L3_DAY_TYPE_TIME_PERIOD,01F0153N_01F0147N,Weekend,夜間,30,38,8,0.26666666666666666,普通,0.5,0.63,0.13
L3_DAY_TYPE_TIME_PERIOD,01F0153N_01F0147N,Weekend,日間,33,109,76,2.303030303030303,高風險,0.55,1.82,1.27
L3_DAY_TYPE_TIME_PERIOD,01F0153N_01F0147N,Weekend,早尖峰,29,34,5,0.1724137931034483,穩定,0.48,0.57,0.08
L3_DAY_TYPE_TIME_PERIOD,01F0153N_01F0147N,Weekend,晚尖峰,32,79,47,1.46875,高風險,0.53,1.32,0.78
L3_DAY_TYPE_TIME_PERIOD,01F0153S_01F0182S,Weekday,凌晨,104,121,17,0.16346153846153846,穩定,1.73,2.02,0.28
L3_DAY_TYPE_TIME_PERIOD,01F0153S_01F0182S,Weekday,夜間,111,226,115,1.0360360360360361,高風險,1.85,3.77,1.92
L3_DAY_TYPE_TIME_PERIOD,01F0153S_01F0182S,Weekday,日間,140,419,279,1.9928571428571429,高風險,2.33,6.98,4.65
L3_DAY_TYPE_TIME_PERIOD,01F0153S_01F0182S,Weekday,早尖峰,140,177,37,0.2642857142857143,普通,2.33,2.95,0.62
L3_DAY_TYPE_TIME_PERIOD,01F0153S_01F0182S,Weekday,晚尖峰,211,652,441,2.090047393364929,高風險,3.52,10.87,7.35
L3_DAY_TYPE_TIME_PERIOD,01F0153S_01F0182S,Weekend,凌晨,102,117,15,0.14705882352941177,穩定,1.7,1.95,0.25
L3_DAY_TYPE_TIME_PERIOD,01F0153S_01F0182S,Weekend,夜間,114,191,77,0.6754385964912281,不穩定,1.9,3.18,1.28
L3_DAY_TYPE_TIME_PERIOD,01F0153S_01F0182S,Weekend,日間,119,268,149,1.2521008403361344,高風險,1.98,4.47,2.48
L3_DAY_TYPE_TIME_PERIOD,01F0153S_01F0182S,Weekend,早尖峰,108,123,15,0.1388888888888889,穩定,1.8,2.05,0.25
L3_DAY_TYPE_TIME_PERIOD,01F0153S_01F0182S,Weekend,晚尖峰,133,309,176,1.3233082706766917,高風險,2.22,5.15,2.93
L3_DAY_TYPE_TIME_PERIOD,01F0182S_01F0248S,Weekday,凌晨,246,283,37,0.15040650406504066,穩定,4.1,4.72,0.62
L3_DAY_TYPE_TIME_PERIOD,01F0182S_01F0248S,Weekday,夜間,290,983,693,2.389655172413793,高風險,4.83,16.38,11.55
L3_DAY_TYPE_TIME_PERIOD,01F0182S_01F0248S,Weekday,日間,400,685,285,0.7125,不穩定,6.67,11.42,4.75
L3_DAY_TYPE_TIME_PERIOD,01F0182S_01F0248S,Weekday,早尖峰,318,535,217,0.6823899371069182,不穩定,5.3,8.92,3.62
L3_DAY_TYPE_TIME_PERIOD,01F0182S_01F0248S,Weekday,晚尖峰,814,1034,220,0.2702702702702703,普通,13.57,17.23,3.67
L3_DAY_TYPE_TIME_PERIOD,01F0182S_01F0248S,Weekend,凌晨,243,276,33,0.13580246913580246,穩定,4.05,4.6,0.55
L3_DAY_TYPE_TIME_PERIOD,01F0182S_01F0248S,Weekend,夜間,291,411,120,0.41237113402061853,普通,4.85,6.85,2.0
L3_DAY_TYPE_TIME_PERIOD,01F0182S_01F0248S,Weekend,日間,310,462,152,0.49032258064516127,普通,5.17,7.7,2.53
L3_DAY_TYPE_TIME_PERIOD,01F0182S_01F0248S,Weekend,早尖峰,258,295,37,0.1434108527131783,穩定,4.3,4.92,0.62
L3_DAY_TYPE_TIME_PERIOD,01F0182S_01F0248S,Weekend,晚尖峰,398,817,419,1.0527638190954773,高風險,6.63,13.62,6.98
L3_DAY_TYPE_TIME_PERIOD,01F0213N_01F0153N,Weekday,凌晨,219,254,35,0.1598173515981735,穩定,3.65,4.23,0.58
L3_DAY_TYPE_TIME_PERIOD,01F0213N_01F0153N,Weekday,夜間,250,871,621,2.484,高風險,4.17,14.52,10.35
L3_DAY_TYPE_TIME_PERIOD,01F0213N_01F0153N,Weekday,日間,336,671,335,0.9970238095238095,不穩定,5.6,11.18,5.58
L3_DAY_TYPE_TIME_PERIOD,01F0213N_01F0153N,Weekday,早尖峰,267,531,264,0.9887640449438202,不穩定,4.45,8.85,4.4
L3_DAY_TYPE_TIME_PERIOD,01F0213N_01F0153N,Weekday,晚尖峰,353,1162,809,2.2917847025495752,高風險,5.88,19.37,13.48
L3_DAY_TYPE_TIME_PERIOD,01F0213N_01F0153N,Weekend,凌晨,216,244,28,0.12962962962962962,穩定,3.6,4.07,0.47
L3_DAY_TYPE_TIME_PERIOD,01F0213N_01F0153N,Weekend,夜間,249,285,36,0.14457831325301204,穩定,4.15,4.75,0.6
L3_DAY_TYPE_TIME_PERIOD,01F0213N_01F0153N,Weekend,日間,268,760,492,1.835820895522388,高風險,4.47,12.67,8.2
L3_DAY_TYPE_TIME_PERIOD,01F0213N_01F0153N,Weekend,早尖峰,231,263,32,0.13852813852813853,穩定,3.85,4.38,0.53
L3_DAY_TYPE_TIME_PERIOD,01F0213N_01F0153N,Weekend,晚尖峰,261,489,228,0.8735632183908046,不穩定,4.35,8.15,3.8
L3_DAY_TYPE_TIME_PERIOD,01F0233N_01F0213N,Weekday,凌晨,76,87,11,0.14473684210526316,穩定,1.27,1.45,0.18
L3_DAY_TYPE_TIME_PERIOD,01F0233N_01F0213N,Weekday,夜間,83,94,11,0.13253012048192772,穩定,1.38,1.57,0.18
L3_DAY_TYPE_TIME_PERIOD,01F0233N_01F0213N,Weekday,日間,104,248,144,1.3846153846153846,高風險,1.73,4.13,2.4
L3_DAY_TYPE_TIME_PERIOD,01F0233N_01F0213N,Weekday,早尖峰,92,119,27,0.29347826086956524,普通,1.53,1.98,0.45
L3_DAY_TYPE_TIME_PERIOD,01F0233N_01F0213N,Weekday,晚尖峰,90,103,13,0.14444444444444443,穩定,1.5,1.72,0.22
L3_DAY_TYPE_TIME_PERIOD,01F0233N_01F0213N,Weekend,凌晨,74,85,11,0.14864864864864866,穩定,1.23,1.42,0.18
L3_DAY_TYPE_TIME_PERIOD,01F0233N_01F0213N,Weekend,夜間,83,92,9,0.10843373493975904,穩定,1.38,1.53,0.15
L3_DAY_TYPE_TIME_PERIOD,01F0233N_01F0213N,Weekend,日間,89,187,98,1.101123595505618,高風險,1.48,3.12,1.63
L3_DAY_TYPE_TIME_PERIOD,01F0233N_01F0213N,Weekend,早尖峰,80,91,11,0.1375,穩定,1.33,1.52,0.18
L3_DAY_TYPE_TIME_PERIOD,01F0233N_01F0213N,Weekend,晚尖峰,86,96,10,0.11627906976744186,穩定,1.43,1.6,0.17
L3_DAY_TYPE_TIME_PERIOD,01F0248S_01F0264S,Weekday,凌晨,57,64,7,0.12280701754385964,穩定,0.95,1.07,0.12
L3_DAY_TYPE_TIME_PERIOD,01F0248S_01F0264S,Weekday,夜間,64,72,8,0.125,穩定,1.07,1.2,0.13
L3_DAY_TYPE_TIME_PERIOD,01F0248S_01F0264S,Weekday,日間,67,73,6,0.08955223880597014,穩定,1.12,1.22,0.1
L3_DAY_TYPE_TIME_PERIOD,01F0248S_01F0264S,Weekday,早尖峰,61,67,6,0.09836065573770492,穩定,1.02,1.12,0.1
L3_DAY_TYPE_TIME_PERIOD,01F0248S_01F0264S,Weekday,晚尖峰,71,82,11,0.15492957746478872,穩定,1.18,1.37,0.18
L3_DAY_TYPE_TIME_PERIOD,01F0248S_01F0264S,Weekend,凌晨,57,63,6,0.10526315789473684,穩定,0.95,1.05,0.1
L3_DAY_TYPE_TIME_PERIOD,01F0248S_01F0264S,Weekend,夜間,64,70,6,0.09375,穩定,1.07,1.17,0.1
L3_DAY_TYPE_TIME_PERIOD,01F0248S_01F0264S,Weekend,日間,63,69,6,0.09523809523809523,穩定,1.05,1.15,0.1
L3_DAY_TYPE_TIME_PERIOD,01F0248S_01F0264S,Weekend,早尖峰,58,64,6,0.10344827586206896,穩定,0.97,1.07,0.1
L3_DAY_TYPE_TIME_PERIOD,01F0248S_01F0264S,Weekend,晚尖峰,68,75,7,0.10294117647058823,穩定,1.13,1.25,0.12
L3_DAY_TYPE_TIME_PERIOD,01F0256N_01F0233N,Weekday,凌晨,87,98,11,0.12643678160919541,穩定,1.45,1.63,0.18
L3_DAY_TYPE_TIME_PERIOD,01F0256N_01F0233N,Weekday,夜間,97,122,25,0.25773195876288657,普通,1.62,2.03,0.42
L3_DAY_TYPE_TIME_PERIOD,01F0256N_01F0233N,Weekday,日間,171,297,126,0.7368421052631579,不穩定,2.85,4.95,2.1
L3_DAY_TYPE_TIME_PERIOD,01F0256N_01F0233N,Weekday,早尖峰,194,274,80,0.41237113402061853,普通,3.23,4.57,1.33
L3_DAY_TYPE_TIME_PERIOD,01F0256N_01F0233N,Weekday,晚尖峰,126,204,78,0.6190476190476191,不穩定,2.1,3.4,1.3
L3_DAY_TYPE_TIME_PERIOD,01F0256N_01F0233N,Weekend,凌晨,86,95,9,0.10465116279069768,穩定,1.43,1.58,0.15
L3_DAY_TYPE_TIME_PERIOD,01F0256N_01F0233N,Weekend,夜間,99,110,11,0.1111111111111111,穩定,1.65,1.83,0.18
L3_DAY_TYPE_TIME_PERIOD,01F0256N_01F0233N,Weekend,日間,119,214,95,0.7983193277310925,不穩定,1.98,3.57,1.58
L3_DAY_TYPE_TIME_PERIOD,01F0256N_01F0233N,Weekend,早尖峰,95,129,34,0.35789473684210527,普通,1.58,2.15,0.57
L3_DAY_TYPE_TIME_PERIOD,01F0256N_01F0233N,Weekend,晚尖峰,116,191,75,0.646551724137931,不穩定,1.93,3.18,1.25
L3_DAY_TYPE_TIME_PERIOD,01F0264S_01F0293S,Weekday,凌晨,102,118,16,0.1568627450980392,穩定,1.7,1.97,0.27
L3_DAY_TYPE_TIME_PERIOD,01F0264S_01F0293S,Weekday,夜間,110,124,14,0.12727272727272726,穩定,1.83,2.07,0.23
L3_DAY_TYPE_TIME_PERIOD,01F0264S_01F0293S,Weekday,日間,115,129,14,0.12173913043478261,穩定,1.92,2.15,0.23
L3_DAY_TYPE_TIME_PERIOD,01F0264S_01F0293S,Weekday,早尖峰,108,121,13,0.12037037037037036,穩定,1.8,2.02,0.22
L3_DAY_TYPE_TIME_PERIOD,01F0264S_01F0293S,Weekday,晚尖峰,118,220,102,0.864406779661017,不穩定,1.97,3.67,1.7
L3_DAY_TYPE_TIME_PERIOD,01F0264S_01F0293S,Weekend,凌晨,102,114,12,0.11764705882352941,穩定,1.7,1.9,0.2
L3_DAY_TYPE_TIME_PERIOD,01F0264S_01F0293S,Weekend,夜間,111,120,9,0.08108108108108109,穩定,1.85,2.0,0.15
L3_DAY_TYPE_TIME_PERIOD,01F0264S_01F0293S,Weekend,日間,111,122,11,0.0990990990990991,穩定,1.85,2.03,0.18
L3_DAY_TYPE_TIME_PERIOD,01F0264S_01F0293S,Weekend,早尖峰,104,116,12,0.11538461538461539,穩定,1.73,1.93,0.2
L3_DAY_TYPE_TIME_PERIOD,01F0264S_01F0293S,Weekend,晚尖峰,115,181,66,0.5739130434782609,不穩定,1.92,3.02,1.1
L3_DAY_TYPE_TIME_PERIOD,01F0293N_01F0256N,Weekday,凌晨,135,155,20,0.14814814814814814,穩定,2.25,2.58,0.33
L3_DAY_TYPE_TIME_PERIOD,01F0293N_01F0256N,Weekday,夜間,140,167,27,0.19285714285714287,穩定,2.33,2.78,0.45
L3_DAY_TYPE_TIME_PERIOD,01F0293N_01F0256N,Weekday,日間,161,802,641,3.981366459627329,高風險,2.68,13.37,10.68
L3_DAY_TYPE_TIME_PERIOD,01F0293N_01F0256N,Weekday,早尖峰,453,932,479,1.0573951434878588,高風險,7.55,15.53,7.98
L3_DAY_TYPE_TIME_PERIOD,01F0293N_01F0256N,Weekday,晚尖峰,157,323,166,1.0573248407643312,高風險,2.62,5.38,2.77
L3_DAY_TYPE_TIME_PERIOD,01F0293N_01F0256N,Weekend,凌晨,133,152,19,0.14285714285714285,穩定,2.22,2.53,0.32
L3_DAY_TYPE_TIME_PERIOD,01F0293N_01F0256N,Weekend,夜間,142,161,19,0.13380281690140844,穩定,2.37,2.68,0.32
L3_DAY_TYPE_TIME_PERIOD,01F0293N_01F0256N,Weekend,日間,149,429,280,1.8791946308724832,高風險,2.48,7.15,4.67
L3_DAY_TYPE_TIME_PERIOD,01F0293N_01F0256N,Weekend,早尖峰,139,157,18,0.12949640287769784,穩定,2.32,2.62,0.3
L3_DAY_TYPE_TIME_PERIOD,01F0293N_01F0256N,Weekend,晚尖峰,151,206,55,0.36423841059602646,普通,2.52,3.43,0.92
L3_DAY_TYPE_TIME_PERIOD,01F0293S_01F0339S,Weekday,凌晨,162,187,25,0.15432098765432098,穩定,2.7,3.12,0.42
L3_DAY_TYPE_TIME_PERIOD,01F0293S_01F0339S,Weekday,夜間,178,353,175,0.9831460674157303,不穩定,2.97,5.88,2.92
L3_DAY_TYPE_TIME_PERIOD,01F0293S_01F0339S,Weekday,日間,186,306,120,0.6451612903225806,不穩定,3.1,5.1,2.0
L3_DAY_TYPE_TIME_PERIOD,01F0293S_01F0339S,Weekday,早尖峰,177,225,48,0.2711864406779661,普通,2.95,3.75,0.8
L3_DAY_TYPE_TIME_PERIOD,01F0293S_01F0339S,Weekday,晚尖峰,206,477,271,1.3155339805825244,高風險,3.43,7.95,4.52
L3_DAY_TYPE_TIME_PERIOD,01F0293S_01F0339S,Weekend,凌晨,162,180,18,0.1111111111111111,穩定,2.7,3.0,0.3
L3_DAY_TYPE_TIME_PERIOD,01F0293S_01F0339S,Weekend,夜間,180,320,140,0.7777777777777778,不穩定,3.0,5.33,2.33
L3_DAY_TYPE_TIME_PERIOD,01F0293S_01F0339S,Weekend,日間,180,375,195,1.0833333333333333,高風險,3.0,6.25,3.25
L3_DAY_TYPE_TIME_PERIOD,01F0293S_01F0339S,Weekend,早尖峰,166,184,18,0.10843373493975904,穩定,2.77,3.07,0.3
L3_DAY_TYPE_TIME_PERIOD,01F0293S_01F0339S,Weekend,晚尖峰,222,603,381,1.7162162162162162,高風險,3.7,10.05,6.35
L3_DAY_TYPE_TIME_PERIOD,01F0339S_01F0376S,Weekday,凌晨,134,160,26,0.19402985074626866,穩定,2.23,2.67,0.43
L3_DAY_TYPE_TIME_PERIOD,01F0339S_01F0376S,Weekday,夜間,154,268,114,0.7402597402597403,不穩定,2.57,4.47,1.9
L3_DAY_TYPE_TIME_PERIOD,01F0339S_01F0376S,Weekday,日間,166,237,71,0.42771084337349397,普通,2.77,3.95,1.18
L3_DAY_TYPE_TIME_PERIOD,01F0339S_01F0376S,Weekday,早尖峰,155,298,143,0.9225806451612903,不穩定,2.58,4.97,2.38
L3_DAY_TYPE_TIME_PERIOD,01F0339S_01F0376S,Weekday,晚尖峰,181,303,122,0.6740331491712708,不穩定,3.02,5.05,2.03
L3_DAY_TYPE_TIME_PERIOD,01F0339S_01F0376S,Weekend,凌晨,133,154,21,0.15789473684210525,穩定,2.22,2.57,0.35
L3_DAY_TYPE_TIME_PERIOD,01F0339S_01F0376S,Weekend,夜間,157,205,48,0.3057324840764331,普通,2.62,3.42,0.8
L3_DAY_TYPE_TIME_PERIOD,01F0339S_01F0376S,Weekend,日間,157,201,44,0.2802547770700637,普通,2.62,3.35,0.73
L3_DAY_TYPE_TIME_PERIOD,01F0339S_01F0376S,Weekend,早尖峰,139,162,23,0.16546762589928057,穩定,2.32,2.7,0.38
L3_DAY_TYPE_TIME_PERIOD,01F0339S_01F0376S,Weekend,晚尖峰,186,221,35,0.1881720430107527,穩定,3.1,3.68,0.58
L3_DAY_TYPE_TIME_PERIOD,01F0339S_01H0447S,Weekday,凌晨,389,423,34,0.08740359897172237,穩定,6.48,7.05,0.57
L3_DAY_TYPE_TIME_PERIOD,01F0339S_01H0447S,Weekday,夜間,421,496,75,0.17814726840855108,穩定,7.02,8.27,1.25
L3_DAY_TYPE_TIME_PERIOD,01F0339S_01H0447S,Weekday,日間,439,509,70,0.15945330296127563,穩定,7.32,8.48,1.17
L3_DAY_TYPE_TIME_PERIOD,01F0339S_01H0447S,Weekday,早尖峰,438,523,85,0.19406392694063926,穩定,7.3,8.72,1.42
L3_DAY_TYPE_TIME_PERIOD,01F0339S_01H0447S,Weekday,晚尖峰,446,501,55,0.12331838565022421,穩定,7.43,8.35,0.92
L3_DAY_TYPE_TIME_PERIOD,01F0339S_01H0447S,Weekend,凌晨,391,425,34,0.08695652173913043,穩定,6.52,7.08,0.57
L3_DAY_TYPE_TIME_PERIOD,01F0339S_01H0447S,Weekend,夜間,434,505,71,0.16359447004608296,穩定,7.23,8.42,1.18
L3_DAY_TYPE_TIME_PERIOD,01F0339S_01H0447S,Weekend,日間,436,519,83,0.19036697247706422,穩定,7.27,8.65,1.38
L3_DAY_TYPE_TIME_PERIOD,01F0339S_01H0447S,Weekend,早尖峰,413,470,57,0.13801452784503632,穩定,6.88,7.83,0.95
L3_DAY_TYPE_TIME_PERIOD,01F0339S_01H0447S,Weekend,晚尖峰,467,525,58,0.12419700214132762,穩定,7.78,8.75,0.97
L3_DAY_TYPE_TIME_PERIOD,01F0340N_01F0293N,Weekday,凌晨,165,192,27,0.16363636363636364,穩定,2.75,3.2,0.45
L3_DAY_TYPE_TIME_PERIOD,01F0340N_01F0293N,Weekday,夜間,171,195,24,0.14035087719298245,穩定,2.85,3.25,0.4
L3_DAY_TYPE_TIME_PERIOD,01F0340N_01F0293N,Weekday,日間,181,460,279,1.5414364640883977,高風險,3.02,7.67,4.65
L3_DAY_TYPE_TIME_PERIOD,01F0340N_01F0293N,Weekday,早尖峰,186,555,369,1.9838709677419355,高風險,3.1,9.25,6.15
L3_DAY_TYPE_TIME_PERIOD,01F0340N_01F0293N,Weekday,晚尖峰,184,214,30,0.16304347826086957,穩定,3.07,3.57,0.5
L3_DAY_TYPE_TIME_PERIOD,01F0340N_01F0293N,Weekend,凌晨,164,184,20,0.12195121951219512,穩定,2.73,3.07,0.33
L3_DAY_TYPE_TIME_PERIOD,01F0340N_01F0293N,Weekend,夜間,175,191,16,0.09142857142857143,穩定,2.92,3.18,0.27
L3_DAY_TYPE_TIME_PERIOD,01F0340N_01F0293N,Weekend,日間,177,202,25,0.14124293785310735,穩定,2.95,3.37,0.42
L3_DAY_TYPE_TIME_PERIOD,01F0340N_01F0293N,Weekend,早尖峰,167,186,19,0.11377245508982035,穩定,2.78,3.1,0.32
L3_DAY_TYPE_TIME_PERIOD,01F0340N_01F0293N,Weekend,晚尖峰,181,202,21,0.11602209944751381,穩定,3.02,3.37,0.35
L3_DAY_TYPE_TIME_PERIOD,01F0340N_01H0271N,Weekday,凌晨,240,265,25,0.10416666666666667,穩定,4.0,4.42,0.42
L3_DAY_TYPE_TIME_PERIOD,01F0340N_01H0271N,Weekday,夜間,250,359,109,0.436,普通,4.17,5.98,1.82
L3_DAY_TYPE_TIME_PERIOD,01F0340N_01H0271N,Weekday,日間,276,798,522,1.891304347826087,高風險,4.6,13.3,8.7
L3_DAY_TYPE_TIME_PERIOD,01F0340N_01H0271N,Weekday,早尖峰,453,903,450,0.9933774834437086,不穩定,7.55,15.05,7.5
L3_DAY_TYPE_TIME_PERIOD,01F0340N_01H0271N,Weekday,晚尖峰,299,522,223,0.745819397993311,不穩定,4.98,8.7,3.72
L3_DAY_TYPE_TIME_PERIOD,01F0340N_01H0271N,Weekend,凌晨,240,259,19,0.07916666666666666,穩定,4.0,4.32,0.32
L3_DAY_TYPE_TIME_PERIOD,01F0340N_01H0271N,Weekend,夜間,256,284,28,0.109375,穩定,4.27,4.73,0.47
L3_DAY_TYPE_TIME_PERIOD,01F0340N_01H0271N,Weekend,日間,267,526,259,0.9700374531835206,不穩定,4.45,8.77,4.32
L3_DAY_TYPE_TIME_PERIOD,01F0340N_01H0271N,Weekend,早尖峰,249,269,20,0.08032128514056225,穩定,4.15,4.48,0.33
L3_DAY_TYPE_TIME_PERIOD,01F0340N_01H0271N,Weekend,晚尖峰,271,399,128,0.47232472324723246,普通,4.52,6.65,2.13
L3_DAY_TYPE_TIME_PERIOD,01F0376N_01F0340N,Weekday,凌晨,135,152,17,0.1259259259259259,穩定,2.25,2.53,0.28
L3_DAY_TYPE_TIME_PERIOD,01F0376N_01F0340N,Weekday,夜間,149,428,279,1.8724832214765101,高風險,2.48,7.13,4.65
L3_DAY_TYPE_TIME_PERIOD,01F0376N_01F0340N,Weekday,日間,174,432,258,1.4827586206896552,高風險,2.9,7.2,4.3
L3_DAY_TYPE_TIME_PERIOD,01F0376N_01F0340N,Weekday,早尖峰,176,440,264,1.5,高風險,2.93,7.33,4.4
L3_DAY_TYPE_TIME_PERIOD,01F0376N_01F0340N,Weekday,晚尖峰,402,526,124,0.30845771144278605,普通,6.7,8.77,2.07
L3_DAY_TYPE_TIME_PERIOD,01F0376N_01F0340N,Weekend,凌晨,134,148,14,0.1044776119402985,穩定,2.23,2.47,0.23
L3_DAY_TYPE_TIME_PERIOD,01F0376N_01F0340N,Weekend,夜間,155,268,113,0.7290322580645161,不穩定,2.58,4.47,1.88
L3_DAY_TYPE_TIME_PERIOD,01F0376N_01F0340N,Weekend,日間,159,352,193,1.2138364779874213,高風險,2.65,5.87,3.22
L3_DAY_TYPE_TIME_PERIOD,01F0376N_01F0340N,Weekend,早尖峰,141,158,17,0.12056737588652482,穩定,2.35,2.63,0.28
L3_DAY_TYPE_TIME_PERIOD,01F0376N_01F0340N,Weekend,晚尖峰,219,478,259,1.182648401826484,高風險,3.65,7.97,4.32
L3_DAY_TYPE_TIME_PERIOD,01F0376S_01F0413S,Weekday,凌晨,138,195,57,0.41304347826086957,普通,2.3,3.25,0.95
L3_DAY_TYPE_TIME_PERIOD,01F0376S_01F0413S,Weekday,夜間,154,315,161,1.0454545454545454,高風險,2.57,5.25,2.68
L3_DAY_TYPE_TIME_PERIOD,01F0376S_01F0413S,Weekday,日間,168,298,130,0.7738095238095238,不穩定,2.8,4.97,2.17
L3_DAY_TYPE_TIME_PERIOD,01F0376S_01F0413S,Weekday,早尖峰,191,461,270,1.4136125654450262,高風險,3.18,7.68,4.5
L3_DAY_TYPE_TIME_PERIOD,01F0376S_01F0413S,Weekday,晚尖峰,188,341,153,0.8138297872340425,不穩定,3.13,5.68,2.55
L3_DAY_TYPE_TIME_PERIOD,01F0376S_01F0413S,Weekend,凌晨,136,171,35,0.25735294117647056,普通,2.27,2.85,0.58
L3_DAY_TYPE_TIME_PERIOD,01F0376S_01F0413S,Weekend,夜間,152,174,22,0.14473684210526316,穩定,2.53,2.9,0.37
L3_DAY_TYPE_TIME_PERIOD,01F0376S_01F0413S,Weekend,日間,149,175,26,0.174496644295302,穩定,2.48,2.92,0.43
L3_DAY_TYPE_TIME_PERIOD,01F0376S_01F0413S,Weekend,早尖峰,139,170,31,0.22302158273381295,穩定,2.32,2.83,0.52
L3_DAY_TYPE_TIME_PERIOD,01F0376S_01F0413S,Weekend,晚尖峰,158,190,32,0.20253164556962025,穩定,2.63,3.17,0.53
L3_DAY_TYPE_TIME_PERIOD,01F0413N_01F0376N,Weekday,凌晨,133,151,18,0.13533834586466165,穩定,2.22,2.52,0.3
L3_DAY_TYPE_TIME_PERIOD,01F0413N_01F0376N,Weekday,夜間,138,342,204,1.4782608695652173,高風險,2.3,5.7,3.4
L3_DAY_TYPE_TIME_PERIOD,01F0413N_01F0376N,Weekday,日間,148,425,277,1.8716216216216217,高風險,2.47,7.08,4.62
L3_DAY_TYPE_TIME_PERIOD,01F0413N_01F0376N,Weekday,早尖峰,226,456,230,1.0176991150442478,高風險,3.77,7.6,3.83
L3_DAY_TYPE_TIME_PERIOD,01F0413N_01F0376N,Weekday,晚尖峰,402,732,330,0.8208955223880597,不穩定,6.7,12.2,5.5
L3_DAY_TYPE_TIME_PERIOD,01F0413N_01F0376N,Weekend,凌晨,131,145,14,0.10687022900763359,穩定,2.18,2.42,0.23
L3_DAY_TYPE_TIME_PERIOD,01F0413N_01F0376N,Weekend,夜間,142,161,19,0.13380281690140844,穩定,2.37,2.68,0.32
L3_DAY_TYPE_TIME_PERIOD,01F0413N_01F0376N,Weekend,日間,142,329,187,1.3169014084507042,高風險,2.37,5.48,3.12
L3_DAY_TYPE_TIME_PERIOD,01F0413N_01F0376N,Weekend,早尖峰,134,149,15,0.11194029850746269,穩定,2.23,2.48,0.25
L3_DAY_TYPE_TIME_PERIOD,01F0413N_01F0376N,Weekend,晚尖峰,149,538,389,2.610738255033557,高風險,2.48,8.97,6.48
L3_DAY_TYPE_TIME_PERIOD,01F0413S_01F0467S,Weekday,凌晨,189,217,28,0.14814814814814814,穩定,3.15,3.62,0.47
L3_DAY_TYPE_TIME_PERIOD,01F0413S_01F0467S,Weekday,夜間,200,229,29,0.145,穩定,3.33,3.82,0.48
L3_DAY_TYPE_TIME_PERIOD,01F0413S_01F0467S,Weekday,日間,210,244,34,0.1619047619047619,穩定,3.5,4.07,0.57
L3_DAY_TYPE_TIME_PERIOD,01F0413S_01F0467S,Weekday,早尖峰,200,225,25,0.125,穩定,3.33,3.75,0.42
L3_DAY_TYPE_TIME_PERIOD,01F0413S_01F0467S,Weekday,晚尖峰,217,279,62,0.2857142857142857,普通,3.62,4.65,1.03
L3_DAY_TYPE_TIME_PERIOD,01F0413S_01F0467S,Weekend,凌晨,187,211,24,0.12834224598930483,穩定,3.12,3.52,0.4
L3_DAY_TYPE_TIME_PERIOD,01F0413S_01F0467S,Weekend,夜間,200,215,15,0.075,穩定,3.33,3.58,0.25
L3_DAY_TYPE_TIME_PERIOD,01F0413S_01F0467S,Weekend,日間,198,218,20,0.10101010101010101,穩定,3.3,3.63,0.33
L3_DAY_TYPE_TIME_PERIOD,01F0413S_01F0467S,Weekend,早尖峰,189,210,21,0.1111111111111111,穩定,3.15,3.5,0.35
L3_DAY_TYPE_TIME_PERIOD,01F0413S_01F0467S,Weekend,晚尖峰,205,229,24,0.11707317073170732,穩定,3.42,3.82,0.4
L3_DAY_TYPE_TIME_PERIOD,01F0467N_01F0413N,Weekday,凌晨,201,263,62,0.30845771144278605,普通,3.35,4.38,1.03
L3_DAY_TYPE_TIME_PERIOD,01F0467N_01F0413N,Weekday,夜間,206,256,50,0.24271844660194175,穩定,3.43,4.27,0.83
L3_DAY_TYPE_TIME_PERIOD,01F0467N_01F0413N,Weekday,日間,249,528,279,1.1204819277108433,高風險,4.15,8.8,4.65
L3_DAY_TYPE_TIME_PERIOD,01F0467N_01F0413N,Weekday,早尖峰,415,618,203,0.4891566265060241,普通,6.92,10.3,3.38
L3_DAY_TYPE_TIME_PERIOD,01F0467N_01F0413N,Weekday,晚尖峰,248,825,577,2.3266129032258065,高風險,4.13,13.75,9.62
L3_DAY_TYPE_TIME_PERIOD,01F0467N_01F0413N,Weekend,凌晨,196,245,49,0.25,普通,3.27,4.08,0.82
L3_DAY_TYPE_TIME_PERIOD,01F0467N_01F0413N,Weekend,夜間,216,276,60,0.2777777777777778,普通,3.6,4.6,1.0
L3_DAY_TYPE_TIME_PERIOD,01F0467N_01F0413N,Weekend,日間,216,268,52,0.24074074074074073,穩定,3.6,4.47,0.87
L3_DAY_TYPE_TIME_PERIOD,01F0467N_01F0413N,Weekend,早尖峰,202,240,38,0.18811881188118812,穩定,3.37,4.0,0.63
L3_DAY_TYPE_TIME_PERIOD,01F0467N_01F0413N,Weekend,晚尖峰,222,299,77,0.34684684684684686,普通,3.7,4.98,1.28
L3_DAY_TYPE_TIME_PERIOD,01F0467S_01F0492S,Weekday,凌晨,89,156,67,0.7528089887640449,不穩定,1.48,2.6,1.12
L3_DAY_TYPE_TIME_PERIOD,01F0467S_01F0492S,Weekday,夜間,92,164,72,0.782608695652174,不穩定,1.53,2.73,1.2
L3_DAY_TYPE_TIME_PERIOD,01F0467S_01F0492S,Weekday,日間,97,176,79,0.8144329896907216,不穩定,1.62,2.93,1.32
L3_DAY_TYPE_TIME_PERIOD,01F0467S_01F0492S,Weekday,早尖峰,91,161,70,0.7692307692307693,不穩定,1.52,2.68,1.17
L3_DAY_TYPE_TIME_PERIOD,01F0467S_01F0492S,Weekday,晚尖峰,98,215,117,1.1938775510204083,高風險,1.63,3.58,1.95
L3_DAY_TYPE_TIME_PERIOD,01F0467S_01F0492S,Weekend,凌晨,88,151,63,0.7159090909090909,不穩定,1.47,2.52,1.05
L3_DAY_TYPE_TIME_PERIOD,01F0467S_01F0492S,Weekend,夜間,92,158,66,0.717391304347826,不穩定,1.53,2.63,1.1
L3_DAY_TYPE_TIME_PERIOD,01F0467S_01F0492S,Weekend,日間,92,160,68,0.7391304347826086,不穩定,1.53,2.67,1.13
L3_DAY_TYPE_TIME_PERIOD,01F0467S_01F0492S,Weekend,早尖峰,89,154,65,0.7303370786516854,不穩定,1.48,2.57,1.08
L3_DAY_TYPE_TIME_PERIOD,01F0467S_01F0492S,Weekend,晚尖峰,94,163,69,0.7340425531914894,不穩定,1.57,2.72,1.15
L3_DAY_TYPE_TIME_PERIOD,01F0492N_01F0467N,Weekday,凌晨,90,103,13,0.14444444444444443,穩定,1.5,1.72,0.22
L3_DAY_TYPE_TIME_PERIOD,01F0492N_01F0467N,Weekday,夜間,92,104,12,0.13043478260869565,穩定,1.53,1.73,0.2
L3_DAY_TYPE_TIME_PERIOD,01F0492N_01F0467N,Weekday,日間,103,237,134,1.3009708737864079,高風險,1.72,3.95,2.23
L3_DAY_TYPE_TIME_PERIOD,01F0492N_01F0467N,Weekday,早尖峰,142,413,271,1.908450704225352,高風險,2.37,6.88,4.52
L3_DAY_TYPE_TIME_PERIOD,01F0492N_01F0467N,Weekday,晚尖峰,100,130,30,0.3,普通,1.67,2.17,0.5
L3_DAY_TYPE_TIME_PERIOD,01F0492N_01F0467N,Weekend,凌晨,88,100,12,0.13636363636363635,穩定,1.47,1.67,0.2
L3_DAY_TYPE_TIME_PERIOD,01F0492N_01F0467N,Weekend,夜間,96,114,18,0.1875,穩定,1.6,1.9,0.3
L3_DAY_TYPE_TIME_PERIOD,01F0492N_01F0467N,Weekend,日間,96,110,14,0.14583333333333334,穩定,1.6,1.83,0.23
L3_DAY_TYPE_TIME_PERIOD,01F0492N_01F0467N,Weekend,早尖峰,91,102,11,0.12087912087912088,穩定,1.52,1.7,0.18
L3_DAY_TYPE_TIME_PERIOD,01F0492N_01F0467N,Weekend,晚尖峰,99,116,17,0.1717171717171717,穩定,1.65,1.93,0.28
L3_DAY_TYPE_TIME_PERIOD,01F0492S_01F0511S,Weekday,凌晨,67,76,9,0.13432835820895522,穩定,1.12,1.27,0.15
L3_DAY_TYPE_TIME_PERIOD,01F0492S_01F0511S,Weekday,夜間,72,94,22,0.3055555555555556,普通,1.2,1.57,0.37
L3_DAY_TYPE_TIME_PERIOD,01F0492S_01F0511S,Weekday,日間,78,132,54,0.6923076923076923,不穩定,1.3,2.2,0.9
L3_DAY_TYPE_TIME_PERIOD,01F0492S_01F0511S,Weekday,早尖峰,74,143,69,0.9324324324324325,不穩定,1.23,2.38,1.15
L3_DAY_TYPE_TIME_PERIOD,01F0492S_01F0511S,Weekday,晚尖峰,94,261,167,1.7765957446808511,高風險,1.57,4.35,2.78
L3_DAY_TYPE_TIME_PERIOD,01F0492S_01F0511S,Weekend,凌晨,66,74,8,0.12121212121212122,穩定,1.1,1.23,0.13
L3_DAY_TYPE_TIME_PERIOD,01F0492S_01F0511S,Weekend,夜間,70,76,6,0.08571428571428572,穩定,1.17,1.27,0.1
L3_DAY_TYPE_TIME_PERIOD,01F0492S_01F0511S,Weekend,日間,70,85,15,0.21428571428571427,穩定,1.17,1.42,0.25
L3_DAY_TYPE_TIME_PERIOD,01F0492S_01F0511S,Weekend,早尖峰,67,75,8,0.11940298507462686,穩定,1.12,1.25,0.13
L3_DAY_TYPE_TIME_PERIOD,01F0492S_01F0511S,Weekend,晚尖峰,73,97,24,0.3287671232876712,普通,1.22,1.62,0.4
L3_DAY_TYPE_TIME_PERIOD,01F0511N_01F0492N,Weekday,凌晨,66,159,93,1.4090909090909092,高風險,1.1,2.65,1.55
L3_DAY_TYPE_TIME_PERIOD,01F0511N_01F0492N,Weekday,夜間,67,158,91,1.3582089552238805,高風險,1.12,2.63,1.52
L3_DAY_TYPE_TIME_PERIOD,01F0511N_01F0492N,Weekday,日間,74,180,106,1.4324324324324325,高風險,1.23,3.0,1.77
L3_DAY_TYPE_TIME_PERIOD,01F0511N_01F0492N,Weekday,早尖峰,75,333,258,3.44,高風險,1.25,5.55,4.3
L3_DAY_TYPE_TIME_PERIOD,01F0511N_01F0492N,Weekday,晚尖峰,72,175,103,1.4305555555555556,高風險,1.2,2.92,1.72
L3_DAY_TYPE_TIME_PERIOD,01F0511N_01F0492N,Weekend,凌晨,64,152,88,1.375,高風險,1.07,2.53,1.47
L3_DAY_TYPE_TIME_PERIOD,01F0511N_01F0492N,Weekend,夜間,68,161,93,1.3676470588235294,高風險,1.13,2.68,1.55
L3_DAY_TYPE_TIME_PERIOD,01F0511N_01F0492N,Weekend,日間,69,161,92,1.3333333333333333,高風險,1.15,2.68,1.53
L3_DAY_TYPE_TIME_PERIOD,01F0511N_01F0492N,Weekend,早尖峰,66,156,90,1.3636363636363635,高風險,1.1,2.6,1.5
L3_DAY_TYPE_TIME_PERIOD,01F0511N_01F0492N,Weekend,晚尖峰,71,168,97,1.3661971830985915,高風險,1.18,2.8,1.62
L3_DAY_TYPE_TIME_PERIOD,01F0511S_01F0532S,Weekday,凌晨,77,88,11,0.14285714285714285,穩定,1.28,1.47,0.18
L3_DAY_TYPE_TIME_PERIOD,01F0511S_01F0532S,Weekday,夜間,80,95,15,0.1875,穩定,1.33,1.58,0.25
L3_DAY_TYPE_TIME_PERIOD,01F0511S_01F0532S,Weekday,日間,89,252,163,1.8314606741573034,高風險,1.48,4.2,2.72
L3_DAY_TYPE_TIME_PERIOD,01F0511S_01F0532S,Weekday,早尖峰,94,278,184,1.9574468085106382,高風險,1.57,4.63,3.07
L3_DAY_TYPE_TIME_PERIOD,01F0511S_01F0532S,Weekday,晚尖峰,98,335,237,2.4183673469387754,高風險,1.63,5.58,3.95
L3_DAY_TYPE_TIME_PERIOD,01F0511S_01F0532S,Weekend,凌晨,76,87,11,0.14473684210526316,穩定,1.27,1.45,0.18
L3_DAY_TYPE_TIME_PERIOD,01F0511S_01F0532S,Weekend,夜間,80,86,6,0.075,穩定,1.33,1.43,0.1
L3_DAY_TYPE_TIME_PERIOD,01F0511S_01F0532S,Weekend,日間,80,95,15,0.1875,穩定,1.33,1.58,0.25
L3_DAY_TYPE_TIME_PERIOD,01F0511S_01F0532S,Weekend,早尖峰,78,88,10,0.1282051282051282,穩定,1.3,1.47,0.17
L3_DAY_TYPE_TIME_PERIOD,01F0511S_01F0532S,Weekend,晚尖峰,82,97,15,0.18292682926829268,穩定,1.37,1.62,0.25
L3_DAY_TYPE_TIME_PERIOD,01F0511S_03F0525N,Weekday,凌晨,650,2591,1941,2.986153846153846,高風險,10.83,43.18,32.35
L3_DAY_TYPE_TIME_PERIOD,01F0511S_03F0525N,Weekday,夜間,662,1533,871,1.3157099697885197,高風險,11.03,25.55,14.52
L3_DAY_TYPE_TIME_PERIOD,01F0511S_03F0525N,Weekday,日間,727,1156,429,0.5900962861072903,不穩定,12.12,19.27,7.15
L3_DAY_TYPE_TIME_PERIOD,01F0511S_03F0525N,Weekday,早尖峰,720,996,276,0.38333333333333336,普通,12.0,16.6,4.6
L3_DAY_TYPE_TIME_PERIOD,01F0511S_03F0525N,Weekday,晚尖峰,1000,1915,915,0.915,不穩定,16.67,31.92,15.25
L3_DAY_TYPE_TIME_PERIOD,01F0511S_03F0525N,Weekend,凌晨,633,2349,1716,2.7109004739336493,高風險,10.55,39.15,28.6
L3_DAY_TYPE_TIME_PERIOD,01F0511S_03F0525N,Weekend,夜間,658,1225,567,0.8617021276595744,不穩定,10.97,20.42,9.45
L3_DAY_TYPE_TIME_PERIOD,01F0511S_03F0525N,Weekend,日間,652,916,264,0.4049079754601227,普通,10.87,15.27,4.4
L3_DAY_TYPE_TIME_PERIOD,01F0511S_03F0525N,Weekend,早尖峰,617,1219,602,0.9756888168557536,不穩定,10.28,20.32,10.03
L3_DAY_TYPE_TIME_PERIOD,01F0511S_03F0525N,Weekend,晚尖峰,736,1279,543,0.7377717391304348,不穩定,12.27,21.32,9.05
L3_DAY_TYPE_TIME_PERIOD,01F0511S_03F0559S,Weekday,凌晨,588,1410,822,1.3979591836734695,高風險,9.8,23.5,13.7
L3_DAY_TYPE_TIME_PERIOD,01F0511S_03F0559S,Weekday,夜間,647,1170,523,0.8083462132921174,不穩定,10.78,19.5,8.72
L3_DAY_TYPE_TIME_PERIOD,01F0511S_03F0559S,Weekday,日間,719,962,243,0.3379694019471488,普通,11.98,16.03,4.05
L3_DAY_TYPE_TIME_PERIOD,01F0511S_03F0559S,Weekday,早尖峰,721,990,269,0.37309292649098474,普通,12.02,16.5,4.48
L3_DAY_TYPE_TIME_PERIOD,01F0511S_03F0559S,Weekday,晚尖峰,962,1752,790,0.8212058212058212,不穩定,16.03,29.2,13.17
L3_DAY_TYPE_TIME_PERIOD,01F0511S_03F0559S,Weekend,凌晨,584,1125,541,0.9263698630136986,不穩定,9.73,18.75,9.02
L3_DAY_TYPE_TIME_PERIOD,01F0511S_03F0559S,Weekend,夜間,632,716,84,0.13291139240506328,穩定,10.53,11.93,1.4
L3_DAY_TYPE_TIME_PERIOD,01F0511S_03F0559S,Weekend,日間,652,1324,672,1.030674846625767,高風險,10.87,22.07,11.2
L3_DAY_TYPE_TIME_PERIOD,01F0511S_03F0559S,Weekend,早尖峰,613,846,233,0.3800978792822186,普通,10.22,14.1,3.88
L3_DAY_TYPE_TIME_PERIOD,01F0511S_03F0559S,Weekend,晚尖峰,694,970,276,0.3976945244956772,普通,11.57,16.17,4.6
L3_DAY_TYPE_TIME_PERIOD,01F0532N_01F0511N,Weekday,凌晨,77,88,11,0.14285714285714285,穩定,1.28,1.47,0.18
L3_DAY_TYPE_TIME_PERIOD,01F0532N_01F0511N,Weekday,夜間,79,91,12,0.1518987341772152,穩定,1.32,1.52,0.2
L3_DAY_TYPE_TIME_PERIOD,01F0532N_01F0511N,Weekday,日間,86,103,17,0.19767441860465115,穩定,1.43,1.72,0.28
L3_DAY_TYPE_TIME_PERIOD,01F0532N_01F0511N,Weekday,早尖峰,87,138,51,0.5862068965517241,不穩定,1.45,2.3,0.85
L3_DAY_TYPE_TIME_PERIOD,01F0532N_01F0511N,Weekday,晚尖峰,89,102,13,0.14606741573033707,穩定,1.48,1.7,0.22
L3_DAY_TYPE_TIME_PERIOD,01F0532N_01F0511N,Weekend,凌晨,75,86,11,0.14666666666666667,穩定,1.25,1.43,0.18
L3_DAY_TYPE_TIME_PERIOD,01F0532N_01F0511N,Weekend,夜間,81,89,8,0.09876543209876543,穩定,1.35,1.48,0.13
L3_DAY_TYPE_TIME_PERIOD,01F0532N_01F0511N,Weekend,日間,80,89,9,0.1125,穩定,1.33,1.48,0.15
L3_DAY_TYPE_TIME_PERIOD,01F0532N_01F0511N,Weekend,早尖峰,77,86,9,0.11688311688311688,穩定,1.28,1.43,0.15
L3_DAY_TYPE_TIME_PERIOD,01F0532N_01F0511N,Weekend,晚尖峰,84,96,12,0.14285714285714285,穩定,1.4,1.6,0.2
L3_DAY_TYPE_TIME_PERIOD,01F0532N_03F0525N,Weekday,凌晨,564,1596,1032,1.8297872340425532,高風險,9.4,26.6,17.2
L3_DAY_TYPE_TIME_PERIOD,01F0532N_03F0525N,Weekday,夜間,581,1098,517,0.8898450946643718,不穩定,9.68,18.3,8.62
L3_DAY_TYPE_TIME_PERIOD,01F0532N_03F0525N,Weekday,日間,616,866,250,0.40584415584415584,普通,10.27,14.43,4.17
L3_DAY_TYPE_TIME_PERIOD,01F0532N_03F0525N,Weekday,早尖峰,630,862,232,0.3682539682539683,普通,10.5,14.37,3.87
L3_DAY_TYPE_TIME_PERIOD,01F0532N_03F0525N,Weekday,晚尖峰,805,1674,869,1.0795031055900621,高風險,13.42,27.9,14.48
L3_DAY_TYPE_TIME_PERIOD,01F0532N_03F0525N,Weekend,凌晨,546,1316,770,1.4102564102564104,高風險,9.1,21.93,12.83
L3_DAY_TYPE_TIME_PERIOD,01F0532N_03F0525N,Weekend,夜間,586,761,175,0.2986348122866894,普通,9.77,12.68,2.92
L3_DAY_TYPE_TIME_PERIOD,01F0532N_03F0525N,Weekend,日間,579,735,156,0.2694300518134715,普通,9.65,12.25,2.6
L3_DAY_TYPE_TIME_PERIOD,01F0532N_03F0525N,Weekend,早尖峰,554,636,82,0.148014440433213,穩定,9.23,10.6,1.37
L3_DAY_TYPE_TIME_PERIOD,01F0532N_03F0525N,Weekend,晚尖峰,626,1052,426,0.6805111821086262,不穩定,10.43,17.53,7.1
L3_DAY_TYPE_TIME_PERIOD,01F0532N_03F0559S,Weekday,凌晨,1890,3275,1385,0.7328042328042328,不穩定,31.5,54.58,23.08
L3_DAY_TYPE_TIME_PERIOD,01F0532N_03F0559S,Weekday,夜間,1679,3150,1471,0.8761167361524718,不穩定,27.98,52.5,24.52
L3_DAY_TYPE_TIME_PERIOD,01F0532N_03F0559S,Weekday,日間,1637,3160,1523,0.9303604153940135,不穩定,27.28,52.67,25.38
L3_DAY_TYPE_TIME_PERIOD,01F0532N_03F0559S,Weekday,早尖峰,1140,3152,2012,1.7649122807017543,高風險,19.0,52.53,33.53
L3_DAY_TYPE_TIME_PERIOD,01F0532N_03F0559S,Weekday,晚尖峰,1009,3055,2046,2.0277502477700695,高風險,16.82,50.92,34.1
L3_DAY_TYPE_TIME_PERIOD,01F0532N_03F0559S,Weekend,凌晨,1887,3239,1352,0.7164811870694223,不穩定,31.45,53.98,22.53
L3_DAY_TYPE_TIME_PERIOD,01F0532N_03F0559S,Weekend,夜間,1936,3166,1230,0.6353305785123967,不穩定,32.27,52.77,20.5
L3_DAY_TYPE_TIME_PERIOD,01F0532N_03F0559S,Weekend,日間,1430,3035,1605,1.1223776223776223,高風險,23.83,50.58,26.75
L3_DAY_TYPE_TIME_PERIOD,01F0532N_03F0559S,Weekend,早尖峰,1565,3103,1538,0.9827476038338658,不穩定,26.08,51.72,25.63
L3_DAY_TYPE_TIME_PERIOD,01F0532N_03F0559S,Weekend,晚尖峰,1543,3060,1517,0.983149708360337,不穩定,25.72,51.0,25.28
L3_DAY_TYPE_TIME_PERIOD,01F0532S_01F0557S,Weekday,凌晨,92,103,11,0.11956521739130435,穩定,1.53,1.72,0.18
L3_DAY_TYPE_TIME_PERIOD,01F0532S_01F0557S,Weekday,夜間,98,140,42,0.42857142857142855,普通,1.63,2.33,0.7
L3_DAY_TYPE_TIME_PERIOD,01F0532S_01F0557S,Weekday,日間,117,287,170,1.452991452991453,高風險,1.95,4.78,2.83
L3_DAY_TYPE_TIME_PERIOD,01F0532S_01F0557S,Weekday,早尖峰,177,315,138,0.7796610169491526,不穩定,2.95,5.25,2.3
L3_DAY_TYPE_TIME_PERIOD,01F0532S_01F0557S,Weekday,晚尖峰,164,360,196,1.1951219512195121,高風險,2.73,6.0,3.27
L3_DAY_TYPE_TIME_PERIOD,01F0532S_01F0557S,Weekend,凌晨,90,101,11,0.12222222222222222,穩定,1.5,1.68,0.18
L3_DAY_TYPE_TIME_PERIOD,01F0532S_01F0557S,Weekend,夜間,98,107,9,0.09183673469387756,穩定,1.63,1.78,0.15
L3_DAY_TYPE_TIME_PERIOD,01F0532S_01F0557S,Weekend,日間,99,188,89,0.898989898989899,不穩定,1.65,3.13,1.48
L3_DAY_TYPE_TIME_PERIOD,01F0532S_01F0557S,Weekend,早尖峰,94,110,16,0.1702127659574468,穩定,1.57,1.83,0.27
L3_DAY_TYPE_TIME_PERIOD,01F0532S_01F0557S,Weekend,晚尖峰,103,183,80,0.7766990291262136,不穩定,1.72,3.05,1.33
L3_DAY_TYPE_TIME_PERIOD,01F0557N_01F0532N,Weekday,凌晨,90,101,11,0.12222222222222222,穩定,1.5,1.68,0.18
L3_DAY_TYPE_TIME_PERIOD,01F0557N_01F0532N,Weekday,夜間,93,110,17,0.1827956989247312,穩定,1.55,1.83,0.28
L3_DAY_TYPE_TIME_PERIOD,01F0557N_01F0532N,Weekday,日間,106,165,59,0.5566037735849056,不穩定,1.77,2.75,0.98
L3_DAY_TYPE_TIME_PERIOD,01F0557N_01F0532N,Weekday,早尖峰,106,157,51,0.4811320754716981,普通,1.77,2.62,0.85
L3_DAY_TYPE_TIME_PERIOD,01F0557N_01F0532N,Weekday,晚尖峰,139,218,79,0.5683453237410072,不穩定,2.32,3.63,1.32
L3_DAY_TYPE_TIME_PERIOD,01F0557N_01F0532N,Weekend,凌晨,88,99,11,0.125,穩定,1.47,1.65,0.18
L3_DAY_TYPE_TIME_PERIOD,01F0557N_01F0532N,Weekend,夜間,95,108,13,0.1368421052631579,穩定,1.58,1.8,0.22
L3_DAY_TYPE_TIME_PERIOD,01F0557N_01F0532N,Weekend,日間,96,110,14,0.14583333333333334,穩定,1.6,1.83,0.23
L3_DAY_TYPE_TIME_PERIOD,01F0557N_01F0532N,Weekend,早尖峰,90,101,11,0.12222222222222222,穩定,1.5,1.68,0.18
L3_DAY_TYPE_TIME_PERIOD,01F0557N_01F0532N,Weekend,晚尖峰,102,149,47,0.46078431372549017,普通,1.7,2.48,0.78
L3_DAY_TYPE_TIME_PERIOD,01F0557S_01F0578S,Weekday,凌晨,79,91,12,0.1518987341772152,穩定,1.32,1.52,0.2
L3_DAY_TYPE_TIME_PERIOD,01F0557S_01F0578S,Weekday,夜間,82,257,175,2.1341463414634148,高風險,1.37,4.28,2.92
L3_DAY_TYPE_TIME_PERIOD,01F0557S_01F0578S,Weekday,日間,97,328,231,2.381443298969072,高風險,1.62,5.47,3.85
L3_DAY_TYPE_TIME_PERIOD,01F0557S_01F0578S,Weekday,早尖峰,153,336,183,1.196078431372549,高風險,2.55,5.6,3.05
L3_DAY_TYPE_TIME_PERIOD,01F0557S_01F0578S,Weekday,晚尖峰,164,471,307,1.8719512195121952,高風險,2.73,7.85,5.12
L3_DAY_TYPE_TIME_PERIOD,01F0557S_01F0578S,Weekend,凌晨,77,88,11,0.14285714285714285,穩定,1.28,1.47,0.18
L3_DAY_TYPE_TIME_PERIOD,01F0557S_01F0578S,Weekend,夜間,81,88,7,0.08641975308641975,穩定,1.35,1.47,0.12
L3_DAY_TYPE_TIME_PERIOD,01F0557S_01F0578S,Weekend,日間,83,298,215,2.5903614457831323,高風險,1.38,4.97,3.58
L3_DAY_TYPE_TIME_PERIOD,01F0557S_01F0578S,Weekend,早尖峰,81,103,22,0.2716049382716049,普通,1.35,1.72,0.37
L3_DAY_TYPE_TIME_PERIOD,01F0557S_01F0578S,Weekend,晚尖峰,84,189,105,1.25,高風險,1.4,3.15,1.75
L3_DAY_TYPE_TIME_PERIOD,01F0578S_01F0633S,Weekday,凌晨,201,232,31,0.15422885572139303,穩定,3.35,3.87,0.52
L3_DAY_TYPE_TIME_PERIOD,01F0578S_01F0633S,Weekday,夜間,211,418,207,0.981042654028436,不穩定,3.52,6.97,3.45
L3_DAY_TYPE_TIME_PERIOD,01F0578S_01F0633S,Weekday,日間,266,397,131,0.4924812030075188,普通,4.43,6.62,2.18
L3_DAY_TYPE_TIME_PERIOD,01F0578S_01F0633S,Weekday,早尖峰,262,354,92,0.3511450381679389,普通,4.37,5.9,1.53
L3_DAY_TYPE_TIME_PERIOD,01F0578S_01F0633S,Weekday,晚尖峰,328,488,160,0.4878048780487805,普通,5.47,8.13,2.67
L3_DAY_TYPE_TIME_PERIOD,01F0578S_01F0633S,Weekend,凌晨,196,228,32,0.16326530612244897,穩定,3.27,3.8,0.53
L3_DAY_TYPE_TIME_PERIOD,01F0578S_01F0633S,Weekend,夜間,209,242,33,0.15789473684210525,穩定,3.48,4.03,0.55
L3_DAY_TYPE_TIME_PERIOD,01F0578S_01F0633S,Weekend,日間,216,361,145,0.6712962962962963,不穩定,3.6,6.02,2.42
L3_DAY_TYPE_TIME_PERIOD,01F0578S_01F0633S,Weekend,早尖峰,204,285,81,0.39705882352941174,普通,3.4,4.75,1.35
L3_DAY_TYPE_TIME_PERIOD,01F0578S_01F0633S,Weekend,晚尖峰,226,409,183,0.8097345132743363,不穩定,3.77,6.82,3.05
L3_DAY_TYPE_TIME_PERIOD,01F0578S_01H0610S,Weekday,凌晨,115,127,12,0.10434782608695652,穩定,1.92,2.12,0.2
L3_DAY_TYPE_TIME_PERIOD,01F0578S_01H0610S,Weekday,夜間,128,263,135,1.0546875,高風險,2.13,4.38,2.25
L3_DAY_TYPE_TIME_PERIOD,01F0578S_01H0610S,Weekday,日間,155,244,89,0.5741935483870968,不穩定,2.58,4.07,1.48
L3_DAY_TYPE_TIME_PERIOD,01F0578S_01H0610S,Weekday,早尖峰,169,229,60,0.35502958579881655,普通,2.82,3.82,1.0
L3_DAY_TYPE_TIME_PERIOD,01F0578S_01H0610S,Weekday,晚尖峰,211,333,122,0.5781990521327014,不穩定,3.52,5.55,2.03
L3_DAY_TYPE_TIME_PERIOD,01F0578S_01H0610S,Weekend,凌晨,115,126,11,0.09565217391304348,穩定,1.92,2.1,0.18
L3_DAY_TYPE_TIME_PERIOD,01F0578S_01H0610S,Weekend,夜間,129,144,15,0.11627906976744186,穩定,2.15,2.4,0.25
L3_DAY_TYPE_TIME_PERIOD,01F0578S_01H0610S,Weekend,日間,132,237,105,0.7954545454545454,不穩定,2.2,3.95,1.75
L3_DAY_TYPE_TIME_PERIOD,01F0578S_01H0610S,Weekend,早尖峰,125,160,35,0.28,普通,2.08,2.67,0.58
L3_DAY_TYPE_TIME_PERIOD,01F0578S_01H0610S,Weekend,晚尖峰,140,281,141,1.0071428571428571,高風險,2.33,4.68,2.35
L3_DAY_TYPE_TIME_PERIOD,01F0584N_01F0557N,Weekday,凌晨,100,112,12,0.12,穩定,1.67,1.87,0.2
L3_DAY_TYPE_TIME_PERIOD,01F0584N_01F0557N,Weekday,夜間,101,116,15,0.1485148514851485,穩定,1.68,1.93,0.25
L3_DAY_TYPE_TIME_PERIOD,01F0584N_01F0557N,Weekday,日間,111,160,49,0.44144144144144143,普通,1.85,2.67,0.82
L3_DAY_TYPE_TIME_PERIOD,01F0584N_01F0557N,Weekday,早尖峰,110,150,40,0.36363636363636365,普通,1.83,2.5,0.67
L3_DAY_TYPE_TIME_PERIOD,01F0584N_01F0557N,Weekday,晚尖峰,122,281,159,1.3032786885245902,高風險,2.03,4.68,2.65
L3_DAY_TYPE_TIME_PERIOD,01F0584N_01F0557N,Weekend,凌晨,97,110,13,0.13402061855670103,穩定,1.62,1.83,0.22
L3_DAY_TYPE_TIME_PERIOD,01F0584N_01F0557N,Weekend,夜間,103,116,13,0.1262135922330097,穩定,1.72,1.93,0.22
L3_DAY_TYPE_TIME_PERIOD,01F0584N_01F0557N,Weekend,日間,103,116,13,0.1262135922330097,穩定,1.72,1.93,0.22
L3_DAY_TYPE_TIME_PERIOD,01F0584N_01F0557N,Weekend,早尖峰,98,110,12,0.12244897959183673,穩定,1.63,1.83,0.2
L3_DAY_TYPE_TIME_PERIOD,01F0584N_01F0557N,Weekend,晚尖峰,109,153,44,0.4036697247706422,普通,1.82,2.55,0.73
L3_DAY_TYPE_TIME_PERIOD,01F0616S_01F0633S,Weekday,凌晨,61,70,9,0.14754098360655737,穩定,1.02,1.17,0.15
L3_DAY_TYPE_TIME_PERIOD,01F0616S_01F0633S,Weekday,夜間,64,75,11,0.171875,穩定,1.07,1.25,0.18
L3_DAY_TYPE_TIME_PERIOD,01F0616S_01F0633S,Weekday,日間,74,118,44,0.5945945945945946,不穩定,1.23,1.97,0.73
L3_DAY_TYPE_TIME_PERIOD,01F0616S_01F0633S,Weekday,早尖峰,72,120,48,0.6666666666666666,不穩定,1.2,2.0,0.8
L3_DAY_TYPE_TIME_PERIOD,01F0616S_01F0633S,Weekday,晚尖峰,68,85,17,0.25,普通,1.13,1.42,0.28
L3_DAY_TYPE_TIME_PERIOD,01F0616S_01F0633S,Weekend,凌晨,60,69,9,0.15,穩定,1.0,1.15,0.15
L3_DAY_TYPE_TIME_PERIOD,01F0616S_01F0633S,Weekend,夜間,64,70,6,0.09375,穩定,1.07,1.17,0.1
L3_DAY_TYPE_TIME_PERIOD,01F0616S_01F0633S,Weekend,日間,64,77,13,0.203125,穩定,1.07,1.28,0.22
L3_DAY_TYPE_TIME_PERIOD,01F0616S_01F0633S,Weekend,早尖峰,62,74,12,0.1935483870967742,穩定,1.03,1.23,0.2
L3_DAY_TYPE_TIME_PERIOD,01F0616S_01F0633S,Weekend,晚尖峰,65,72,7,0.1076923076923077,穩定,1.08,1.2,0.12
L3_DAY_TYPE_TIME_PERIOD,01F0633N_01F0584N,Weekday,凌晨,179,204,25,0.13966480446927373,穩定,2.98,3.4,0.42
L3_DAY_TYPE_TIME_PERIOD,01F0633N_01F0584N,Weekday,夜間,182,221,39,0.21428571428571427,穩定,3.03,3.68,0.65
L3_DAY_TYPE_TIME_PERIOD,01F0633N_01F0584N,Weekday,日間,210,345,135,0.6428571428571429,不穩定,3.5,5.75,2.25
L3_DAY_TYPE_TIME_PERIOD,01F0633N_01F0584N,Weekday,早尖峰,236,400,164,0.6949152542372882,不穩定,3.93,6.67,2.73
L3_DAY_TYPE_TIME_PERIOD,01F0633N_01F0584N,Weekday,晚尖峰,272,480,208,0.7647058823529411,不穩定,4.53,8.0,3.47
L3_DAY_TYPE_TIME_PERIOD,01F0633N_01F0584N,Weekend,凌晨,172,201,29,0.1686046511627907,穩定,2.87,3.35,0.48
L3_DAY_TYPE_TIME_PERIOD,01F0633N_01F0584N,Weekend,夜間,185,225,40,0.21621621621621623,穩定,3.08,3.75,0.67
L3_DAY_TYPE_TIME_PERIOD,01F0633N_01F0584N,Weekend,日間,191,309,118,0.6178010471204188,不穩定,3.18,5.15,1.97
L3_DAY_TYPE_TIME_PERIOD,01F0633N_01F0584N,Weekend,早尖峰,177,203,26,0.14689265536723164,穩定,2.95,3.38,0.43
L3_DAY_TYPE_TIME_PERIOD,01F0633N_01F0584N,Weekend,晚尖峰,210,414,204,0.9714285714285714,不穩定,3.5,6.9,3.4
L3_DAY_TYPE_TIME_PERIOD,01F0633N_01F0616N,Weekday,凌晨,61,69,8,0.13114754098360656,穩定,1.02,1.15,0.13
L3_DAY_TYPE_TIME_PERIOD,01F0633N_01F0616N,Weekday,夜間,63,76,13,0.20634920634920634,穩定,1.05,1.27,0.22
L3_DAY_TYPE_TIME_PERIOD,01F0633N_01F0616N,Weekday,日間,70,171,101,1.4428571428571428,高風險,1.17,2.85,1.68
L3_DAY_TYPE_TIME_PERIOD,01F0633N_01F0616N,Weekday,早尖峰,81,259,178,2.197530864197531,高風險,1.35,4.32,2.97
L3_DAY_TYPE_TIME_PERIOD,01F0633N_01F0616N,Weekday,晚尖峰,99,282,183,1.8484848484848484,高風險,1.65,4.7,3.05
L3_DAY_TYPE_TIME_PERIOD,01F0633N_01F0616N,Weekend,凌晨,59,68,9,0.15254237288135594,穩定,0.98,1.13,0.15
L3_DAY_TYPE_TIME_PERIOD,01F0633N_01F0616N,Weekend,夜間,63,71,8,0.12698412698412698,穩定,1.05,1.18,0.13
L3_DAY_TYPE_TIME_PERIOD,01F0633N_01F0616N,Weekend,日間,64,138,74,1.15625,高風險,1.07,2.3,1.23
L3_DAY_TYPE_TIME_PERIOD,01F0633N_01F0616N,Weekend,早尖峰,61,70,9,0.14754098360655737,穩定,1.02,1.17,0.15
L3_DAY_TYPE_TIME_PERIOD,01F0633N_01F0616N,Weekend,晚尖峰,67,216,149,2.2238805970149254,高風險,1.12,3.6,2.48
L3_DAY_TYPE_TIME_PERIOD,01F0633N_01H0579N,Weekday,凌晨,195,222,27,0.13846153846153847,穩定,3.25,3.7,0.45
L3_DAY_TYPE_TIME_PERIOD,01F0633N_01H0579N,Weekday,夜間,208,255,47,0.22596153846153846,穩定,3.47,4.25,0.78
L3_DAY_TYPE_TIME_PERIOD,01F0633N_01H0579N,Weekday,日間,234,382,148,0.6324786324786325,不穩定,3.9,6.37,2.47
L3_DAY_TYPE_TIME_PERIOD,01F0633N_01H0579N,Weekday,早尖峰,284,425,141,0.4964788732394366,普通,4.73,7.08,2.35
L3_DAY_TYPE_TIME_PERIOD,01F0633N_01H0579N,Weekday,晚尖峰,338,531,193,0.5710059171597633,不穩定,5.63,8.85,3.22
L3_DAY_TYPE_TIME_PERIOD,01F0633N_01H0579N,Weekend,凌晨,193,215,22,0.11398963730569948,穩定,3.22,3.58,0.37
L3_DAY_TYPE_TIME_PERIOD,01F0633N_01H0579N,Weekend,夜間,216,275,59,0.27314814814814814,普通,3.6,4.58,0.98
L3_DAY_TYPE_TIME_PERIOD,01F0633N_01H0579N,Weekend,日間,220,363,143,0.65,不穩定,3.67,6.05,2.38
L3_DAY_TYPE_TIME_PERIOD,01F0633N_01H0579N,Weekend,早尖峰,202,223,21,0.10396039603960396,穩定,3.37,3.72,0.35
L3_DAY_TYPE_TIME_PERIOD,01F0633N_01H0579N,Weekend,晚尖峰,251,468,217,0.8645418326693227,不穩定,4.18,7.8,3.62
L3_DAY_TYPE_TIME_PERIOD,01F0633S_01F0664S,Weekday,凌晨,116,134,18,0.15517241379310345,穩定,1.93,2.23,0.3
L3_DAY_TYPE_TIME_PERIOD,01F0633S_01F0664S,Weekday,夜間,118,138,20,0.1694915254237288,穩定,1.97,2.3,0.33
L3_DAY_TYPE_TIME_PERIOD,01F0633S_01F0664S,Weekday,日間,130,156,26,0.2,穩定,2.17,2.6,0.43
L3_DAY_TYPE_TIME_PERIOD,01F0633S_01F0664S,Weekday,早尖峰,130,197,67,0.5153846153846153,不穩定,2.17,3.28,1.12
L3_DAY_TYPE_TIME_PERIOD,01F0633S_01F0664S,Weekday,晚尖峰,126,154,28,0.2222222222222222,穩定,2.1,2.57,0.47
L3_DAY_TYPE_TIME_PERIOD,01F0633S_01F0664S,Weekend,凌晨,112,130,18,0.16071428571428573,穩定,1.87,2.17,0.3
L3_DAY_TYPE_TIME_PERIOD,01F0633S_01F0664S,Weekend,夜間,118,130,12,0.1016949152542373,穩定,1.97,2.17,0.2
L3_DAY_TYPE_TIME_PERIOD,01F0633S_01F0664S,Weekend,日間,119,140,21,0.17647058823529413,穩定,1.98,2.33,0.35
L3_DAY_TYPE_TIME_PERIOD,01F0633S_01F0664S,Weekend,早尖峰,116,137,21,0.1810344827586207,穩定,1.93,2.28,0.35
L3_DAY_TYPE_TIME_PERIOD,01F0633S_01F0664S,Weekend,晚尖峰,120,138,18,0.15,穩定,2.0,2.3,0.3
L3_DAY_TYPE_TIME_PERIOD,01F0664N_01F0633N,Weekday,凌晨,114,127,13,0.11403508771929824,穩定,1.9,2.12,0.22
L3_DAY_TYPE_TIME_PERIOD,01F0664N_01F0633N,Weekday,夜間,115,131,16,0.1391304347826087,穩定,1.92,2.18,0.27
L3_DAY_TYPE_TIME_PERIOD,01F0664N_01F0633N,Weekday,日間,123,166,43,0.34959349593495936,普通,2.05,2.77,0.72
L3_DAY_TYPE_TIME_PERIOD,01F0664N_01F0633N,Weekday,早尖峰,121,195,74,0.6115702479338843,不穩定,2.02,3.25,1.23
L3_DAY_TYPE_TIME_PERIOD,01F0664N_01F0633N,Weekday,晚尖峰,132,354,222,1.6818181818181819,高風險,2.2,5.9,3.7
L3_DAY_TYPE_TIME_PERIOD,01F0664N_01F0633N,Weekend,凌晨,110,125,15,0.13636363636363635,穩定,1.83,2.08,0.25
L3_DAY_TYPE_TIME_PERIOD,01F0664N_01F0633N,Weekend,夜間,116,129,13,0.11206896551724138,穩定,1.93,2.15,0.22
L3_DAY_TYPE_TIME_PERIOD,01F0664N_01F0633N,Weekend,日間,116,143,27,0.23275862068965517,穩定,1.93,2.38,0.45
L3_DAY_TYPE_TIME_PERIOD,01F0664N_01F0633N,Weekend,早尖峰,112,125,13,0.11607142857142858,穩定,1.87,2.08,0.22
L3_DAY_TYPE_TIME_PERIOD,01F0664N_01F0633N,Weekend,晚尖峰,122,259,137,1.1229508196721312,高風險,2.03,4.32,2.28
L3_DAY_TYPE_TIME_PERIOD,01F0664S_01F0681S,Weekday,凌晨,61,70,9,0.14754098360655737,穩定,1.02,1.17,0.15
L3_DAY_TYPE_TIME_PERIOD,01F0664S_01F0681S,Weekday,夜間,63,71,8,0.12698412698412698,穩定,1.05,1.18,0.13
L3_DAY_TYPE_TIME_PERIOD,01F0664S_01F0681S,Weekday,日間,65,74,9,0.13846153846153847,穩定,1.08,1.23,0.15
L3_DAY_TYPE_TIME_PERIOD,01F0664S_01F0681S,Weekday,早尖峰,65,78,13,0.2,穩定,1.08,1.3,0.22
L3_DAY_TYPE_TIME_PERIOD,01F0664S_01F0681S,Weekday,晚尖峰,67,89,22,0.3283582089552239,普通,1.12,1.48,0.37
L3_DAY_TYPE_TIME_PERIOD,01F0664S_01F0681S,Weekend,凌晨,59,68,9,0.15254237288135594,穩定,0.98,1.13,0.15
L3_DAY_TYPE_TIME_PERIOD,01F0664S_01F0681S,Weekend,夜間,62,67,5,0.08064516129032258,穩定,1.03,1.12,0.08
L3_DAY_TYPE_TIME_PERIOD,01F0664S_01F0681S,Weekend,日間,61,68,7,0.11475409836065574,穩定,1.02,1.13,0.12
L3_DAY_TYPE_TIME_PERIOD,01F0664S_01F0681S,Weekend,早尖峰,61,69,8,0.13114754098360656,穩定,1.02,1.15,0.13
L3_DAY_TYPE_TIME_PERIOD,01F0664S_01F0681S,Weekend,晚尖峰,63,69,6,0.09523809523809523,穩定,1.05,1.15,0.1
L3_DAY_TYPE_TIME_PERIOD,01F0681N_01F0664N,Weekday,凌晨,62,70,8,0.12903225806451613,穩定,1.03,1.17,0.13
L3_DAY_TYPE_TIME_PERIOD,01F0681N_01F0664N,Weekday,夜間,63,72,9,0.14285714285714285,穩定,1.05,1.2,0.15
L3_DAY_TYPE_TIME_PERIOD,01F0681N_01F0664N,Weekday,日間,66,76,10,0.15151515151515152,穩定,1.1,1.27,0.17
L3_DAY_TYPE_TIME_PERIOD,01F0681N_01F0664N,Weekday,早尖峰,63,72,9,0.14285714285714285,穩定,1.05,1.2,0.15
L3_DAY_TYPE_TIME_PERIOD,01F0681N_01F0664N,Weekday,晚尖峰,71,163,92,1.295774647887324,高風險,1.18,2.72,1.53
L3_DAY_TYPE_TIME_PERIOD,01F0681N_01F0664N,Weekend,凌晨,60,68,8,0.13333333333333333,穩定,1.0,1.13,0.13
L3_DAY_TYPE_TIME_PERIOD,01F0681N_01F0664N,Weekend,夜間,64,71,7,0.109375,穩定,1.07,1.18,0.12
L3_DAY_TYPE_TIME_PERIOD,01F0681N_01F0664N,Weekend,日間,63,70,7,0.1111111111111111,穩定,1.05,1.17,0.12
L3_DAY_TYPE_TIME_PERIOD,01F0681N_01F0664N,Weekend,早尖峰,60,68,8,0.13333333333333333,穩定,1.0,1.13,0.13
L3_DAY_TYPE_TIME_PERIOD,01F0681N_01F0664N,Weekend,晚尖峰,66,77,11,0.16666666666666666,穩定,1.1,1.28,0.18
L3_DAY_TYPE_TIME_PERIOD,01F0681S_01F0699S,Weekday,凌晨,71,81,10,0.14084507042253522,穩定,1.18,1.35,0.17
L3_DAY_TYPE_TIME_PERIOD,01F0681S_01F0699S,Weekday,夜間,69,79,10,0.14492753623188406,穩定,1.15,1.32,0.17
L3_DAY_TYPE_TIME_PERIOD,01F0681S_01F0699S,Weekday,日間,70,81,11,0.15714285714285714,穩定,1.17,1.35,0.18
L3_DAY_TYPE_TIME_PERIOD,01F0681S_01F0699S,Weekday,早尖峰,70,120,50,0.7142857142857143,不穩定,1.17,2.0,0.83
L3_DAY_TYPE_TIME_PERIOD,01F0681S_01F0699S,Weekday,晚尖峰,69,80,11,0.15942028985507245,穩定,1.15,1.33,0.18
L3_DAY_TYPE_TIME_PERIOD,01F0681S_01F0699S,Weekend,凌晨,68,79,11,0.16176470588235295,穩定,1.13,1.32,0.18
L3_DAY_TYPE_TIME_PERIOD,01F0681S_01F0699S,Weekend,夜間,69,75,6,0.08695652173913043,穩定,1.15,1.25,0.1
L3_DAY_TYPE_TIME_PERIOD,01F0681S_01F0699S,Weekend,日間,68,76,8,0.11764705882352941,穩定,1.13,1.27,0.13
L3_DAY_TYPE_TIME_PERIOD,01F0681S_01F0699S,Weekend,早尖峰,68,83,15,0.22058823529411764,穩定,1.13,1.38,0.25
L3_DAY_TYPE_TIME_PERIOD,01F0681S_01F0699S,Weekend,晚尖峰,68,74,6,0.08823529411764706,穩定,1.13,1.23,0.1
L3_DAY_TYPE_TIME_PERIOD,01F0699N_01F0681N,Weekday,凌晨,70,77,7,0.1,穩定,1.17,1.28,0.12
L3_DAY_TYPE_TIME_PERIOD,01F0699N_01F0681N,Weekday,夜間,68,77,9,0.1323529411764706,穩定,1.13,1.28,0.15
L3_DAY_TYPE_TIME_PERIOD,01F0699N_01F0681N,Weekday,日間,68,77,9,0.1323529411764706,穩定,1.13,1.28,0.15
L3_DAY_TYPE_TIME_PERIOD,01F0699N_01F0681N,Weekday,早尖峰,67,77,10,0.14925373134328357,穩定,1.12,1.28,0.17
L3_DAY_TYPE_TIME_PERIOD,01F0699N_01F0681N,Weekday,晚尖峰,70,129,59,0.8428571428571429,不穩定,1.17,2.15,0.98
L3_DAY_TYPE_TIME_PERIOD,01F0699N_01F0681N,Weekend,凌晨,66,76,10,0.15151515151515152,穩定,1.1,1.27,0.17
L3_DAY_TYPE_TIME_PERIOD,01F0699N_01F0681N,Weekend,夜間,69,76,7,0.10144927536231885,穩定,1.15,1.27,0.12
L3_DAY_TYPE_TIME_PERIOD,01F0699N_01F0681N,Weekend,日間,66,73,7,0.10606060606060606,穩定,1.1,1.22,0.12
L3_DAY_TYPE_TIME_PERIOD,01F0699N_01F0681N,Weekend,早尖峰,65,75,10,0.15384615384615385,穩定,1.08,1.25,0.17
L3_DAY_TYPE_TIME_PERIOD,01F0699N_01F0681N,Weekend,晚尖峰,69,77,8,0.11594202898550725,穩定,1.15,1.28,0.13
L3_DAY_TYPE_TIME_PERIOD,01F0699S_01F0750S,Weekday,凌晨,183,207,24,0.13114754098360656,穩定,3.05,3.45,0.4
L3_DAY_TYPE_TIME_PERIOD,01F0699S_01F0750S,Weekday,夜間,181,209,28,0.15469613259668508,穩定,3.02,3.48,0.47
L3_DAY_TYPE_TIME_PERIOD,01F0699S_01F0750S,Weekday,日間,196,339,143,0.7295918367346939,不穩定,3.27,5.65,2.38
L3_DAY_TYPE_TIME_PERIOD,01F0699S_01F0750S,Weekday,早尖峰,203,343,140,0.6896551724137931,不穩定,3.38,5.72,2.33
L3_DAY_TYPE_TIME_PERIOD,01F0699S_01F0750S,Weekday,晚尖峰,187,216,29,0.15508021390374332,穩定,3.12,3.6,0.48
L3_DAY_TYPE_TIME_PERIOD,01F0699S_01F0750S,Weekend,凌晨,176,207,31,0.17613636363636365,穩定,2.93,3.45,0.52
L3_DAY_TYPE_TIME_PERIOD,01F0699S_01F0750S,Weekend,夜間,185,222,37,0.2,穩定,3.08,3.7,0.62
L3_DAY_TYPE_TIME_PERIOD,01F0699S_01F0750S,Weekend,日間,187,315,128,0.6844919786096256,不穩定,3.12,5.25,2.13
L3_DAY_TYPE_TIME_PERIOD,01F0699S_01F0750S,Weekend,早尖峰,187,357,170,0.9090909090909091,不穩定,3.12,5.95,2.83
L3_DAY_TYPE_TIME_PERIOD,01F0699S_01F0750S,Weekend,晚尖峰,190,335,145,0.7631578947368421,不穩定,3.17,5.58,2.42
L3_DAY_TYPE_TIME_PERIOD,01F0750N_01F0699N,Weekday,凌晨,186,209,23,0.12365591397849462,穩定,3.1,3.48,0.38
L3_DAY_TYPE_TIME_PERIOD,01F0750N_01F0699N,Weekday,夜間,186,213,27,0.14516129032258066,穩定,3.1,3.55,0.45
L3_DAY_TYPE_TIME_PERIOD,01F0750N_01F0699N,Weekday,日間,189,216,27,0.14285714285714285,穩定,3.15,3.6,0.45
L3_DAY_TYPE_TIME_PERIOD,01F0750N_01F0699N,Weekday,早尖峰,177,207,30,0.1694915254237288,穩定,2.95,3.45,0.5
L3_DAY_TYPE_TIME_PERIOD,01F0750N_01F0699N,Weekday,晚尖峰,195,231,36,0.18461538461538463,穩定,3.25,3.85,0.6
L3_DAY_TYPE_TIME_PERIOD,01F0750N_01F0699N,Weekend,凌晨,175,208,33,0.18857142857142858,穩定,2.92,3.47,0.55
L3_DAY_TYPE_TIME_PERIOD,01F0750N_01F0699N,Weekend,夜間,193,224,31,0.16062176165803108,穩定,3.22,3.73,0.52
L3_DAY_TYPE_TIME_PERIOD,01F0750N_01F0699N,Weekend,日間,185,209,24,0.12972972972972974,穩定,3.08,3.48,0.4
L3_DAY_TYPE_TIME_PERIOD,01F0750N_01F0699N,Weekend,早尖峰,174,202,28,0.16091954022988506,穩定,2.9,3.37,0.47
L3_DAY_TYPE_TIME_PERIOD,01F0750N_01F0699N,Weekend,晚尖峰,196,228,32,0.16326530612244897,穩定,3.27,3.8,0.53
L3_DAY_TYPE_TIME_PERIOD,01F0750N_01H0608N,Weekday,凌晨,482,523,41,0.08506224066390042,穩定,8.03,8.72,0.68
L3_DAY_TYPE_TIME_PERIOD,01F0750N_01H0608N,Weekday,夜間,516,573,57,0.11046511627906977,穩定,8.6,9.55,0.95
L3_DAY_TYPE_TIME_PERIOD,01F0750N_01H0608N,Weekday,日間,528,582,54,0.10227272727272728,穩定,8.8,9.7,0.9
L3_DAY_TYPE_TIME_PERIOD,01F0750N_01H0608N,Weekday,早尖峰,508,543,35,0.0688976377952756,穩定,8.47,9.05,0.58
L3_DAY_TYPE_TIME_PERIOD,01F0750N_01H0608N,Weekday,晚尖峰,580,887,307,0.5293103448275862,不穩定,9.67,14.78,5.12
L3_DAY_TYPE_TIME_PERIOD,01F0750N_01H0608N,Weekend,凌晨,484,545,61,0.12603305785123967,穩定,8.07,9.08,1.02
L3_DAY_TYPE_TIME_PERIOD,01F0750N_01H0608N,Weekend,夜間,542,637,95,0.1752767527675277,穩定,9.03,10.62,1.58
L3_DAY_TYPE_TIME_PERIOD,01F0750N_01H0608N,Weekend,日間,530,601,71,0.1339622641509434,穩定,8.83,10.02,1.18
L3_DAY_TYPE_TIME_PERIOD,01F0750N_01H0608N,Weekend,早尖峰,493,529,36,0.07302231237322515,穩定,8.22,8.82,0.6
L3_DAY_TYPE_TIME_PERIOD,01F0750N_01H0608N,Weekend,晚尖峰,568,818,250,0.44014084507042256,普通,9.47,13.63,4.17
L3_DAY_TYPE_TIME_PERIOD,01F0750S_01F0880S,Weekday,凌晨,464,542,78,0.16810344827586207,穩定,7.73,9.03,1.3
L3_DAY_TYPE_TIME_PERIOD,01F0750S_01F0880S,Weekday,夜間,472,745,273,0.5783898305084746,不穩定,7.87,12.42,4.55
L3_DAY_TYPE_TIME_PERIOD,01F0750S_01F0880S,Weekday,日間,539,1120,581,1.077922077922078,高風險,8.98,18.67,9.68
L3_DAY_TYPE_TIME_PERIOD,01F0750S_01F0880S,Weekday,早尖峰,545,871,326,0.5981651376146789,不穩定,9.08,14.52,5.43
L3_DAY_TYPE_TIME_PERIOD,01F0750S_01F0880S,Weekday,晚尖峰,502,924,422,0.8406374501992032,不穩定,8.37,15.4,7.03
L3_DAY_TYPE_TIME_PERIOD,01F0750S_01F0880S,Weekend,凌晨,455,533,78,0.17142857142857143,穩定,7.58,8.88,1.3
L3_DAY_TYPE_TIME_PERIOD,01F0750S_01F0880S,Weekend,夜間,484,642,158,0.32644628099173556,普通,8.07,10.7,2.63
L3_DAY_TYPE_TIME_PERIOD,01F0750S_01F0880S,Weekend,日間,505,1956,1451,2.873267326732673,高風險,8.42,32.6,24.18
L3_DAY_TYPE_TIME_PERIOD,01F0750S_01F0880S,Weekend,早尖峰,488,1355,867,1.776639344262295,高風險,8.13,22.58,14.45
L3_DAY_TYPE_TIME_PERIOD,01F0750S_01F0880S,Weekend,晚尖峰,503,915,412,0.8190854870775348,不穩定,8.38,15.25,6.87
L3_DAY_TYPE_TIME_PERIOD,01F0880N_01F0750N,Weekday,凌晨,473,571,98,0.20718816067653276,穩定,7.88,9.52,1.63
L3_DAY_TYPE_TIME_PERIOD,01F0880N_01F0750N,Weekday,夜間,499,601,102,0.20440881763527055,穩定,8.32,10.02,1.7
L3_DAY_TYPE_TIME_PERIOD,01F0880N_01F0750N,Weekday,日間,511,764,253,0.49510763209393344,普通,8.52,12.73,4.22
L3_DAY_TYPE_TIME_PERIOD,01F0880N_01F0750N,Weekday,早尖峰,477,557,80,0.16771488469601678,穩定,7.95,9.28,1.33
L3_DAY_TYPE_TIME_PERIOD,01F0880N_01F0750N,Weekday,晚尖峰,550,993,443,0.8054545454545454,不穩定,9.17,16.55,7.38
L3_DAY_TYPE_TIME_PERIOD,01F0880N_01F0750N,Weekend,凌晨,463,773,310,0.6695464362850972,不穩定,7.72,12.88,5.17
L3_DAY_TYPE_TIME_PERIOD,01F0880N_01F0750N,Weekend,夜間,538,1161,623,1.157992565055762,高風險,8.97,19.35,10.38
L3_DAY_TYPE_TIME_PERIOD,01F0880N_01F0750N,Weekend,日間,526,973,447,0.8498098859315589,不穩定,8.77,16.22,7.45
L3_DAY_TYPE_TIME_PERIOD,01F0880N_01F0750N,Weekend,早尖峰,464,533,69,0.14870689655172414,穩定,7.73,8.88,1.15
L3_DAY_TYPE_TIME_PERIOD,01F0880N_01F0750N,Weekend,晚尖峰,922,1179,257,0.2787418655097614,普通,15.37,19.65,4.28
L3_DAY_TYPE_TIME_PERIOD,01F0880S_01F0928S,Weekday,凌晨,171,198,27,0.15789473684210525,穩定,2.85,3.3,0.45
L3_DAY_TYPE_TIME_PERIOD,01F0880S_01F0928S,Weekday,夜間,180,466,286,1.5888888888888888,高風險,3.0,7.77,4.77
L3_DAY_TYPE_TIME_PERIOD,01F0880S_01F0928S,Weekday,日間,231,406,175,0.7575757575757576,不穩定,3.85,6.77,2.92
L3_DAY_TYPE_TIME_PERIOD,01F0880S_01F0928S,Weekday,早尖峰,245,412,167,0.6816326530612244,不穩定,4.08,6.87,2.78
L3_DAY_TYPE_TIME_PERIOD,01F0880S_01F0928S,Weekday,晚尖峰,226,475,249,1.1017699115044248,高風險,3.77,7.92,4.15
L3_DAY_TYPE_TIME_PERIOD,01F0880S_01F0928S,Weekend,凌晨,167,197,30,0.17964071856287425,穩定,2.78,3.28,0.5
L3_DAY_TYPE_TIME_PERIOD,01F0880S_01F0928S,Weekend,夜間,183,260,77,0.4207650273224044,普通,3.05,4.33,1.28
L3_DAY_TYPE_TIME_PERIOD,01F0880S_01F0928S,Weekend,日間,216,776,560,2.5925925925925926,高風險,3.6,12.93,9.33
L3_DAY_TYPE_TIME_PERIOD,01F0880S_01F0928S,Weekend,早尖峰,187,625,438,2.342245989304813,高風險,3.12,10.42,7.3
L3_DAY_TYPE_TIME_PERIOD,01F0880S_01F0928S,Weekend,晚尖峰,202,327,125,0.6188118811881188,不穩定,3.37,5.45,2.08
L3_DAY_TYPE_TIME_PERIOD,01F0928N_01F0880N,Weekday,凌晨,170,198,28,0.16470588235294117,穩定,2.83,3.3,0.47
L3_DAY_TYPE_TIME_PERIOD,01F0928N_01F0880N,Weekday,夜間,186,249,63,0.3387096774193548,普通,3.1,4.15,1.05
L3_DAY_TYPE_TIME_PERIOD,01F0928N_01F0880N,Weekday,日間,194,282,88,0.4536082474226804,普通,3.23,4.7,1.47
L3_DAY_TYPE_TIME_PERIOD,01F0928N_01F0880N,Weekday,早尖峰,192,337,145,0.7552083333333334,不穩定,3.2,5.62,2.42
L3_DAY_TYPE_TIME_PERIOD,01F0928N_01F0880N,Weekday,晚尖峰,223,393,170,0.7623318385650224,不穩定,3.72,6.55,2.83
L3_DAY_TYPE_TIME_PERIOD,01F0928N_01F0880N,Weekend,凌晨,166,205,39,0.23493975903614459,穩定,2.77,3.42,0.65
L3_DAY_TYPE_TIME_PERIOD,01F0928N_01F0880N,Weekend,夜間,195,651,456,2.3384615384615386,高風險,3.25,10.85,7.6
L3_DAY_TYPE_TIME_PERIOD,01F0928N_01F0880N,Weekend,日間,197,459,262,1.3299492385786802,高風險,3.28,7.65,4.37
L3_DAY_TYPE_TIME_PERIOD,01F0928N_01F0880N,Weekend,早尖峰,169,190,21,0.1242603550295858,穩定,2.82,3.17,0.35
L3_DAY_TYPE_TIME_PERIOD,01F0928N_01F0880N,Weekend,晚尖峰,328,653,325,0.9908536585365854,不穩定,5.47,10.88,5.42
L3_DAY_TYPE_TIME_PERIOD,01F0928S_01F0950S,Weekday,凌晨,79,91,12,0.1518987341772152,穩定,1.32,1.52,0.2
L3_DAY_TYPE_TIME_PERIOD,01F0928S_01F0950S,Weekday,夜間,81,209,128,1.5802469135802468,高風險,1.35,3.48,2.13
L3_DAY_TYPE_TIME_PERIOD,01F0928S_01F0950S,Weekday,日間,87,106,19,0.21839080459770116,穩定,1.45,1.77,0.32
L3_DAY_TYPE_TIME_PERIOD,01F0928S_01F0950S,Weekday,早尖峰,91,122,31,0.34065934065934067,普通,1.52,2.03,0.52
L3_DAY_TYPE_TIME_PERIOD,01F0928S_01F0950S,Weekday,晚尖峰,88,202,114,1.2954545454545454,高風險,1.47,3.37,1.9
L3_DAY_TYPE_TIME_PERIOD,01F0928S_01F0950S,Weekend,凌晨,77,91,14,0.18181818181818182,穩定,1.28,1.52,0.23
L3_DAY_TYPE_TIME_PERIOD,01F0928S_01F0950S,Weekend,夜間,81,89,8,0.09876543209876543,穩定,1.35,1.48,0.13
L3_DAY_TYPE_TIME_PERIOD,01F0928S_01F0950S,Weekend,日間,87,259,172,1.9770114942528736,高風險,1.45,4.32,2.87
L3_DAY_TYPE_TIME_PERIOD,01F0928S_01F0950S,Weekend,早尖峰,84,178,94,1.119047619047619,高風險,1.4,2.97,1.57
L3_DAY_TYPE_TIME_PERIOD,01F0928S_01F0950S,Weekend,晚尖峰,84,107,23,0.27380952380952384,普通,1.4,1.78,0.38
L3_DAY_TYPE_TIME_PERIOD,01F0950S_01F0980S,Weekday,凌晨,110,128,18,0.16363636363636364,穩定,1.83,2.13,0.3
L3_DAY_TYPE_TIME_PERIOD,01F0950S_01F0980S,Weekday,夜間,112,297,185,1.6517857142857142,高風險,1.87,4.95,3.08
L3_DAY_TYPE_TIME_PERIOD,01F0950S_01F0980S,Weekday,日間,118,145,27,0.2288135593220339,穩定,1.97,2.42,0.45
L3_DAY_TYPE_TIME_PERIOD,01F0950S_01F0980S,Weekday,早尖峰,113,131,18,0.1592920353982301,穩定,1.88,2.18,0.3
L3_DAY_TYPE_TIME_PERIOD,01F0950S_01F0980S,Weekday,晚尖峰,123,286,163,1.3252032520325203,高風險,2.05,4.77,2.72
L3_DAY_TYPE_TIME_PERIOD,01F0950S_01F0980S,Weekend,凌晨,105,126,21,0.2,穩定,1.75,2.1,0.35
L3_DAY_TYPE_TIME_PERIOD,01F0950S_01F0980S,Weekend,夜間,110,121,11,0.1,穩定,1.83,2.02,0.18
L3_DAY_TYPE_TIME_PERIOD,01F0950S_01F0980S,Weekend,日間,122,276,154,1.2622950819672132,高風險,2.03,4.6,2.57
L3_DAY_TYPE_TIME_PERIOD,01F0950S_01F0980S,Weekend,早尖峰,115,202,87,0.7565217391304347,不穩定,1.92,3.37,1.45
L3_DAY_TYPE_TIME_PERIOD,01F0950S_01F0980S,Weekend,晚尖峰,115,205,90,0.782608695652174,不穩定,1.92,3.42,1.5
L3_DAY_TYPE_TIME_PERIOD,01F0956N_01F0928N,Weekday,凌晨,100,113,13,0.13,穩定,1.67,1.88,0.22
L3_DAY_TYPE_TIME_PERIOD,01F0956N_01F0928N,Weekday,夜間,107,325,218,2.0373831775700935,高風險,1.78,5.42,3.63
L3_DAY_TYPE_TIME_PERIOD,01F0956N_01F0928N,Weekday,日間,110,348,238,2.1636363636363636,高風險,1.83,5.8,3.97
L3_DAY_TYPE_TIME_PERIOD,01F0956N_01F0928N,Weekday,早尖峰,106,180,74,0.6981132075471698,不穩定,1.77,3.0,1.23
L3_DAY_TYPE_TIME_PERIOD,01F0956N_01F0928N,Weekday,晚尖峰,283,396,113,0.3992932862190813,普通,4.72,6.6,1.88
L3_DAY_TYPE_TIME_PERIOD,01F0956N_01F0928N,Weekend,凌晨,96,117,21,0.21875,穩定,1.6,1.95,0.35
L3_DAY_TYPE_TIME_PERIOD,01F0956N_01F0928N,Weekend,夜間,108,447,339,3.138888888888889,高風險,1.8,7.45,5.65
L3_DAY_TYPE_TIME_PERIOD,01F0956N_01F0928N,Weekend,日間,107,373,266,2.485981308411215,高風險,1.78,6.22,4.43
L3_DAY_TYPE_TIME_PERIOD,01F0956N_01F0928N,Weekend,早尖峰,98,110,12,0.12244897959183673,穩定,1.63,1.83,0.2
L3_DAY_TYPE_TIME_PERIOD,01F0956N_01F0928N,Weekend,晚尖峰,267,499,232,0.8689138576779026,不穩定,4.45,8.32,3.87
L3_DAY_TYPE_TIME_PERIOD,01F0979N_01F0956N,Weekday,凌晨,84,102,18,0.21428571428571427,穩定,1.4,1.7,0.3
L3_DAY_TYPE_TIME_PERIOD,01F0979N_01F0956N,Weekday,夜間,85,109,24,0.2823529411764706,普通,1.42,1.82,0.4
L3_DAY_TYPE_TIME_PERIOD,01F0979N_01F0956N,Weekday,日間,86,110,24,0.27906976744186046,普通,1.43,1.83,0.4
L3_DAY_TYPE_TIME_PERIOD,01F0979N_01F0956N,Weekday,早尖峰,88,108,20,0.22727272727272727,穩定,1.47,1.8,0.33
L3_DAY_TYPE_TIME_PERIOD,01F0979N_01F0956N,Weekday,晚尖峰,97,332,235,2.422680412371134,高風險,1.62,5.53,3.92
L3_DAY_TYPE_TIME_PERIOD,01F0979N_01F0956N,Weekend,凌晨,80,102,22,0.275,普通,1.33,1.7,0.37
L3_DAY_TYPE_TIME_PERIOD,01F0979N_01F0956N,Weekend,夜間,90,303,213,2.3666666666666667,高風險,1.5,5.05,3.55
L3_DAY_TYPE_TIME_PERIOD,01F0979N_01F0956N,Weekend,日間,86,235,149,1.7325581395348837,高風險,1.43,3.92,2.48
L3_DAY_TYPE_TIME_PERIOD,01F0979N_01F0956N,Weekend,早尖峰,80,94,14,0.175,穩定,1.33,1.57,0.23
L3_DAY_TYPE_TIME_PERIOD,01F0979N_01F0956N,Weekend,晚尖峰,105,414,309,2.942857142857143,高風險,1.75,6.9,5.15
L3_DAY_TYPE_TIME_PERIOD,01F0980S_01F1045S,Weekday,凌晨,231,264,33,0.14285714285714285,穩定,3.85,4.4,0.55
L3_DAY_TYPE_TIME_PERIOD,01F0980S_01F1045S,Weekday,夜間,235,348,113,0.4808510638297872,普通,3.92,5.8,1.88
L3_DAY_TYPE_TIME_PERIOD,01F0980S_01F1045S,Weekday,日間,236,262,26,0.11016949152542373,穩定,3.93,4.37,0.43
L3_DAY_TYPE_TIME_PERIOD,01F0980S_01F1045S,Weekday,早尖峰,230,254,24,0.10434782608695652,穩定,3.83,4.23,0.4
L3_DAY_TYPE_TIME_PERIOD,01F0980S_01F1045S,Weekday,晚尖峰,241,282,41,0.17012448132780084,穩定,4.02,4.7,0.68
L3_DAY_TYPE_TIME_PERIOD,01F0980S_01F1045S,Weekend,凌晨,227,262,35,0.15418502202643172,穩定,3.78,4.37,0.58
L3_DAY_TYPE_TIME_PERIOD,01F0980S_01F1045S,Weekend,夜間,233,248,15,0.06437768240343347,穩定,3.88,4.13,0.25
L3_DAY_TYPE_TIME_PERIOD,01F0980S_01F1045S,Weekend,日間,241,697,456,1.892116182572614,高風險,4.02,11.62,7.6
L3_DAY_TYPE_TIME_PERIOD,01F0980S_01F1045S,Weekend,早尖峰,236,288,52,0.22033898305084745,穩定,3.93,4.8,0.87
L3_DAY_TYPE_TIME_PERIOD,01F0980S_01F1045S,Weekend,晚尖峰,236,289,53,0.2245762711864407,穩定,3.93,4.82,0.88
L3_DAY_TYPE_TIME_PERIOD,01F0980S_03F0996N,Weekday,凌晨,141,1521,1380,9.787234042553191,高風險,2.35,25.35,23.0
L3_DAY_TYPE_TIME_PERIOD,01F0980S_03F0996N,Weekday,夜間,140,165,25,0.17857142857142858,穩定,2.33,2.75,0.42
L3_DAY_TYPE_TIME_PERIOD,01F0980S_03F0996N,Weekday,日間,145,167,22,0.15172413793103448,穩定,2.42,2.78,0.37
L3_DAY_TYPE_TIME_PERIOD,01F0980S_03F0996N,Weekday,早尖峰,142,562,420,2.9577464788732395,高風險,2.37,9.37,7.0
L3_DAY_TYPE_TIME_PERIOD,01F0980S_03F0996N,Weekday,晚尖峰,143,162,19,0.13286713286713286,穩定,2.38,2.7,0.32
L3_DAY_TYPE_TIME_PERIOD,01F0980S_03F0996N,Weekend,凌晨,139,1328,1189,8.553956834532373,高風險,2.32,22.13,19.82
L3_DAY_TYPE_TIME_PERIOD,01F0980S_03F0996N,Weekend,夜間,144,358,214,1.4861111111111112,高風險,2.4,5.97,3.57
L3_DAY_TYPE_TIME_PERIOD,01F0980S_03F0996N,Weekend,日間,144,276,132,0.9166666666666666,不穩定,2.4,4.6,2.2
L3_DAY_TYPE_TIME_PERIOD,01F0980S_03F0996N,Weekend,早尖峰,139,168,29,0.20863309352517986,穩定,2.32,2.8,0.48
L3_DAY_TYPE_TIME_PERIOD,01F0980S_03F0996N,Weekend,晚尖峰,145,282,137,0.9448275862068966,不穩定,2.42,4.7,2.28
L3_DAY_TYPE_TIME_PERIOD,01F0980S_03F1022S,Weekday,凌晨,115,130,15,0.13043478260869565,穩定,1.92,2.17,0.25
L3_DAY_TYPE_TIME_PERIOD,01F0980S_03F1022S,Weekday,夜間,121,144,23,0.19008264462809918,穩定,2.02,2.4,0.38
L3_DAY_TYPE_TIME_PERIOD,01F0980S_03F1022S,Weekday,日間,124,141,17,0.13709677419354838,穩定,2.07,2.35,0.28
L3_DAY_TYPE_TIME_PERIOD,01F0980S_03F1022S,Weekday,早尖峰,120,140,20,0.16666666666666666,穩定,2.0,2.33,0.33
L3_DAY_TYPE_TIME_PERIOD,01F0980S_03F1022S,Weekday,晚尖峰,131,237,106,0.8091603053435115,不穩定,2.18,3.95,1.77
L3_DAY_TYPE_TIME_PERIOD,01F0980S_03F1022S,Weekend,凌晨,110,130,20,0.18181818181818182,穩定,1.83,2.17,0.33
L3_DAY_TYPE_TIME_PERIOD,01F0980S_03F1022S,Weekend,夜間,116,127,11,0.09482758620689655,穩定,1.93,2.12,0.18
L3_DAY_TYPE_TIME_PERIOD,01F0980S_03F1022S,Weekend,日間,122,158,36,0.29508196721311475,普通,2.03,2.63,0.6
L3_DAY_TYPE_TIME_PERIOD,01F0980S_03F1022S,Weekend,早尖峰,117,134,17,0.1452991452991453,穩定,1.95,2.23,0.28
L3_DAY_TYPE_TIME_PERIOD,01F0980S_03F1022S,Weekend,晚尖峰,122,153,31,0.2540983606557377,普通,2.03,2.55,0.52
L3_DAY_TYPE_TIME_PERIOD,01F1045N_01F0979N,Weekday,凌晨,236,277,41,0.17372881355932204,穩定,3.93,4.62,0.68
L3_DAY_TYPE_TIME_PERIOD,01F1045N_01F0979N,Weekday,夜間,239,275,36,0.1506276150627615,穩定,3.98,4.58,0.6
L3_DAY_TYPE_TIME_PERIOD,01F1045N_01F0979N,Weekday,日間,240,279,39,0.1625,穩定,4.0,4.65,0.65
L3_DAY_TYPE_TIME_PERIOD,01F1045N_01F0979N,Weekday,早尖峰,259,548,289,1.1158301158301158,高風險,4.32,9.13,4.82
L3_DAY_TYPE_TIME_PERIOD,01F1045N_01F0979N,Weekday,晚尖峰,243,292,49,0.20164609053497942,穩定,4.05,4.87,0.82
L3_DAY_TYPE_TIME_PERIOD,01F1045N_01F0979N,Weekend,凌晨,232,281,49,0.21120689655172414,穩定,3.87,4.68,0.82
L3_DAY_TYPE_TIME_PERIOD,01F1045N_01F0979N,Weekend,夜間,255,717,462,1.811764705882353,高風險,4.25,11.95,7.7
L3_DAY_TYPE_TIME_PERIOD,01F1045N_01F0979N,Weekend,日間,242,362,120,0.49586776859504134,普通,4.03,6.03,2.0
L3_DAY_TYPE_TIME_PERIOD,01F1045N_01F0979N,Weekend,早尖峰,232,257,25,0.10775862068965517,穩定,3.87,4.28,0.42
L3_DAY_TYPE_TIME_PERIOD,01F1045N_01F0979N,Weekend,晚尖峰,270,983,713,2.640740740740741,高風險,4.5,16.38,11.88
L3_DAY_TYPE_TIME_PERIOD,01F1045N_03F0996N,Weekday,凌晨,228,272,44,0.19298245614035087,穩定,3.8,4.53,0.73
L3_DAY_TYPE_TIME_PERIOD,01F1045N_03F0996N,Weekday,夜間,233,263,30,0.12875536480686695,穩定,3.88,4.38,0.5
L3_DAY_TYPE_TIME_PERIOD,01F1045N_03F0996N,Weekday,日間,234,265,31,0.13247863247863248,穩定,3.9,4.42,0.52
L3_DAY_TYPE_TIME_PERIOD,01F1045N_03F0996N,Weekday,早尖峰,239,514,275,1.1506276150627615,高風險,3.98,8.57,4.58
L3_DAY_TYPE_TIME_PERIOD,01F1045N_03F0996N,Weekday,晚尖峰,237,263,26,0.10970464135021098,穩定,3.95,4.38,0.43
L3_DAY_TYPE_TIME_PERIOD,01F1045N_03F0996N,Weekend,凌晨,225,309,84,0.37333333333333335,普通,3.75,5.15,1.4
L3_DAY_TYPE_TIME_PERIOD,01F1045N_03F0996N,Weekend,夜間,252,777,525,2.0833333333333335,高風險,4.2,12.95,8.75
L3_DAY_TYPE_TIME_PERIOD,01F1045N_03F0996N,Weekend,日間,238,324,86,0.36134453781512604,普通,3.97,5.4,1.43
L3_DAY_TYPE_TIME_PERIOD,01F1045N_03F0996N,Weekend,早尖峰,226,246,20,0.08849557522123894,穩定,3.77,4.1,0.33
L3_DAY_TYPE_TIME_PERIOD,01F1045N_03F0996N,Weekend,晚尖峰,262,815,553,2.1106870229007635,高風險,4.37,13.58,9.22
L3_DAY_TYPE_TIME_PERIOD,01F1045N_03F1022S,Weekday,凌晨,307,2520,2213,7.208469055374593,高風險,5.12,42.0,36.88
L3_DAY_TYPE_TIME_PERIOD,01F1045N_03F1022S,Weekday,夜間,314,1119,805,2.5636942675159236,高風險,5.23,18.65,13.42
L3_DAY_TYPE_TIME_PERIOD,01F1045N_03F1022S,Weekday,日間,315,1343,1028,3.2634920634920634,高風險,5.25,22.38,17.13
L3_DAY_TYPE_TIME_PERIOD,01F1045N_03F1022S,Weekday,早尖峰,315,1113,798,2.533333333333333,高風險,5.25,18.55,13.3
L3_DAY_TYPE_TIME_PERIOD,01F1045N_03F1022S,Weekday,晚尖峰,321,642,321,1.0,高風險,5.35,10.7,5.35
L3_DAY_TYPE_TIME_PERIOD,01F1045N_03F1022S,Weekend,凌晨,307,2074,1767,5.755700325732899,高風險,5.12,34.57,29.45
L3_DAY_TYPE_TIME_PERIOD,01F1045N_03F1022S,Weekend,夜間,328,849,521,1.5884146341463414,高風險,5.47,14.15,8.68
L3_DAY_TYPE_TIME_PERIOD,01F1045N_03F1022S,Weekend,日間,316,607,291,0.9208860759493671,不穩定,5.27,10.12,4.85
L3_DAY_TYPE_TIME_PERIOD,01F1045N_03F1022S,Weekend,早尖峰,304,1415,1111,3.6546052631578947,高風險,5.07,23.58,18.52
L3_DAY_TYPE_TIME_PERIOD,01F1045N_03F1022S,Weekend,晚尖峰,341,966,625,1.8328445747800586,高風險,5.68,16.1,10.42
L3_DAY_TYPE_TIME_PERIOD,01F1045S_01F1123S,Weekday,凌晨,274,318,44,0.16058394160583941,穩定,4.57,5.3,0.73
L3_DAY_TYPE_TIME_PERIOD,01F1045S_01F1123S,Weekday,夜間,276,366,90,0.32608695652173914,普通,4.6,6.1,1.5
L3_DAY_TYPE_TIME_PERIOD,01F1045S_01F1123S,Weekday,日間,277,310,33,0.11913357400722022,穩定,4.62,5.17,0.55
L3_DAY_TYPE_TIME_PERIOD,01F1045S_01F1123S,Weekday,早尖峰,271,305,34,0.12546125461254612,穩定,4.52,5.08,0.57
L3_DAY_TYPE_TIME_PERIOD,01F1045S_01F1123S,Weekday,晚尖峰,281,339,58,0.20640569395017794,穩定,4.68,5.65,0.97
L3_DAY_TYPE_TIME_PERIOD,01F1045S_01F1123S,Weekend,凌晨,269,317,48,0.17843866171003717,穩定,4.48,5.28,0.8
L3_DAY_TYPE_TIME_PERIOD,01F1045S_01F1123S,Weekend,夜間,274,293,19,0.06934306569343066,穩定,4.57,4.88,0.32
L3_DAY_TYPE_TIME_PERIOD,01F1045S_01F1123S,Weekend,日間,286,469,183,0.6398601398601399,不穩定,4.77,7.82,3.05
L3_DAY_TYPE_TIME_PERIOD,01F1045S_01F1123S,Weekend,早尖峰,279,322,43,0.15412186379928317,穩定,4.65,5.37,0.72
L3_DAY_TYPE_TIME_PERIOD,01F1045S_01F1123S,Weekend,晚尖峰,278,352,74,0.26618705035971224,普通,4.63,5.87,1.23
L3_DAY_TYPE_TIME_PERIOD,01F1123N_01F1045N,Weekday,凌晨,273,320,47,0.17216117216117216,穩定,4.55,5.33,0.78
L3_DAY_TYPE_TIME_PERIOD,01F1123N_01F1045N,Weekday,夜間,274,316,42,0.15328467153284672,穩定,4.57,5.27,0.7
L3_DAY_TYPE_TIME_PERIOD,01F1123N_01F1045N,Weekday,日間,277,318,41,0.148014440433213,穩定,4.62,5.3,0.68
L3_DAY_TYPE_TIME_PERIOD,01F1123N_01F1045N,Weekday,早尖峰,277,324,47,0.16967509025270758,穩定,4.62,5.4,0.78
L3_DAY_TYPE_TIME_PERIOD,01F1123N_01F1045N,Weekday,晚尖峰,278,311,33,0.11870503597122302,穩定,4.63,5.18,0.55
L3_DAY_TYPE_TIME_PERIOD,01F1123N_01F1045N,Weekend,凌晨,268,327,59,0.22014925373134328,穩定,4.47,5.45,0.98
L3_DAY_TYPE_TIME_PERIOD,01F1123N_01F1045N,Weekend,夜間,293,559,266,0.9078498293515358,不穩定,4.88,9.32,4.43
L3_DAY_TYPE_TIME_PERIOD,01F1123N_01F1045N,Weekend,日間,281,396,115,0.4092526690391459,普通,4.68,6.6,1.92
L3_DAY_TYPE_TIME_PERIOD,01F1123N_01F1045N,Weekend,早尖峰,269,298,29,0.10780669144981413,穩定,4.48,4.97,0.48
L3_DAY_TYPE_TIME_PERIOD,01F1123N_01F1045N,Weekend,晚尖峰,302,580,278,0.9205298013245033,不穩定,5.03,9.67,4.63
L3_DAY_TYPE_TIME_PERIOD,01F1123S_01F1292S,Weekday,凌晨,602,771,169,0.2807308970099668,普通,10.03,12.85,2.82
L3_DAY_TYPE_TIME_PERIOD,01F1123S_01F1292S,Weekday,夜間,600,718,118,0.19666666666666666,穩定,10.0,11.97,1.97
L3_DAY_TYPE_TIME_PERIOD,01F1123S_01F1292S,Weekday,日間,602,708,106,0.1760797342192691,穩定,10.03,11.8,1.77
L3_DAY_TYPE_TIME_PERIOD,01F1123S_01F1292S,Weekday,早尖峰,588,714,126,0.21428571428571427,穩定,9.8,11.9,2.1
L3_DAY_TYPE_TIME_PERIOD,01F1123S_01F1292S,Weekday,晚尖峰,600,676,76,0.12666666666666668,穩定,10.0,11.27,1.27
L3_DAY_TYPE_TIME_PERIOD,01F1123S_01F1292S,Weekend,凌晨,586,716,130,0.22184300341296928,穩定,9.77,11.93,2.17
L3_DAY_TYPE_TIME_PERIOD,01F1123S_01F1292S,Weekend,夜間,596,640,44,0.0738255033557047,穩定,9.93,10.67,0.73
L3_DAY_TYPE_TIME_PERIOD,01F1123S_01F1292S,Weekend,日間,617,808,191,0.3095623987034036,普通,10.28,13.47,3.18
L3_DAY_TYPE_TIME_PERIOD,01F1123S_01F1292S,Weekend,早尖峰,605,688,83,0.1371900826446281,穩定,10.08,11.47,1.38
L3_DAY_TYPE_TIME_PERIOD,01F1123S_01F1292S,Weekend,晚尖峰,606,727,121,0.19966996699669967,穩定,10.1,12.12,2.02
L3_DAY_TYPE_TIME_PERIOD,01F1292N_01F1123N,Weekday,凌晨,591,763,172,0.2910321489001692,普通,9.85,12.72,2.87
L3_DAY_TYPE_TIME_PERIOD,01F1292N_01F1123N,Weekday,夜間,591,739,148,0.25042301184433163,普通,9.85,12.32,2.47
L3_DAY_TYPE_TIME_PERIOD,01F1292N_01F1123N,Weekday,日間,596,721,125,0.20973154362416108,穩定,9.93,12.02,2.08
L3_DAY_TYPE_TIME_PERIOD,01F1292N_01F1123N,Weekday,早尖峰,585,722,137,0.2341880341880342,穩定,9.75,12.03,2.28
L3_DAY_TYPE_TIME_PERIOD,01F1292N_01F1123N,Weekday,晚尖峰,597,689,92,0.1541038525963149,穩定,9.95,11.48,1.53
L3_DAY_TYPE_TIME_PERIOD,01F1292N_01F1123N,Weekend,凌晨,578,744,166,0.28719723183391005,普通,9.63,12.4,2.77
L3_DAY_TYPE_TIME_PERIOD,01F1292N_01F1123N,Weekend,夜間,623,1230,607,0.9743178170144462,不穩定,10.38,20.5,10.12
L3_DAY_TYPE_TIME_PERIOD,01F1292N_01F1123N,Weekend,日間,603,953,350,0.5804311774461028,不穩定,10.05,15.88,5.83
L3_DAY_TYPE_TIME_PERIOD,01F1292N_01F1123N,Weekend,早尖峰,583,653,70,0.12006861063464837,穩定,9.72,10.88,1.17
L3_DAY_TYPE_TIME_PERIOD,01F1292N_01F1123N,Weekend,晚尖峰,645,1479,834,1.2930232558139534,高風險,10.75,24.65,13.9
L3_DAY_TYPE_TIME_PERIOD,01F1292S_01F1389S,Weekday,凌晨,344,407,63,0.18313953488372092,穩定,5.73,6.78,1.05
L3_DAY_TYPE_TIME_PERIOD,01F1292S_01F1389S,Weekday,夜間,341,391,50,0.1466275659824047,穩定,5.68,6.52,0.83
L3_DAY_TYPE_TIME_PERIOD,01F1292S_01F1389S,Weekday,日間,341,387,46,0.1348973607038123,穩定,5.68,6.45,0.77
L3_DAY_TYPE_TIME_PERIOD,01F1292S_01F1389S,Weekday,早尖峰,334,388,54,0.16167664670658682,穩定,5.57,6.47,0.9
L3_DAY_TYPE_TIME_PERIOD,01F1292S_01F1389S,Weekday,晚尖峰,340,379,39,0.11470588235294117,穩定,5.67,6.32,0.65
L3_DAY_TYPE_TIME_PERIOD,01F1292S_01F1389S,Weekend,凌晨,334,395,61,0.18263473053892215,穩定,5.57,6.58,1.02
L3_DAY_TYPE_TIME_PERIOD,01F1292S_01F1389S,Weekend,夜間,340,365,25,0.07352941176470588,穩定,5.67,6.08,0.42
L3_DAY_TYPE_TIME_PERIOD,01F1292S_01F1389S,Weekend,日間,348,386,38,0.10919540229885058,穩定,5.8,6.43,0.63
L3_DAY_TYPE_TIME_PERIOD,01F1292S_01F1389S,Weekend,早尖峰,342,378,36,0.10526315789473684,穩定,5.7,6.3,0.6
L3_DAY_TYPE_TIME_PERIOD,01F1292S_01F1389S,Weekend,晚尖峰,345,384,39,0.11304347826086956,穩定,5.75,6.4,0.65
L3_DAY_TYPE_TIME_PERIOD,01F1389N_01F1292N,Weekday,凌晨,333,385,52,0.15615615615615616,穩定,5.55,6.42,0.87
L3_DAY_TYPE_TIME_PERIOD,01F1389N_01F1292N,Weekday,夜間,331,378,47,0.1419939577039275,穩定,5.52,6.3,0.78
L3_DAY_TYPE_TIME_PERIOD,01F1389N_01F1292N,Weekday,日間,334,376,42,0.12574850299401197,穩定,5.57,6.27,0.7
L3_DAY_TYPE_TIME_PERIOD,01F1389N_01F1292N,Weekday,早尖峰,330,376,46,0.1393939393939394,穩定,5.5,6.27,0.77
L3_DAY_TYPE_TIME_PERIOD,01F1389N_01F1292N,Weekday,晚尖峰,335,370,35,0.1044776119402985,穩定,5.58,6.17,0.58
L3_DAY_TYPE_TIME_PERIOD,01F1389N_01F1292N,Weekend,凌晨,326,387,61,0.18711656441717792,穩定,5.43,6.45,1.02
L3_DAY_TYPE_TIME_PERIOD,01F1389N_01F1292N,Weekend,夜間,345,523,178,0.5159420289855072,不穩定,5.75,8.72,2.97
L3_DAY_TYPE_TIME_PERIOD,01F1389N_01F1292N,Weekend,日間,337,373,36,0.10682492581602374,穩定,5.62,6.22,0.6
L3_DAY_TYPE_TIME_PERIOD,01F1389N_01F1292N,Weekend,早尖峰,329,361,32,0.0972644376899696,穩定,5.48,6.02,0.53
L3_DAY_TYPE_TIME_PERIOD,01F1389N_01F1292N,Weekend,晚尖峰,349,799,450,1.2893982808022924,高風險,5.82,13.32,7.5
L3_DAY_TYPE_TIME_PERIOD,01F1389S_01F1465S,Weekday,凌晨,271,328,57,0.21033210332103322,穩定,4.52,5.47,0.95
L3_DAY_TYPE_TIME_PERIOD,01F1389S_01F1465S,Weekday,夜間,268,310,42,0.15671641791044777,穩定,4.47,5.17,0.7
L3_DAY_TYPE_TIME_PERIOD,01F1389S_01F1465S,Weekday,日間,270,315,45,0.16666666666666666,穩定,4.5,5.25,0.75
L3_DAY_TYPE_TIME_PERIOD,01F1389S_01F1465S,Weekday,早尖峰,262,311,49,0.18702290076335878,穩定,4.37,5.18,0.82
L3_DAY_TYPE_TIME_PERIOD,01F1389S_01F1465S,Weekday,晚尖峰,269,305,36,0.13382899628252787,穩定,4.48,5.08,0.6
L3_DAY_TYPE_TIME_PERIOD,01F1389S_01F1465S,Weekend,凌晨,262,312,50,0.19083969465648856,穩定,4.37,5.2,0.83
L3_DAY_TYPE_TIME_PERIOD,01F1389S_01F1465S,Weekend,夜間,267,288,21,0.07865168539325842,穩定,4.45,4.8,0.35
L3_DAY_TYPE_TIME_PERIOD,01F1389S_01F1465S,Weekend,日間,273,309,36,0.13186813186813187,穩定,4.55,5.15,0.6
L3_DAY_TYPE_TIME_PERIOD,01F1389S_01F1465S,Weekend,早尖峰,267,301,34,0.12734082397003746,穩定,4.45,5.02,0.57
L3_DAY_TYPE_TIME_PERIOD,01F1389S_01F1465S,Weekend,晚尖峰,273,323,50,0.18315018315018314,穩定,4.55,5.38,0.83
L3_DAY_TYPE_TIME_PERIOD,01F1465N_01F1389N,Weekday,凌晨,262,298,36,0.13740458015267176,穩定,4.37,4.97,0.6
L3_DAY_TYPE_TIME_PERIOD,01F1465N_01F1389N,Weekday,夜間,262,293,31,0.1183206106870229,穩定,4.37,4.88,0.52
L3_DAY_TYPE_TIME_PERIOD,01F1465N_01F1389N,Weekday,日間,264,296,32,0.12121212121212122,穩定,4.4,4.93,0.53
L3_DAY_TYPE_TIME_PERIOD,01F1465N_01F1389N,Weekday,早尖峰,261,295,34,0.13026819923371646,穩定,4.35,4.92,0.57
L3_DAY_TYPE_TIME_PERIOD,01F1465N_01F1389N,Weekday,晚尖峰,264,292,28,0.10606060606060606,穩定,4.4,4.87,0.47
L3_DAY_TYPE_TIME_PERIOD,01F1465N_01F1389N,Weekend,凌晨,257,295,38,0.14785992217898833,穩定,4.28,4.92,0.63
L3_DAY_TYPE_TIME_PERIOD,01F1465N_01F1389N,Weekend,夜間,273,309,36,0.13186813186813187,穩定,4.55,5.15,0.6
L3_DAY_TYPE_TIME_PERIOD,01F1465N_01F1389N,Weekend,日間,267,289,22,0.08239700374531835,穩定,4.45,4.82,0.37
L3_DAY_TYPE_TIME_PERIOD,01F1465N_01F1389N,Weekend,早尖峰,260,284,24,0.09230769230769231,穩定,4.33,4.73,0.4
L3_DAY_TYPE_TIME_PERIOD,01F1465N_01F1389N,Weekend,晚尖峰,275,447,172,0.6254545454545455,不穩定,4.58,7.45,2.87
L3_DAY_TYPE_TIME_PERIOD,01F1465S_01F1572S,Weekday,凌晨,375,443,68,0.18133333333333335,穩定,6.25,7.38,1.13
L3_DAY_TYPE_TIME_PERIOD,01F1465S_01F1572S,Weekday,夜間,374,425,51,0.13636363636363635,穩定,6.23,7.08,0.85
L3_DAY_TYPE_TIME_PERIOD,01F1465S_01F1572S,Weekday,日間,375,437,62,0.16533333333333333,穩定,6.25,7.28,1.03
L3_DAY_TYPE_TIME_PERIOD,01F1465S_01F1572S,Weekday,早尖峰,366,431,65,0.17759562841530055,穩定,6.1,7.18,1.08
L3_DAY_TYPE_TIME_PERIOD,01F1465S_01F1572S,Weekday,晚尖峰,379,444,65,0.17150395778364116,穩定,6.32,7.4,1.08
L3_DAY_TYPE_TIME_PERIOD,01F1465S_01F1572S,Weekend,凌晨,365,428,63,0.1726027397260274,穩定,6.08,7.13,1.05
L3_DAY_TYPE_TIME_PERIOD,01F1465S_01F1572S,Weekend,夜間,375,407,32,0.08533333333333333,穩定,6.25,6.78,0.53
L3_DAY_TYPE_TIME_PERIOD,01F1465S_01F1572S,Weekend,日間,381,444,63,0.16535433070866143,穩定,6.35,7.4,1.05
L3_DAY_TYPE_TIME_PERIOD,01F1465S_01F1572S,Weekend,早尖峰,371,411,40,0.1078167115902965,穩定,6.18,6.85,0.67
L3_DAY_TYPE_TIME_PERIOD,01F1465S_01F1572S,Weekend,晚尖峰,387,967,580,1.4987080103359174,高風險,6.45,16.12,9.67
L3_DAY_TYPE_TIME_PERIOD,01F1572N_01F1465N,Weekday,凌晨,381,512,131,0.3438320209973753,普通,6.35,8.53,2.18
L3_DAY_TYPE_TIME_PERIOD,01F1572N_01F1465N,Weekday,夜間,376,483,107,0.2845744680851064,普通,6.27,8.05,1.78
L3_DAY_TYPE_TIME_PERIOD,01F1572N_01F1465N,Weekday,日間,383,486,103,0.2689295039164491,普通,6.38,8.1,1.72
L3_DAY_TYPE_TIME_PERIOD,01F1572N_01F1465N,Weekday,早尖峰,377,483,106,0.28116710875331563,普通,6.28,8.05,1.77
L3_DAY_TYPE_TIME_PERIOD,01F1572N_01F1465N,Weekday,晚尖峰,379,469,90,0.23746701846965698,穩定,6.32,7.82,1.5
L3_DAY_TYPE_TIME_PERIOD,01F1572N_01F1465N,Weekend,凌晨,364,489,125,0.3434065934065934,普通,6.07,8.15,2.08
L3_DAY_TYPE_TIME_PERIOD,01F1572N_01F1465N,Weekend,夜間,398,530,132,0.3316582914572864,普通,6.63,8.83,2.2
L3_DAY_TYPE_TIME_PERIOD,01F1572N_01F1465N,Weekend,日間,390,445,55,0.14102564102564102,穩定,6.5,7.42,0.92
L3_DAY_TYPE_TIME_PERIOD,01F1572N_01F1465N,Weekend,早尖峰,373,435,62,0.16621983914209115,穩定,6.22,7.25,1.03
L3_DAY_TYPE_TIME_PERIOD,01F1572N_01F1465N,Weekend,晚尖峰,401,522,121,0.30174563591022446,普通,6.68,8.7,2.02
L3_DAY_TYPE_TIME_PERIOD,01F1572S_01F1621S,Weekday,凌晨,171,203,32,0.1871345029239766,穩定,2.85,3.38,0.53
L3_DAY_TYPE_TIME_PERIOD,01F1572S_01F1621S,Weekday,夜間,170,199,29,0.17058823529411765,穩定,2.83,3.32,0.48
L3_DAY_TYPE_TIME_PERIOD,01F1572S_01F1621S,Weekday,日間,171,200,29,0.1695906432748538,穩定,2.85,3.33,0.48
L3_DAY_TYPE_TIME_PERIOD,01F1572S_01F1621S,Weekday,早尖峰,165,198,33,0.2,穩定,2.75,3.3,0.55
L3_DAY_TYPE_TIME_PERIOD,01F1572S_01F1621S,Weekday,晚尖峰,176,452,276,1.5681818181818181,高風險,2.93,7.53,4.6
L3_DAY_TYPE_TIME_PERIOD,01F1572S_01F1621S,Weekend,凌晨,166,199,33,0.19879518072289157,穩定,2.77,3.32,0.55
L3_DAY_TYPE_TIME_PERIOD,01F1572S_01F1621S,Weekend,夜間,171,196,25,0.14619883040935672,穩定,2.85,3.27,0.42
L3_DAY_TYPE_TIME_PERIOD,01F1572S_01F1621S,Weekend,日間,175,361,186,1.062857142857143,高風險,2.92,6.02,3.1
L3_DAY_TYPE_TIME_PERIOD,01F1572S_01F1621S,Weekend,早尖峰,168,199,31,0.18452380952380953,穩定,2.8,3.32,0.52
L3_DAY_TYPE_TIME_PERIOD,01F1572S_01F1621S,Weekend,晚尖峰,188,642,454,2.4148936170212765,高風險,3.13,10.7,7.57
L3_DAY_TYPE_TIME_PERIOD,01F1621N_01F1572N,Weekday,凌晨,167,200,33,0.19760479041916168,穩定,2.78,3.33,0.55
L3_DAY_TYPE_TIME_PERIOD,01F1621N_01F1572N,Weekday,夜間,167,196,29,0.17365269461077845,穩定,2.78,3.27,0.48
L3_DAY_TYPE_TIME_PERIOD,01F1621N_01F1572N,Weekday,日間,170,197,27,0.1588235294117647,穩定,2.83,3.28,0.45
L3_DAY_TYPE_TIME_PERIOD,01F1621N_01F1572N,Weekday,早尖峰,169,196,27,0.15976331360946747,穩定,2.82,3.27,0.45
L3_DAY_TYPE_TIME_PERIOD,01F1621N_01F1572N,Weekday,晚尖峰,169,193,24,0.14201183431952663,穩定,2.82,3.22,0.4
L3_DAY_TYPE_TIME_PERIOD,01F1621N_01F1572N,Weekend,凌晨,163,200,37,0.22699386503067484,穩定,2.72,3.33,0.62
L3_DAY_TYPE_TIME_PERIOD,01F1621N_01F1572N,Weekend,夜間,177,518,341,1.926553672316384,高風險,2.95,8.63,5.68
L3_DAY_TYPE_TIME_PERIOD,01F1621N_01F1572N,Weekend,日間,174,193,19,0.10919540229885058,穩定,2.9,3.22,0.32
L3_DAY_TYPE_TIME_PERIOD,01F1621N_01F1572N,Weekend,早尖峰,166,187,21,0.12650602409638553,穩定,2.77,3.12,0.35
L3_DAY_TYPE_TIME_PERIOD,01F1621N_01F1572N,Weekend,晚尖峰,178,415,237,1.3314606741573034,高風險,2.97,6.92,3.95
L3_DAY_TYPE_TIME_PERIOD,01F1621S_01F1664S,Weekday,凌晨,147,241,94,0.6394557823129252,不穩定,2.45,4.02,1.57
L3_DAY_TYPE_TIME_PERIOD,01F1621S_01F1664S,Weekday,夜間,149,218,69,0.46308724832214765,普通,2.48,3.63,1.15
L3_DAY_TYPE_TIME_PERIOD,01F1621S_01F1664S,Weekday,日間,151,243,92,0.609271523178808,不穩定,2.52,4.05,1.53
L3_DAY_TYPE_TIME_PERIOD,01F1621S_01F1664S,Weekday,早尖峰,146,215,69,0.4726027397260274,普通,2.43,3.58,1.15
L3_DAY_TYPE_TIME_PERIOD,01F1621S_01F1664S,Weekday,晚尖峰,164,535,371,2.2621951219512195,高風險,2.73,8.92,6.18
L3_DAY_TYPE_TIME_PERIOD,01F1621S_01F1664S,Weekend,凌晨,143,204,61,0.42657342657342656,普通,2.38,3.4,1.02
L3_DAY_TYPE_TIME_PERIOD,01F1621S_01F1664S,Weekend,夜間,151,209,58,0.3841059602649007,普通,2.52,3.48,0.97
L3_DAY_TYPE_TIME_PERIOD,01F1621S_01F1664S,Weekend,日間,156,383,227,1.455128205128205,高風險,2.6,6.38,3.78
L3_DAY_TYPE_TIME_PERIOD,01F1621S_01F1664S,Weekend,早尖峰,146,191,45,0.3082191780821918,普通,2.43,3.18,0.75
L3_DAY_TYPE_TIME_PERIOD,01F1621S_01F1664S,Weekend,晚尖峰,220,536,316,1.4363636363636363,高風險,3.67,8.93,5.27
L3_DAY_TYPE_TIME_PERIOD,01F1621S_03F1651N,Weekday,凌晨,2469,3369,900,0.3645200486026732,普通,41.15,56.15,15.0
L3_DAY_TYPE_TIME_PERIOD,01F1621S_03F1651N,Weekday,夜間,1825,3315,1490,0.8164383561643835,不穩定,30.42,55.25,24.83
L3_DAY_TYPE_TIME_PERIOD,01F1621S_03F1651N,Weekday,日間,861,3260,2399,2.786295005807201,高風險,14.35,54.33,39.98
L3_DAY_TYPE_TIME_PERIOD,01F1621S_03F1651N,Weekday,早尖峰,1578,3304,1726,1.0937896070975919,高風險,26.3,55.07,28.77
L3_DAY_TYPE_TIME_PERIOD,01F1621S_03F1651N,Weekday,晚尖峰,763,3263,2500,3.2765399737876804,高風險,12.72,54.38,41.67
L3_DAY_TYPE_TIME_PERIOD,01F1621S_03F1651N,Weekend,凌晨,2060,3329,1269,0.6160194174757282,不穩定,34.33,55.48,21.15
L3_DAY_TYPE_TIME_PERIOD,01F1621S_03F1651N,Weekend,夜間,1609,3276,1667,1.036047234307023,高風險,26.82,54.6,27.78
L3_DAY_TYPE_TIME_PERIOD,01F1621S_03F1651N,Weekend,日間,678,3074,2396,3.533923303834808,高風險,11.3,51.23,39.93
L3_DAY_TYPE_TIME_PERIOD,01F1621S_03F1651N,Weekend,早尖峰,669,3212,2543,3.8011958146487292,高風險,11.15,53.53,42.38
L3_DAY_TYPE_TIME_PERIOD,01F1621S_03F1651N,Weekend,晚尖峰,751,3043,2292,3.051930758988016,高風險,12.52,50.72,38.2
L3_DAY_TYPE_TIME_PERIOD,01F1621S_03F1710S,Weekday,凌晨,612,1291,679,1.1094771241830066,高風險,10.2,21.52,11.32
L3_DAY_TYPE_TIME_PERIOD,01F1621S_03F1710S,Weekday,夜間,586,834,248,0.4232081911262799,普通,9.77,13.9,4.13
L3_DAY_TYPE_TIME_PERIOD,01F1621S_03F1710S,Weekday,日間,608,968,360,0.5921052631578947,不穩定,10.13,16.13,6.0
L3_DAY_TYPE_TIME_PERIOD,01F1621S_03F1710S,Weekday,早尖峰,585,719,134,0.22905982905982905,穩定,9.75,11.98,2.23
L3_DAY_TYPE_TIME_PERIOD,01F1621S_03F1710S,Weekday,晚尖峰,611,840,229,0.37479541734860883,普通,10.18,14.0,3.82
L3_DAY_TYPE_TIME_PERIOD,01F1621S_03F1710S,Weekend,凌晨,582,1251,669,1.1494845360824741,高風險,9.7,20.85,11.15
L3_DAY_TYPE_TIME_PERIOD,01F1621S_03F1710S,Weekend,夜間,597,838,241,0.4036850921273032,普通,9.95,13.97,4.02
L3_DAY_TYPE_TIME_PERIOD,01F1621S_03F1710S,Weekend,日間,605,825,220,0.36363636363636365,普通,10.08,13.75,3.67
L3_DAY_TYPE_TIME_PERIOD,01F1621S_03F1710S,Weekend,早尖峰,577,747,170,0.29462738301559793,普通,9.62,12.45,2.83
L3_DAY_TYPE_TIME_PERIOD,01F1621S_03F1710S,Weekend,晚尖峰,647,865,218,0.3369397217928903,普通,10.78,14.42,3.63
L3_DAY_TYPE_TIME_PERIOD,01F1664N_01F1621N,Weekday,凌晨,145,223,78,0.5379310344827586,不穩定,2.42,3.72,1.3
L3_DAY_TYPE_TIME_PERIOD,01F1664N_01F1621N,Weekday,夜間,148,183,35,0.23648648648648649,穩定,2.47,3.05,0.58
L3_DAY_TYPE_TIME_PERIOD,01F1664N_01F1621N,Weekday,日間,154,188,34,0.22077922077922077,穩定,2.57,3.13,0.57
L3_DAY_TYPE_TIME_PERIOD,01F1664N_01F1621N,Weekday,早尖峰,157,294,137,0.8726114649681529,不穩定,2.62,4.9,2.28
L3_DAY_TYPE_TIME_PERIOD,01F1664N_01F1621N,Weekday,晚尖峰,152,175,23,0.1513157894736842,穩定,2.53,2.92,0.38
L3_DAY_TYPE_TIME_PERIOD,01F1664N_01F1621N,Weekend,凌晨,141,189,48,0.3404255319148936,普通,2.35,3.15,0.8
L3_DAY_TYPE_TIME_PERIOD,01F1664N_01F1621N,Weekend,夜間,157,303,146,0.9299363057324841,不穩定,2.62,5.05,2.43
L3_DAY_TYPE_TIME_PERIOD,01F1664N_01F1621N,Weekend,日間,164,461,297,1.8109756097560976,高風險,2.73,7.68,4.95
L3_DAY_TYPE_TIME_PERIOD,01F1664N_01F1621N,Weekend,早尖峰,147,171,24,0.16326530612244897,穩定,2.45,2.85,0.4
L3_DAY_TYPE_TIME_PERIOD,01F1664N_01F1621N,Weekend,晚尖峰,163,501,338,2.0736196319018405,高風險,2.72,8.35,5.63
L3_DAY_TYPE_TIME_PERIOD,01F1664N_03F1651N,Weekday,凌晨,508,631,123,0.2421259842519685,穩定,8.47,10.52,2.05
L3_DAY_TYPE_TIME_PERIOD,01F1664N_03F1651N,Weekday,夜間,514,568,54,0.10505836575875487,穩定,8.57,9.47,0.9
L3_DAY_TYPE_TIME_PERIOD,01F1664N_03F1651N,Weekday,日間,533,585,52,0.0975609756097561,穩定,8.88,9.75,0.87
L3_DAY_TYPE_TIME_PERIOD,01F1664N_03F1651N,Weekday,早尖峰,520,571,51,0.09807692307692308,穩定,8.67,9.52,0.85
L3_DAY_TYPE_TIME_PERIOD,01F1664N_03F1651N,Weekday,晚尖峰,531,576,45,0.0847457627118644,穩定,8.85,9.6,0.75
L3_DAY_TYPE_TIME_PERIOD,01F1664N_03F1651N,Weekend,凌晨,499,585,86,0.17234468937875752,穩定,8.32,9.75,1.43
L3_DAY_TYPE_TIME_PERIOD,01F1664N_03F1651N,Weekend,夜間,519,574,55,0.10597302504816955,穩定,8.65,9.57,0.92
L3_DAY_TYPE_TIME_PERIOD,01F1664N_03F1651N,Weekend,日間,526,628,102,0.19391634980988592,穩定,8.77,10.47,1.7
L3_DAY_TYPE_TIME_PERIOD,01F1664N_03F1651N,Weekend,早尖峰,511,552,41,0.08023483365949119,穩定,8.52,9.2,0.68
L3_DAY_TYPE_TIME_PERIOD,01F1664N_03F1651N,Weekend,晚尖峰,532,732,200,0.37593984962406013,普通,8.87,12.2,3.33
L3_DAY_TYPE_TIME_PERIOD,01F1664N_03F1710S,Weekday,凌晨,526,2734,2208,4.197718631178708,高風險,8.77,45.57,36.8
L3_DAY_TYPE_TIME_PERIOD,01F1664N_03F1710S,Weekday,夜間,515,1659,1144,2.2213592233009707,高風險,8.58,27.65,19.07
L3_DAY_TYPE_TIME_PERIOD,01F1664N_03F1710S,Weekday,日間,538,2119,1581,2.9386617100371746,高風險,8.97,35.32,26.35
L3_DAY_TYPE_TIME_PERIOD,01F1664N_03F1710S,Weekday,早尖峰,516,847,331,0.6414728682170543,不穩定,8.6,14.12,5.52
L3_DAY_TYPE_TIME_PERIOD,01F1664N_03F1710S,Weekday,晚尖峰,529,1574,1045,1.9754253308128544,高風險,8.82,26.23,17.42
L3_DAY_TYPE_TIME_PERIOD,01F1664N_03F1710S,Weekend,凌晨,515,2514,1999,3.8815533980582524,高風險,8.58,41.9,33.32
L3_DAY_TYPE_TIME_PERIOD,01F1664N_03F1710S,Weekend,夜間,521,1626,1105,2.1209213051823417,高風險,8.68,27.1,18.42
L3_DAY_TYPE_TIME_PERIOD,01F1664N_03F1710S,Weekend,日間,525,1766,1241,2.363809523809524,高風險,8.75,29.43,20.68
L3_DAY_TYPE_TIME_PERIOD,01F1664N_03F1710S,Weekend,早尖峰,511,1590,1079,2.111545988258317,高風險,8.52,26.5,17.98
L3_DAY_TYPE_TIME_PERIOD,01F1664N_03F1710S,Weekend,晚尖峰,530,1625,1095,2.0660377358490565,高風險,8.83,27.08,18.25
L3_DAY_TYPE_TIME_PERIOD,01F1664S_01F1699S,Weekday,凌晨,119,145,26,0.2184873949579832,穩定,1.98,2.42,0.43
L3_DAY_TYPE_TIME_PERIOD,01F1664S_01F1699S,Weekday,夜間,125,171,46,0.368,普通,2.08,2.85,0.77
L3_DAY_TYPE_TIME_PERIOD,01F1664S_01F1699S,Weekday,日間,132,258,126,0.9545454545454546,不穩定,2.2,4.3,2.1
L3_DAY_TYPE_TIME_PERIOD,01F1664S_01F1699S,Weekday,早尖峰,132,255,123,0.9318181818181818,不穩定,2.2,4.25,2.05
L3_DAY_TYPE_TIME_PERIOD,01F1664S_01F1699S,Weekday,晚尖峰,164,353,189,1.1524390243902438,高風險,2.73,5.88,3.15
L3_DAY_TYPE_TIME_PERIOD,01F1664S_01F1699S,Weekend,凌晨,117,138,21,0.1794871794871795,穩定,1.95,2.3,0.35
L3_DAY_TYPE_TIME_PERIOD,01F1664S_01F1699S,Weekend,夜間,128,181,53,0.4140625,普通,2.13,3.02,0.88
L3_DAY_TYPE_TIME_PERIOD,01F1664S_01F1699S,Weekend,日間,135,252,117,0.8666666666666667,不穩定,2.25,4.2,1.95
L3_DAY_TYPE_TIME_PERIOD,01F1664S_01F1699S,Weekend,早尖峰,123,164,41,0.3333333333333333,普通,2.05,2.73,0.68
L3_DAY_TYPE_TIME_PERIOD,01F1664S_01F1699S,Weekend,晚尖峰,181,307,126,0.6961325966850829,不穩定,3.02,5.12,2.1
L3_DAY_TYPE_TIME_PERIOD,01F1699N_01F1664N,Weekday,凌晨,118,144,26,0.22033898305084745,穩定,1.97,2.4,0.43
L3_DAY_TYPE_TIME_PERIOD,01F1699N_01F1664N,Weekday,夜間,124,146,22,0.1774193548387097,穩定,2.07,2.43,0.37
L3_DAY_TYPE_TIME_PERIOD,01F1699N_01F1664N,Weekday,日間,132,157,25,0.1893939393939394,穩定,2.2,2.62,0.42
L3_DAY_TYPE_TIME_PERIOD,01F1699N_01F1664N,Weekday,早尖峰,134,208,74,0.5522388059701493,不穩定,2.23,3.47,1.23
L3_DAY_TYPE_TIME_PERIOD,01F1699N_01F1664N,Weekday,晚尖峰,136,168,32,0.23529411764705882,穩定,2.27,2.8,0.53
L3_DAY_TYPE_TIME_PERIOD,01F1699N_01F1664N,Weekend,凌晨,115,141,26,0.22608695652173913,穩定,1.92,2.35,0.43
L3_DAY_TYPE_TIME_PERIOD,01F1699N_01F1664N,Weekend,夜間,132,166,34,0.25757575757575757,普通,2.2,2.77,0.57
L3_DAY_TYPE_TIME_PERIOD,01F1699N_01F1664N,Weekend,日間,136,386,250,1.838235294117647,高風險,2.27,6.43,4.17
L3_DAY_TYPE_TIME_PERIOD,01F1699N_01F1664N,Weekend,早尖峰,122,140,18,0.14754098360655737,穩定,2.03,2.33,0.3
L3_DAY_TYPE_TIME_PERIOD,01F1699N_01F1664N,Weekend,晚尖峰,140,496,356,2.5428571428571427,高風險,2.33,8.27,5.93
L3_DAY_TYPE_TIME_PERIOD,01F1699S_01F1774S,Weekday,凌晨,256,308,52,0.203125,穩定,4.27,5.13,0.87
L3_DAY_TYPE_TIME_PERIOD,01F1699S_01F1774S,Weekday,夜間,261,342,81,0.3103448275862069,普通,4.35,5.7,1.35
L3_DAY_TYPE_TIME_PERIOD,01F1699S_01F1774S,Weekday,日間,275,337,62,0.22545454545454546,穩定,4.58,5.62,1.03
L3_DAY_TYPE_TIME_PERIOD,01F1699S_01F1774S,Weekday,早尖峰,275,317,42,0.15272727272727274,穩定,4.58,5.28,0.7
L3_DAY_TYPE_TIME_PERIOD,01F1699S_01F1774S,Weekday,晚尖峰,299,601,302,1.0100334448160535,高風險,4.98,10.02,5.03
L3_DAY_TYPE_TIME_PERIOD,01F1699S_01F1774S,Weekend,凌晨,249,295,46,0.18473895582329317,穩定,4.15,4.92,0.77
L3_DAY_TYPE_TIME_PERIOD,01F1699S_01F1774S,Weekend,夜間,264,345,81,0.3068181818181818,普通,4.4,5.75,1.35
L3_DAY_TYPE_TIME_PERIOD,01F1699S_01F1774S,Weekend,日間,275,381,106,0.38545454545454544,普通,4.58,6.35,1.77
L3_DAY_TYPE_TIME_PERIOD,01F1699S_01F1774S,Weekend,早尖峰,258,297,39,0.1511627906976744,穩定,4.3,4.95,0.65
L3_DAY_TYPE_TIME_PERIOD,01F1699S_01F1774S,Weekend,晚尖峰,296,517,221,0.7466216216216216,不穩定,4.93,8.62,3.68
L3_DAY_TYPE_TIME_PERIOD,01F1774N_01F1699N,Weekday,凌晨,260,315,55,0.21153846153846154,穩定,4.33,5.25,0.92
L3_DAY_TYPE_TIME_PERIOD,01F1774N_01F1699N,Weekday,夜間,271,327,56,0.2066420664206642,穩定,4.52,5.45,0.93
L3_DAY_TYPE_TIME_PERIOD,01F1774N_01F1699N,Weekday,日間,292,500,208,0.7123287671232876,不穩定,4.87,8.33,3.47
L3_DAY_TYPE_TIME_PERIOD,01F1774N_01F1699N,Weekday,早尖峰,291,457,166,0.570446735395189,不穩定,4.85,7.62,2.77
L3_DAY_TYPE_TIME_PERIOD,01F1774N_01F1699N,Weekday,晚尖峰,300,435,135,0.45,普通,5.0,7.25,2.25
L3_DAY_TYPE_TIME_PERIOD,01F1774N_01F1699N,Weekend,凌晨,252,307,55,0.21825396825396826,穩定,4.2,5.12,0.92
L3_DAY_TYPE_TIME_PERIOD,01F1774N_01F1699N,Weekend,夜間,287,463,176,0.6132404181184669,不穩定,4.78,7.72,2.93
L3_DAY_TYPE_TIME_PERIOD,01F1774N_01F1699N,Weekend,日間,319,678,359,1.1253918495297806,高風險,5.32,11.3,5.98
L3_DAY_TYPE_TIME_PERIOD,01F1774N_01F1699N,Weekend,早尖峰,262,310,48,0.183206106870229,穩定,4.37,5.17,0.8
L3_DAY_TYPE_TIME_PERIOD,01F1774N_01F1699N,Weekend,晚尖峰,318,811,493,1.550314465408805,高風險,5.3,13.52,8.22
L3_DAY_TYPE_TIME_PERIOD,01F1774S_01F1802S,Weekday,凌晨,94,112,18,0.19148936170212766,穩定,1.57,1.87,0.3
L3_DAY_TYPE_TIME_PERIOD,01F1774S_01F1802S,Weekday,夜間,92,108,16,0.17391304347826086,穩定,1.53,1.8,0.27
L3_DAY_TYPE_TIME_PERIOD,01F1774S_01F1802S,Weekday,日間,95,109,14,0.14736842105263157,穩定,1.58,1.82,0.23
L3_DAY_TYPE_TIME_PERIOD,01F1774S_01F1802S,Weekday,早尖峰,94,108,14,0.14893617021276595,穩定,1.57,1.8,0.23
L3_DAY_TYPE_TIME_PERIOD,01F1774S_01F1802S,Weekday,晚尖峰,97,110,13,0.13402061855670103,穩定,1.62,1.83,0.22
L3_DAY_TYPE_TIME_PERIOD,01F1774S_01F1802S,Weekend,凌晨,89,108,19,0.21348314606741572,穩定,1.48,1.8,0.32
L3_DAY_TYPE_TIME_PERIOD,01F1774S_01F1802S,Weekend,夜間,93,102,9,0.0967741935483871,穩定,1.55,1.7,0.15
L3_DAY_TYPE_TIME_PERIOD,01F1774S_01F1802S,Weekend,日間,94,105,11,0.11702127659574468,穩定,1.57,1.75,0.18
L3_DAY_TYPE_TIME_PERIOD,01F1774S_01F1802S,Weekend,早尖峰,92,105,13,0.14130434782608695,穩定,1.53,1.75,0.22
L3_DAY_TYPE_TIME_PERIOD,01F1774S_01F1802S,Weekend,晚尖峰,96,105,9,0.09375,穩定,1.6,1.75,0.15
L3_DAY_TYPE_TIME_PERIOD,01F1802N_01F1774N,Weekday,凌晨,98,115,17,0.17346938775510204,穩定,1.63,1.92,0.28
L3_DAY_TYPE_TIME_PERIOD,01F1802N_01F1774N,Weekday,夜間,97,116,19,0.1958762886597938,穩定,1.62,1.93,0.32
L3_DAY_TYPE_TIME_PERIOD,01F1802N_01F1774N,Weekday,日間,100,119,19,0.19,穩定,1.67,1.98,0.32
L3_DAY_TYPE_TIME_PERIOD,01F1802N_01F1774N,Weekday,早尖峰,99,120,21,0.21212121212121213,穩定,1.65,2.0,0.35
L3_DAY_TYPE_TIME_PERIOD,01F1802N_01F1774N,Weekday,晚尖峰,107,161,54,0.5046728971962616,不穩定,1.78,2.68,0.9
L3_DAY_TYPE_TIME_PERIOD,01F1802N_01F1774N,Weekend,凌晨,92,114,22,0.2391304347826087,穩定,1.53,1.9,0.37
L3_DAY_TYPE_TIME_PERIOD,01F1802N_01F1774N,Weekend,夜間,100,121,21,0.21,穩定,1.67,2.02,0.35
L3_DAY_TYPE_TIME_PERIOD,01F1802N_01F1774N,Weekend,日間,98,149,51,0.5204081632653061,不穩定,1.63,2.48,0.85
L3_DAY_TYPE_TIME_PERIOD,01F1802N_01F1774N,Weekend,早尖峰,93,109,16,0.17204301075268819,穩定,1.55,1.82,0.27
L3_DAY_TYPE_TIME_PERIOD,01F1802N_01F1774N,Weekend,晚尖峰,104,159,55,0.5288461538461539,不穩定,1.73,2.65,0.92
L3_DAY_TYPE_TIME_PERIOD,01F1802S_01F1839S,Weekday,凌晨,123,150,27,0.21951219512195122,穩定,2.05,2.5,0.45
L3_DAY_TYPE_TIME_PERIOD,01F1802S_01F1839S,Weekday,夜間,123,141,18,0.14634146341463414,穩定,2.05,2.35,0.3
L3_DAY_TYPE_TIME_PERIOD,01F1802S_01F1839S,Weekday,日間,126,145,19,0.15079365079365079,穩定,2.1,2.42,0.32
L3_DAY_TYPE_TIME_PERIOD,01F1802S_01F1839S,Weekday,早尖峰,124,141,17,0.13709677419354838,穩定,2.07,2.35,0.28
L3_DAY_TYPE_TIME_PERIOD,01F1802S_01F1839S,Weekday,晚尖峰,127,143,16,0.12598425196850394,穩定,2.12,2.38,0.27
L3_DAY_TYPE_TIME_PERIOD,01F1802S_01F1839S,Weekend,凌晨,120,144,24,0.2,穩定,2.0,2.4,0.4
L3_DAY_TYPE_TIME_PERIOD,01F1802S_01F1839S,Weekend,夜間,124,133,9,0.07258064516129033,穩定,2.07,2.22,0.15
L3_DAY_TYPE_TIME_PERIOD,01F1802S_01F1839S,Weekend,日間,125,144,19,0.152,穩定,2.08,2.4,0.32
L3_DAY_TYPE_TIME_PERIOD,01F1802S_01F1839S,Weekend,早尖峰,123,142,19,0.15447154471544716,穩定,2.05,2.37,0.32
L3_DAY_TYPE_TIME_PERIOD,01F1802S_01F1839S,Weekend,晚尖峰,126,136,10,0.07936507936507936,穩定,2.1,2.27,0.17
L3_DAY_TYPE_TIME_PERIOD,01F1839N_01F1802N,Weekday,凌晨,128,154,26,0.203125,穩定,2.13,2.57,0.43
L3_DAY_TYPE_TIME_PERIOD,01F1839N_01F1802N,Weekday,夜間,127,154,27,0.2125984251968504,穩定,2.12,2.57,0.45
L3_DAY_TYPE_TIME_PERIOD,01F1839N_01F1802N,Weekday,日間,130,152,22,0.16923076923076924,穩定,2.17,2.53,0.37
L3_DAY_TYPE_TIME_PERIOD,01F1839N_01F1802N,Weekday,早尖峰,130,157,27,0.2076923076923077,穩定,2.17,2.62,0.45
L3_DAY_TYPE_TIME_PERIOD,01F1839N_01F1802N,Weekday,晚尖峰,139,201,62,0.4460431654676259,普通,2.32,3.35,1.03
L3_DAY_TYPE_TIME_PERIOD,01F1839N_01F1802N,Weekend,凌晨,121,151,30,0.24793388429752067,穩定,2.02,2.52,0.5
L3_DAY_TYPE_TIME_PERIOD,01F1839N_01F1802N,Weekend,夜間,132,164,32,0.24242424242424243,穩定,2.2,2.73,0.53
L3_DAY_TYPE_TIME_PERIOD,01F1839N_01F1802N,Weekend,日間,129,149,20,0.15503875968992248,穩定,2.15,2.48,0.33
L3_DAY_TYPE_TIME_PERIOD,01F1839N_01F1802N,Weekend,早尖峰,123,144,21,0.17073170731707318,穩定,2.05,2.4,0.35
L3_DAY_TYPE_TIME_PERIOD,01F1839N_01F1802N,Weekend,晚尖峰,138,177,39,0.2826086956521739,普通,2.3,2.95,0.65
L3_DAY_TYPE_TIME_PERIOD,01F1839S_01F1906S,Weekday,凌晨,229,278,49,0.21397379912663755,穩定,3.82,4.63,0.82
L3_DAY_TYPE_TIME_PERIOD,01F1839S_01F1906S,Weekday,夜間,229,264,35,0.15283842794759825,穩定,3.82,4.4,0.58
L3_DAY_TYPE_TIME_PERIOD,01F1839S_01F1906S,Weekday,日間,236,276,40,0.1694915254237288,穩定,3.93,4.6,0.67
L3_DAY_TYPE_TIME_PERIOD,01F1839S_01F1906S,Weekday,早尖峰,231,264,33,0.14285714285714285,穩定,3.85,4.4,0.55
L3_DAY_TYPE_TIME_PERIOD,01F1839S_01F1906S,Weekday,晚尖峰,238,268,30,0.12605042016806722,穩定,3.97,4.47,0.5
L3_DAY_TYPE_TIME_PERIOD,01F1839S_01F1906S,Weekend,凌晨,222,267,45,0.20270270270270271,穩定,3.7,4.45,0.75
L3_DAY_TYPE_TIME_PERIOD,01F1839S_01F1906S,Weekend,夜間,231,248,17,0.0735930735930736,穩定,3.85,4.13,0.28
L3_DAY_TYPE_TIME_PERIOD,01F1839S_01F1906S,Weekend,日間,234,422,188,0.8034188034188035,不穩定,3.9,7.03,3.13
L3_DAY_TYPE_TIME_PERIOD,01F1839S_01F1906S,Weekend,早尖峰,229,293,64,0.2794759825327511,普通,3.82,4.88,1.07
L3_DAY_TYPE_TIME_PERIOD,01F1839S_01F1906S,Weekend,晚尖峰,236,254,18,0.07627118644067797,穩定,3.93,4.23,0.3
L3_DAY_TYPE_TIME_PERIOD,01F1906N_01F1839N,Weekday,凌晨,234,281,47,0.20085470085470086,穩定,3.9,4.68,0.78
L3_DAY_TYPE_TIME_PERIOD,01F1906N_01F1839N,Weekday,夜間,232,280,48,0.20689655172413793,穩定,3.87,4.67,0.8
L3_DAY_TYPE_TIME_PERIOD,01F1906N_01F1839N,Weekday,日間,239,287,48,0.200836820083682,穩定,3.98,4.78,0.8
L3_DAY_TYPE_TIME_PERIOD,01F1906N_01F1839N,Weekday,早尖峰,240,304,64,0.26666666666666666,普通,4.0,5.07,1.07
L3_DAY_TYPE_TIME_PERIOD,01F1906N_01F1839N,Weekday,晚尖峰,250,405,155,0.62,不穩定,4.17,6.75,2.58
L3_DAY_TYPE_TIME_PERIOD,01F1906N_01F1839N,Weekend,凌晨,224,274,50,0.22321428571428573,穩定,3.73,4.57,0.83
L3_DAY_TYPE_TIME_PERIOD,01F1906N_01F1839N,Weekend,夜間,241,290,49,0.2033195020746888,穩定,4.02,4.83,0.82
L3_DAY_TYPE_TIME_PERIOD,01F1906N_01F1839N,Weekend,日間,237,262,25,0.10548523206751055,穩定,3.95,4.37,0.42
L3_DAY_TYPE_TIME_PERIOD,01F1906N_01F1839N,Weekend,早尖峰,226,257,31,0.13716814159292035,穩定,3.77,4.28,0.52
L3_DAY_TYPE_TIME_PERIOD,01F1906N_01F1839N,Weekend,晚尖峰,251,322,71,0.28286852589641437,普通,4.18,5.37,1.18
L3_DAY_TYPE_TIME_PERIOD,01F1906S_01F1960S,Weekday,凌晨,180,219,39,0.21666666666666667,穩定,3.0,3.65,0.65
L3_DAY_TYPE_TIME_PERIOD,01F1906S_01F1960S,Weekday,夜間,181,218,37,0.20441988950276244,穩定,3.02,3.63,0.62
L3_DAY_TYPE_TIME_PERIOD,01F1906S_01F1960S,Weekday,日間,189,224,35,0.18518518518518517,穩定,3.15,3.73,0.58
L3_DAY_TYPE_TIME_PERIOD,01F1906S_01F1960S,Weekday,早尖峰,184,212,28,0.15217391304347827,穩定,3.07,3.53,0.47
L3_DAY_TYPE_TIME_PERIOD,01F1906S_01F1960S,Weekday,晚尖峰,190,252,62,0.3263157894736842,普通,3.17,4.2,1.03
L3_DAY_TYPE_TIME_PERIOD,01F1906S_01F1960S,Weekend,凌晨,175,210,35,0.2,穩定,2.92,3.5,0.58
L3_DAY_TYPE_TIME_PERIOD,01F1906S_01F1960S,Weekend,夜間,182,198,16,0.08791208791208792,穩定,3.03,3.3,0.27
L3_DAY_TYPE_TIME_PERIOD,01F1906S_01F1960S,Weekend,日間,189,514,325,1.7195767195767195,高風險,3.15,8.57,5.42
L3_DAY_TYPE_TIME_PERIOD,01F1906S_01F1960S,Weekend,早尖峰,183,444,261,1.4262295081967213,高風險,3.05,7.4,4.35
L3_DAY_TYPE_TIME_PERIOD,01F1906S_01F1960S,Weekend,晚尖峰,189,227,38,0.20105820105820105,穩定,3.15,3.78,0.63
L3_DAY_TYPE_TIME_PERIOD,01F1906S_03F1941N,Weekday,凌晨,215,771,556,2.5860465116279068,高風險,3.58,12.85,9.27
L3_DAY_TYPE_TIME_PERIOD,01F1906S_03F1941N,Weekday,夜間,217,250,33,0.15207373271889402,穩定,3.62,4.17,0.55
L3_DAY_TYPE_TIME_PERIOD,01F1906S_03F1941N,Weekday,日間,232,270,38,0.16379310344827586,穩定,3.87,4.5,0.63
L3_DAY_TYPE_TIME_PERIOD,01F1906S_03F1941N,Weekday,早尖峰,228,356,128,0.5614035087719298,不穩定,3.8,5.93,2.13
L3_DAY_TYPE_TIME_PERIOD,01F1906S_03F1941N,Weekday,晚尖峰,226,258,32,0.1415929203539823,穩定,3.77,4.3,0.53
L3_DAY_TYPE_TIME_PERIOD,01F1906S_03F1941N,Weekend,凌晨,211,275,64,0.3033175355450237,普通,3.52,4.58,1.07
L3_DAY_TYPE_TIME_PERIOD,01F1906S_03F1941N,Weekend,夜間,220,253,33,0.15,穩定,3.67,4.22,0.55
L3_DAY_TYPE_TIME_PERIOD,01F1906S_03F1941N,Weekend,日間,224,324,100,0.44642857142857145,普通,3.73,5.4,1.67
L3_DAY_TYPE_TIME_PERIOD,01F1906S_03F1941N,Weekend,早尖峰,218,265,47,0.21559633027522937,穩定,3.63,4.42,0.78
L3_DAY_TYPE_TIME_PERIOD,01F1906S_03F1941N,Weekend,晚尖峰,225,361,136,0.6044444444444445,不穩定,3.75,6.02,2.27
L3_DAY_TYPE_TIME_PERIOD,01F1906S_03F1991S,Weekday,凌晨,207,1924,1717,8.294685990338165,高風險,3.45,32.07,28.62
L3_DAY_TYPE_TIME_PERIOD,01F1906S_03F1991S,Weekday,夜間,203,952,749,3.689655172413793,高風險,3.38,15.87,12.48
L3_DAY_TYPE_TIME_PERIOD,01F1906S_03F1991S,Weekday,日間,212,250,38,0.1792452830188679,穩定,3.53,4.17,0.63
L3_DAY_TYPE_TIME_PERIOD,01F1906S_03F1991S,Weekday,早尖峰,205,238,33,0.16097560975609757,穩定,3.42,3.97,0.55
L3_DAY_TYPE_TIME_PERIOD,01F1906S_03F1991S,Weekday,晚尖峰,209,242,33,0.15789473684210525,穩定,3.48,4.03,0.55
L3_DAY_TYPE_TIME_PERIOD,01F1906S_03F1991S,Weekend,凌晨,198,1407,1209,6.106060606060606,高風險,3.3,23.45,20.15
L3_DAY_TYPE_TIME_PERIOD,01F1906S_03F1991S,Weekend,夜間,202,358,156,0.7722772277227723,不穩定,3.37,5.97,2.6
L3_DAY_TYPE_TIME_PERIOD,01F1906S_03F1991S,Weekend,日間,204,271,67,0.3284313725490196,普通,3.4,4.52,1.12
L3_DAY_TYPE_TIME_PERIOD,01F1906S_03F1991S,Weekend,早尖峰,200,260,60,0.3,普通,3.33,4.33,1.0
L3_DAY_TYPE_TIME_PERIOD,01F1906S_03F1991S,Weekend,晚尖峰,203,234,31,0.15270935960591134,穩定,3.38,3.9,0.52
L3_DAY_TYPE_TIME_PERIOD,01F1960N_01F1906N,Weekday,凌晨,184,220,36,0.1956521739130435,穩定,3.07,3.67,0.6
L3_DAY_TYPE_TIME_PERIOD,01F1960N_01F1906N,Weekday,夜間,181,217,36,0.19889502762430938,穩定,3.02,3.62,0.6
L3_DAY_TYPE_TIME_PERIOD,01F1960N_01F1906N,Weekday,日間,187,218,31,0.1657754010695187,穩定,3.12,3.63,0.52
L3_DAY_TYPE_TIME_PERIOD,01F1960N_01F1906N,Weekday,早尖峰,184,216,32,0.17391304347826086,穩定,3.07,3.6,0.53
L3_DAY_TYPE_TIME_PERIOD,01F1960N_01F1906N,Weekday,晚尖峰,195,238,43,0.2205128205128205,穩定,3.25,3.97,0.72
L3_DAY_TYPE_TIME_PERIOD,01F1960N_01F1906N,Weekend,凌晨,176,216,40,0.22727272727272727,穩定,2.93,3.6,0.67
L3_DAY_TYPE_TIME_PERIOD,01F1960N_01F1906N,Weekend,夜間,190,242,52,0.2736842105263158,普通,3.17,4.03,0.87
L3_DAY_TYPE_TIME_PERIOD,01F1960N_01F1906N,Weekend,日間,187,226,39,0.20855614973262032,穩定,3.12,3.77,0.65
L3_DAY_TYPE_TIME_PERIOD,01F1960N_01F1906N,Weekend,早尖峰,177,202,25,0.14124293785310735,穩定,2.95,3.37,0.42
L3_DAY_TYPE_TIME_PERIOD,01F1960N_01F1906N,Weekend,晚尖峰,207,260,53,0.2560386473429952,普通,3.45,4.33,0.88
L3_DAY_TYPE_TIME_PERIOD,01F1960N_03F1941N,Weekday,凌晨,289,327,38,0.1314878892733564,穩定,4.82,5.45,0.63
L3_DAY_TYPE_TIME_PERIOD,01F1960N_03F1941N,Weekday,夜間,274,330,56,0.20437956204379562,穩定,4.57,5.5,0.93
L3_DAY_TYPE_TIME_PERIOD,01F1960N_03F1941N,Weekday,日間,288,331,43,0.14930555555555555,穩定,4.8,5.52,0.72
L3_DAY_TYPE_TIME_PERIOD,01F1960N_03F1941N,Weekday,早尖峰,284,336,52,0.18309859154929578,穩定,4.73,5.6,0.87
L3_DAY_TYPE_TIME_PERIOD,01F1960N_03F1941N,Weekday,晚尖峰,294,372,78,0.2653061224489796,普通,4.9,6.2,1.3
L3_DAY_TYPE_TIME_PERIOD,01F1960N_03F1941N,Weekend,凌晨,259,332,73,0.28185328185328185,普通,4.32,5.53,1.22
L3_DAY_TYPE_TIME_PERIOD,01F1960N_03F1941N,Weekend,夜間,283,399,116,0.4098939929328622,普通,4.72,6.65,1.93
L3_DAY_TYPE_TIME_PERIOD,01F1960N_03F1941N,Weekend,日間,280,491,211,0.7535714285714286,不穩定,4.67,8.18,3.52
L3_DAY_TYPE_TIME_PERIOD,01F1960N_03F1941N,Weekend,早尖峰,262,305,43,0.16412213740458015,穩定,4.37,5.08,0.72
L3_DAY_TYPE_TIME_PERIOD,01F1960N_03F1941N,Weekend,晚尖峰,310,526,216,0.6967741935483871,不穩定,5.17,8.77,3.6
L3_DAY_TYPE_TIME_PERIOD,01F1960N_03F1991S,Weekday,凌晨,252,316,64,0.25396825396825395,普通,4.2,5.27,1.07
L3_DAY_TYPE_TIME_PERIOD,01F1960N_03F1991S,Weekday,夜間,257,292,35,0.13618677042801555,穩定,4.28,4.87,0.58
L3_DAY_TYPE_TIME_PERIOD,01F1960N_03F1991S,Weekday,日間,272,308,36,0.1323529411764706,穩定,4.53,5.13,0.6
L3_DAY_TYPE_TIME_PERIOD,01F1960N_03F1991S,Weekday,早尖峰,263,302,39,0.1482889733840304,穩定,4.38,5.03,0.65
L3_DAY_TYPE_TIME_PERIOD,01F1960N_03F1991S,Weekday,晚尖峰,277,351,74,0.26714801444043323,普通,4.62,5.85,1.23
L3_DAY_TYPE_TIME_PERIOD,01F1960N_03F1991S,Weekend,凌晨,245,295,50,0.20408163265306123,穩定,4.08,4.92,0.83
L3_DAY_TYPE_TIME_PERIOD,01F1960N_03F1991S,Weekend,夜間,265,348,83,0.3132075471698113,普通,4.42,5.8,1.38
L3_DAY_TYPE_TIME_PERIOD,01F1960N_03F1991S,Weekend,日間,264,355,91,0.3446969696969697,普通,4.4,5.92,1.52
L3_DAY_TYPE_TIME_PERIOD,01F1960N_03F1991S,Weekend,早尖峰,251,280,29,0.11553784860557768,穩定,4.18,4.67,0.48
L3_DAY_TYPE_TIME_PERIOD,01F1960N_03F1991S,Weekend,晚尖峰,281,364,83,0.29537366548042704,普通,4.68,6.07,1.38
L3_DAY_TYPE_TIME_PERIOD,01F1960S_01F2011S,Weekday,凌晨,181,211,30,0.16574585635359115,穩定,3.02,3.52,0.5
L3_DAY_TYPE_TIME_PERIOD,01F1960S_01F2011S,Weekday,夜間,173,227,54,0.31213872832369943,普通,2.88,3.78,0.9
L3_DAY_TYPE_TIME_PERIOD,01F1960S_01F2011S,Weekday,日間,183,248,65,0.3551912568306011,普通,3.05,4.13,1.08
L3_DAY_TYPE_TIME_PERIOD,01F1960S_01F2011S,Weekday,早尖峰,178,207,29,0.16292134831460675,穩定,2.97,3.45,0.48
L3_DAY_TYPE_TIME_PERIOD,01F1960S_01F2011S,Weekday,晚尖峰,184,241,57,0.30978260869565216,普通,3.07,4.02,0.95
L3_DAY_TYPE_TIME_PERIOD,01F1960S_01F2011S,Weekend,凌晨,167,208,41,0.24550898203592814,穩定,2.78,3.47,0.68
L3_DAY_TYPE_TIME_PERIOD,01F1960S_01F2011S,Weekend,夜間,174,202,28,0.16091954022988506,穩定,2.9,3.37,0.47
L3_DAY_TYPE_TIME_PERIOD,01F1960S_01F2011S,Weekend,日間,184,471,287,1.559782608695652,高風險,3.07,7.85,4.78
L3_DAY_TYPE_TIME_PERIOD,01F1960S_01F2011S,Weekend,早尖峰,177,335,158,0.8926553672316384,不穩定,2.95,5.58,2.63
L3_DAY_TYPE_TIME_PERIOD,01F1960S_01F2011S,Weekend,晚尖峰,183,251,68,0.37158469945355194,普通,3.05,4.18,1.13
L3_DAY_TYPE_TIME_PERIOD,01F2011N_01F1960N,Weekday,凌晨,180,210,30,0.16666666666666666,穩定,3.0,3.5,0.5
L3_DAY_TYPE_TIME_PERIOD,01F2011N_01F1960N,Weekday,夜間,173,213,40,0.23121387283236994,穩定,2.88,3.55,0.67
L3_DAY_TYPE_TIME_PERIOD,01F2011N_01F1960N,Weekday,日間,181,214,33,0.18232044198895028,穩定,3.02,3.57,0.55
L3_DAY_TYPE_TIME_PERIOD,01F2011N_01F1960N,Weekday,早尖峰,175,208,33,0.18857142857142858,穩定,2.92,3.47,0.55
L3_DAY_TYPE_TIME_PERIOD,01F2011N_01F1960N,Weekday,晚尖峰,192,317,125,0.6510416666666666,不穩定,3.2,5.28,2.08
L3_DAY_TYPE_TIME_PERIOD,01F2011N_01F1960N,Weekend,凌晨,166,212,46,0.27710843373493976,普通,2.77,3.53,0.77
L3_DAY_TYPE_TIME_PERIOD,01F2011N_01F1960N,Weekend,夜間,185,477,292,1.5783783783783785,高風險,3.08,7.95,4.87
L3_DAY_TYPE_TIME_PERIOD,01F2011N_01F1960N,Weekend,日間,183,416,233,1.273224043715847,高風險,3.05,6.93,3.88
L3_DAY_TYPE_TIME_PERIOD,01F2011N_01F1960N,Weekend,早尖峰,168,200,32,0.19047619047619047,穩定,2.8,3.33,0.53
L3_DAY_TYPE_TIME_PERIOD,01F2011N_01F1960N,Weekend,晚尖峰,211,523,312,1.4786729857819905,高風險,3.52,8.72,5.2
L3_DAY_TYPE_TIME_PERIOD,01F2011S_01F2089S,Weekday,凌晨,276,323,47,0.17028985507246377,穩定,4.6,5.38,0.78
L3_DAY_TYPE_TIME_PERIOD,01F2011S_01F2089S,Weekday,夜間,266,330,64,0.24060150375939848,穩定,4.43,5.5,1.07
L3_DAY_TYPE_TIME_PERIOD,01F2011S_01F2089S,Weekday,日間,281,358,77,0.27402135231316727,普通,4.68,5.97,1.28
L3_DAY_TYPE_TIME_PERIOD,01F2011S_01F2089S,Weekday,早尖峰,271,316,45,0.16605166051660517,穩定,4.52,5.27,0.75
L3_DAY_TYPE_TIME_PERIOD,01F2011S_01F2089S,Weekday,晚尖峰,277,335,58,0.20938628158844766,穩定,4.62,5.58,0.97
L3_DAY_TYPE_TIME_PERIOD,01F2011S_01F2089S,Weekend,凌晨,256,318,62,0.2421875,穩定,4.27,5.3,1.03
L3_DAY_TYPE_TIME_PERIOD,01F2011S_01F2089S,Weekend,夜間,266,307,41,0.15413533834586465,穩定,4.43,5.12,0.68
L3_DAY_TYPE_TIME_PERIOD,01F2011S_01F2089S,Weekend,日間,285,994,709,2.487719298245614,高風險,4.75,16.57,11.82
L3_DAY_TYPE_TIME_PERIOD,01F2011S_01F2089S,Weekend,早尖峰,270,403,133,0.4925925925925926,普通,4.5,6.72,2.22
L3_DAY_TYPE_TIME_PERIOD,01F2011S_01F2089S,Weekend,晚尖峰,279,367,88,0.3154121863799283,普通,4.65,6.12,1.47
L3_DAY_TYPE_TIME_PERIOD,01F2011S_03F2194N,Weekday,凌晨,2198,3282,1084,0.4931756141947225,普通,36.63,54.7,18.07
L3_DAY_TYPE_TIME_PERIOD,01F2011S_03F2194N,Weekday,夜間,2412,3314,902,0.37396351575456055,普通,40.2,55.23,15.03
L3_DAY_TYPE_TIME_PERIOD,01F2011S_03F2194N,Weekday,日間,2467,3316,849,0.3441426834211593,普通,41.12,55.27,14.15
L3_DAY_TYPE_TIME_PERIOD,01F2011S_03F2194N,Weekday,早尖峰,2042,3260,1218,0.5964740450538688,不穩定,34.03,54.33,20.3
L3_DAY_TYPE_TIME_PERIOD,01F2011S_03F2194N,Weekday,晚尖峰,2531,3345,814,0.321612011062821,普通,42.18,55.75,13.57
L3_DAY_TYPE_TIME_PERIOD,01F2011S_03F2194N,Weekend,凌晨,2190,3260,1070,0.4885844748858447,普通,36.5,54.33,17.83
L3_DAY_TYPE_TIME_PERIOD,01F2011S_03F2194N,Weekend,夜間,2312,3270,958,0.4143598615916955,普通,38.53,54.5,15.97
L3_DAY_TYPE_TIME_PERIOD,01F2011S_03F2194N,Weekend,日間,1770,3245,1475,0.8333333333333334,不穩定,29.5,54.08,24.58
L3_DAY_TYPE_TIME_PERIOD,01F2011S_03F2194N,Weekend,早尖峰,1548,3186,1638,1.058139534883721,高風險,25.8,53.1,27.3
L3_DAY_TYPE_TIME_PERIOD,01F2011S_03F2194N,Weekend,晚尖峰,2278,3298,1020,0.44776119402985076,普通,37.97,54.97,17.0
L3_DAY_TYPE_TIME_PERIOD,01F2011S_03F2235S,Weekday,凌晨,999,2385,1386,1.3873873873873874,高風險,16.65,39.75,23.1
L3_DAY_TYPE_TIME_PERIOD,01F2011S_03F2235S,Weekday,夜間,1046,1693,647,0.6185468451242829,不穩定,17.43,28.22,10.78
L3_DAY_TYPE_TIME_PERIOD,01F2011S_03F2235S,Weekday,日間,1091,2099,1008,0.923923006416132,不穩定,18.18,34.98,16.8
L3_DAY_TYPE_TIME_PERIOD,01F2011S_03F2235S,Weekday,早尖峰,1057,1166,109,0.10312204351939451,穩定,17.62,19.43,1.82
L3_DAY_TYPE_TIME_PERIOD,01F2011S_03F2235S,Weekday,晚尖峰,1103,1771,668,0.6056210335448776,不穩定,18.38,29.52,11.13
L3_DAY_TYPE_TIME_PERIOD,01F2011S_03F2235S,Weekend,凌晨,997,1979,982,0.9849548645937813,不穩定,16.62,32.98,16.37
L3_DAY_TYPE_TIME_PERIOD,01F2011S_03F2235S,Weekend,夜間,1051,1698,647,0.615604186489058,不穩定,17.52,28.3,10.78
L3_DAY_TYPE_TIME_PERIOD,01F2011S_03F2235S,Weekend,日間,1092,1706,614,0.5622710622710623,不穩定,18.2,28.43,10.23
L3_DAY_TYPE_TIME_PERIOD,01F2011S_03F2235S,Weekend,早尖峰,1041,1206,165,0.1585014409221902,穩定,17.35,20.1,2.75
L3_DAY_TYPE_TIME_PERIOD,01F2011S_03F2235S,Weekend,晚尖峰,1080,1717,637,0.5898148148148148,不穩定,18.0,28.62,10.62
L3_DAY_TYPE_TIME_PERIOD,01F2089N_01F2011N,Weekday,凌晨,274,321,47,0.17153284671532848,穩定,4.57,5.35,0.78
L3_DAY_TYPE_TIME_PERIOD,01F2089N_01F2011N,Weekday,夜間,266,324,58,0.21804511278195488,穩定,4.43,5.4,0.97
L3_DAY_TYPE_TIME_PERIOD,01F2089N_01F2011N,Weekday,日間,280,334,54,0.19285714285714287,穩定,4.67,5.57,0.9
L3_DAY_TYPE_TIME_PERIOD,01F2089N_01F2011N,Weekday,早尖峰,270,317,47,0.17407407407407408,穩定,4.5,5.28,0.78
L3_DAY_TYPE_TIME_PERIOD,01F2089N_01F2011N,Weekday,晚尖峰,294,478,184,0.6258503401360545,不穩定,4.9,7.97,3.07
L3_DAY_TYPE_TIME_PERIOD,01F2089N_01F2011N,Weekend,凌晨,255,323,68,0.26666666666666666,普通,4.25,5.38,1.13
L3_DAY_TYPE_TIME_PERIOD,01F2089N_01F2011N,Weekend,夜間,282,754,472,1.673758865248227,高風險,4.7,12.57,7.87
L3_DAY_TYPE_TIME_PERIOD,01F2089N_01F2011N,Weekend,日間,282,506,224,0.7943262411347518,不穩定,4.7,8.43,3.73
L3_DAY_TYPE_TIME_PERIOD,01F2089N_01F2011N,Weekend,早尖峰,259,306,47,0.18146718146718147,穩定,4.32,5.1,0.78
L3_DAY_TYPE_TIME_PERIOD,01F2089N_01F2011N,Weekend,晚尖峰,323,920,597,1.848297213622291,高風險,5.38,15.33,9.95
L3_DAY_TYPE_TIME_PERIOD,01F2089N_03F2194N,Weekday,凌晨,913,1106,193,0.21139101861993428,穩定,15.22,18.43,3.22
L3_DAY_TYPE_TIME_PERIOD,01F2089N_03F2194N,Weekday,夜間,922,1042,120,0.1301518438177874,穩定,15.37,17.37,2.0
L3_DAY_TYPE_TIME_PERIOD,01F2089N_03F2194N,Weekday,日間,953,1064,111,0.11647429171038824,穩定,15.88,17.73,1.85
L3_DAY_TYPE_TIME_PERIOD,01F2089N_03F2194N,Weekday,早尖峰,940,1039,99,0.10531914893617021,穩定,15.67,17.32,1.65
L3_DAY_TYPE_TIME_PERIOD,01F2089N_03F2194N,Weekday,晚尖峰,966,1149,183,0.18944099378881987,穩定,16.1,19.15,3.05
L3_DAY_TYPE_TIME_PERIOD,01F2089N_03F2194N,Weekend,凌晨,903,1076,173,0.19158361018826134,穩定,15.05,17.93,2.88
L3_DAY_TYPE_TIME_PERIOD,01F2089N_03F2194N,Weekend,夜間,936,1043,107,0.11431623931623931,穩定,15.6,17.38,1.78
L3_DAY_TYPE_TIME_PERIOD,01F2089N_03F2194N,Weekend,日間,948,1042,94,0.09915611814345991,穩定,15.8,17.37,1.57
L3_DAY_TYPE_TIME_PERIOD,01F2089N_03F2194N,Weekend,早尖峰,925,1016,91,0.09837837837837837,穩定,15.42,16.93,1.52
L3_DAY_TYPE_TIME_PERIOD,01F2089N_03F2194N,Weekend,晚尖峰,964,1168,204,0.21161825726141079,穩定,16.07,19.47,3.4
L3_DAY_TYPE_TIME_PERIOD,01F2089N_03F2235S,Weekday,凌晨,805,1391,586,0.7279503105590062,不穩定,13.42,23.18,9.77
L3_DAY_TYPE_TIME_PERIOD,01F2089N_03F2235S,Weekday,夜間,817,982,165,0.20195838433292534,穩定,13.62,16.37,2.75
L3_DAY_TYPE_TIME_PERIOD,01F2089N_03F2235S,Weekday,日間,848,1336,488,0.5754716981132075,不穩定,14.13,22.27,8.13
L3_DAY_TYPE_TIME_PERIOD,01F2089N_03F2235S,Weekday,早尖峰,835,947,112,0.1341317365269461,穩定,13.92,15.78,1.87
L3_DAY_TYPE_TIME_PERIOD,01F2089N_03F2235S,Weekday,晚尖峰,858,1099,241,0.28088578088578087,普通,14.3,18.32,4.02
L3_DAY_TYPE_TIME_PERIOD,01F2089N_03F2235S,Weekend,凌晨,802,1158,356,0.44389027431421446,普通,13.37,19.3,5.93
L3_DAY_TYPE_TIME_PERIOD,01F2089N_03F2235S,Weekend,夜間,824,1006,182,0.220873786407767,穩定,13.73,16.77,3.03
L3_DAY_TYPE_TIME_PERIOD,01F2089N_03F2235S,Weekend,日間,849,982,133,0.15665488810365136,穩定,14.15,16.37,2.22
L3_DAY_TYPE_TIME_PERIOD,01F2089N_03F2235S,Weekend,早尖峰,829,944,115,0.13872135102533173,穩定,13.82,15.73,1.92
L3_DAY_TYPE_TIME_PERIOD,01F2089N_03F2235S,Weekend,晚尖峰,851,984,133,0.1562867215041128,穩定,14.18,16.4,2.22
L3_DAY_TYPE_TIME_PERIOD,01F2089S_01F2156S,Weekday,凌晨,239,276,37,0.15481171548117154,穩定,3.98,4.6,0.62
L3_DAY_TYPE_TIME_PERIOD,01F2089S_01F2156S,Weekday,夜間,225,283,58,0.2577777777777778,普通,3.75,4.72,0.97
L3_DAY_TYPE_TIME_PERIOD,01F2089S_01F2156S,Weekday,日間,238,313,75,0.31512605042016806,普通,3.97,5.22,1.25
L3_DAY_TYPE_TIME_PERIOD,01F2089S_01F2156S,Weekday,早尖峰,230,271,41,0.1782608695652174,穩定,3.83,4.52,0.68
L3_DAY_TYPE_TIME_PERIOD,01F2089S_01F2156S,Weekday,晚尖峰,233,286,53,0.22746781115879827,穩定,3.88,4.77,0.88
L3_DAY_TYPE_TIME_PERIOD,01F2089S_01F2156S,Weekend,凌晨,217,273,56,0.25806451612903225,普通,3.62,4.55,0.93
L3_DAY_TYPE_TIME_PERIOD,01F2089S_01F2156S,Weekend,夜間,226,260,34,0.1504424778761062,穩定,3.77,4.33,0.57
L3_DAY_TYPE_TIME_PERIOD,01F2089S_01F2156S,Weekend,日間,245,523,278,1.1346938775510205,高風險,4.08,8.72,4.63
L3_DAY_TYPE_TIME_PERIOD,01F2089S_01F2156S,Weekend,早尖峰,230,394,164,0.7130434782608696,不穩定,3.83,6.57,2.73
L3_DAY_TYPE_TIME_PERIOD,01F2089S_01F2156S,Weekend,晚尖峰,240,393,153,0.6375,不穩定,4.0,6.55,2.55
L3_DAY_TYPE_TIME_PERIOD,01F2156N_01F2089N,Weekday,凌晨,237,275,38,0.16033755274261605,穩定,3.95,4.58,0.63
L3_DAY_TYPE_TIME_PERIOD,01F2156N_01F2089N,Weekday,夜間,226,279,53,0.2345132743362832,穩定,3.77,4.65,0.88
L3_DAY_TYPE_TIME_PERIOD,01F2156N_01F2089N,Weekday,日間,236,282,46,0.19491525423728814,穩定,3.93,4.7,0.77
L3_DAY_TYPE_TIME_PERIOD,01F2156N_01F2089N,Weekday,早尖峰,225,270,45,0.2,穩定,3.75,4.5,0.75
L3_DAY_TYPE_TIME_PERIOD,01F2156N_01F2089N,Weekday,晚尖峰,247,336,89,0.3603238866396761,普通,4.12,5.6,1.48
L3_DAY_TYPE_TIME_PERIOD,01F2156N_01F2089N,Weekend,凌晨,217,277,60,0.2764976958525346,普通,3.62,4.62,1.0
L3_DAY_TYPE_TIME_PERIOD,01F2156N_01F2089N,Weekend,夜間,239,771,532,2.225941422594142,高風險,3.98,12.85,8.87
L3_DAY_TYPE_TIME_PERIOD,01F2156N_01F2089N,Weekend,日間,240,560,320,1.3333333333333333,高風險,4.0,9.33,5.33
L3_DAY_TYPE_TIME_PERIOD,01F2156N_01F2089N,Weekend,早尖峰,220,263,43,0.19545454545454546,穩定,3.67,4.38,0.72
L3_DAY_TYPE_TIME_PERIOD,01F2156N_01F2089N,Weekend,晚尖峰,288,832,544,1.8888888888888888,高風險,4.8,13.87,9.07
L3_DAY_TYPE_TIME_PERIOD,01F2156S_01F2249S,Weekday,凌晨,340,412,72,0.21176470588235294,穩定,5.67,6.87,1.2
L3_DAY_TYPE_TIME_PERIOD,01F2156S_01F2249S,Weekday,夜間,310,404,94,0.3032258064516129,普通,5.17,6.73,1.57
L3_DAY_TYPE_TIME_PERIOD,01F2156S_01F2249S,Weekday,日間,323,412,89,0.2755417956656347,普通,5.38,6.87,1.48
L3_DAY_TYPE_TIME_PERIOD,01F2156S_01F2249S,Weekday,早尖峰,313,384,71,0.2268370607028754,穩定,5.22,6.4,1.18
L3_DAY_TYPE_TIME_PERIOD,01F2156S_01F2249S,Weekday,晚尖峰,316,393,77,0.24367088607594936,穩定,5.27,6.55,1.28
L3_DAY_TYPE_TIME_PERIOD,01F2156S_01F2249S,Weekend,凌晨,302,395,93,0.3079470198675497,普通,5.03,6.58,1.55
L3_DAY_TYPE_TIME_PERIOD,01F2156S_01F2249S,Weekend,夜間,311,363,52,0.16720257234726688,穩定,5.18,6.05,0.87
L3_DAY_TYPE_TIME_PERIOD,01F2156S_01F2249S,Weekend,日間,330,490,160,0.48484848484848486,普通,5.5,8.17,2.67
L3_DAY_TYPE_TIME_PERIOD,01F2156S_01F2249S,Weekend,早尖峰,314,372,58,0.18471337579617833,穩定,5.23,6.2,0.97
L3_DAY_TYPE_TIME_PERIOD,01F2156S_01F2249S,Weekend,晚尖峰,326,413,87,0.2668711656441718,普通,5.43,6.88,1.45
L3_DAY_TYPE_TIME_PERIOD,01F2249N_01F2156N,Weekday,凌晨,341,457,116,0.34017595307917886,普通,5.68,7.62,1.93
L3_DAY_TYPE_TIME_PERIOD,01F2249N_01F2156N,Weekday,夜間,310,443,133,0.4290322580645161,普通,5.17,7.38,2.22
L3_DAY_TYPE_TIME_PERIOD,01F2249N_01F2156N,Weekday,日間,320,434,114,0.35625,普通,5.33,7.23,1.9
L3_DAY_TYPE_TIME_PERIOD,01F2249N_01F2156N,Weekday,早尖峰,306,415,109,0.3562091503267974,普通,5.1,6.92,1.82
L3_DAY_TYPE_TIME_PERIOD,01F2249N_01F2156N,Weekday,晚尖峰,331,576,245,0.7401812688821753,不穩定,5.52,9.6,4.08
L3_DAY_TYPE_TIME_PERIOD,01F2249N_01F2156N,Weekend,凌晨,300,422,122,0.4066666666666667,普通,5.0,7.03,2.03
L3_DAY_TYPE_TIME_PERIOD,01F2249N_01F2156N,Weekend,夜間,322,728,406,1.2608695652173914,高風險,5.37,12.13,6.77
L3_DAY_TYPE_TIME_PERIOD,01F2249N_01F2156N,Weekend,日間,324,687,363,1.1203703703703705,高風險,5.4,11.45,6.05
L3_DAY_TYPE_TIME_PERIOD,01F2249N_01F2156N,Weekend,早尖峰,302,382,80,0.26490066225165565,普通,5.03,6.37,1.33
L3_DAY_TYPE_TIME_PERIOD,01F2249N_01F2156N,Weekend,晚尖峰,380,991,611,1.6078947368421053,高風險,6.33,16.52,10.18
L3_DAY_TYPE_TIME_PERIOD,01F2249S_01F2322S,Weekday,凌晨,270,310,40,0.14814814814814814,穩定,4.5,5.17,0.67
L3_DAY_TYPE_TIME_PERIOD,01F2249S_01F2322S,Weekday,夜間,247,314,67,0.27125506072874495,普通,4.12,5.23,1.12
L3_DAY_TYPE_TIME_PERIOD,01F2249S_01F2322S,Weekday,日間,258,316,58,0.2248062015503876,穩定,4.3,5.27,0.97
L3_DAY_TYPE_TIME_PERIOD,01F2249S_01F2322S,Weekday,早尖峰,249,300,51,0.20481927710843373,穩定,4.15,5.0,0.85
L3_DAY_TYPE_TIME_PERIOD,01F2249S_01F2322S,Weekday,晚尖峰,251,310,59,0.2350597609561753,穩定,4.18,5.17,0.98
L3_DAY_TYPE_TIME_PERIOD,01F2249S_01F2322S,Weekend,凌晨,242,306,64,0.2644628099173554,普通,4.03,5.1,1.07
L3_DAY_TYPE_TIME_PERIOD,01F2249S_01F2322S,Weekend,夜間,246,286,40,0.16260162601626016,穩定,4.1,4.77,0.67
L3_DAY_TYPE_TIME_PERIOD,01F2249S_01F2322S,Weekend,日間,260,371,111,0.4269230769230769,普通,4.33,6.18,1.85
L3_DAY_TYPE_TIME_PERIOD,01F2249S_01F2322S,Weekend,早尖峰,250,300,50,0.2,穩定,4.17,5.0,0.83
L3_DAY_TYPE_TIME_PERIOD,01F2249S_01F2322S,Weekend,晚尖峰,258,343,85,0.32945736434108525,普通,4.3,5.72,1.42
L3_DAY_TYPE_TIME_PERIOD,01F2322N_01F2249N,Weekday,凌晨,271,309,38,0.14022140221402213,穩定,4.52,5.15,0.63
L3_DAY_TYPE_TIME_PERIOD,01F2322N_01F2249N,Weekday,夜間,249,312,63,0.25301204819277107,普通,4.15,5.2,1.05
L3_DAY_TYPE_TIME_PERIOD,01F2322N_01F2249N,Weekday,日間,259,313,54,0.2084942084942085,穩定,4.32,5.22,0.9
L3_DAY_TYPE_TIME_PERIOD,01F2322N_01F2249N,Weekday,早尖峰,245,303,58,0.23673469387755103,穩定,4.08,5.05,0.97
L3_DAY_TYPE_TIME_PERIOD,01F2322N_01F2249N,Weekday,晚尖峰,263,337,74,0.2813688212927757,普通,4.38,5.62,1.23
L3_DAY_TYPE_TIME_PERIOD,01F2322N_01F2249N,Weekend,凌晨,243,310,67,0.2757201646090535,普通,4.05,5.17,1.12
L3_DAY_TYPE_TIME_PERIOD,01F2322N_01F2249N,Weekend,夜間,255,332,77,0.30196078431372547,普通,4.25,5.53,1.28
L3_DAY_TYPE_TIME_PERIOD,01F2322N_01F2249N,Weekend,日間,260,398,138,0.5307692307692308,不穩定,4.33,6.63,2.3
L3_DAY_TYPE_TIME_PERIOD,01F2322N_01F2249N,Weekend,早尖峰,243,300,57,0.2345679012345679,穩定,4.05,5.0,0.95
L3_DAY_TYPE_TIME_PERIOD,01F2322N_01F2249N,Weekend,晚尖峰,278,480,202,0.7266187050359713,不穩定,4.63,8.0,3.37
L3_DAY_TYPE_TIME_PERIOD,01F2322S_01F2394S,Weekday,凌晨,261,299,38,0.14559386973180077,穩定,4.35,4.98,0.63
L3_DAY_TYPE_TIME_PERIOD,01F2322S_01F2394S,Weekday,夜間,240,299,59,0.24583333333333332,穩定,4.0,4.98,0.98
L3_DAY_TYPE_TIME_PERIOD,01F2322S_01F2394S,Weekday,日間,248,295,47,0.18951612903225806,穩定,4.13,4.92,0.78
L3_DAY_TYPE_TIME_PERIOD,01F2322S_01F2394S,Weekday,早尖峰,242,288,46,0.19008264462809918,穩定,4.03,4.8,0.77
L3_DAY_TYPE_TIME_PERIOD,01F2322S_01F2394S,Weekday,晚尖峰,245,297,52,0.21224489795918366,穩定,4.08,4.95,0.87
L3_DAY_TYPE_TIME_PERIOD,01F2322S_01F2394S,Weekend,凌晨,235,295,60,0.2553191489361702,普通,3.92,4.92,1.0
L3_DAY_TYPE_TIME_PERIOD,01F2322S_01F2394S,Weekend,夜間,241,276,35,0.14522821576763487,穩定,4.02,4.6,0.58
L3_DAY_TYPE_TIME_PERIOD,01F2322S_01F2394S,Weekend,日間,252,310,58,0.23015873015873015,穩定,4.2,5.17,0.97
L3_DAY_TYPE_TIME_PERIOD,01F2322S_01F2394S,Weekend,早尖峰,242,282,40,0.1652892561983471,穩定,4.03,4.7,0.67
L3_DAY_TYPE_TIME_PERIOD,01F2322S_01F2394S,Weekend,晚尖峰,252,318,66,0.2619047619047619,普通,4.2,5.3,1.1
L3_DAY_TYPE_TIME_PERIOD,01F2394N_01F2322N,Weekday,凌晨,264,299,35,0.13257575757575757,穩定,4.4,4.98,0.58
L3_DAY_TYPE_TIME_PERIOD,01F2394N_01F2322N,Weekday,夜間,241,300,59,0.24481327800829875,穩定,4.02,5.0,0.98
L3_DAY_TYPE_TIME_PERIOD,01F2394N_01F2322N,Weekday,日間,248,297,49,0.1975806451612903,穩定,4.13,4.95,0.82
L3_DAY_TYPE_TIME_PERIOD,01F2394N_01F2322N,Weekday,早尖峰,239,291,52,0.2175732217573222,穩定,3.98,4.85,0.87
L3_DAY_TYPE_TIME_PERIOD,01F2394N_01F2322N,Weekday,晚尖峰,251,308,57,0.22709163346613545,穩定,4.18,5.13,0.95
L3_DAY_TYPE_TIME_PERIOD,01F2394N_01F2322N,Weekend,凌晨,235,298,63,0.2680851063829787,普通,3.92,4.97,1.05
L3_DAY_TYPE_TIME_PERIOD,01F2394N_01F2322N,Weekend,夜間,247,347,100,0.4048582995951417,普通,4.12,5.78,1.67
L3_DAY_TYPE_TIME_PERIOD,01F2394N_01F2322N,Weekend,日間,250,359,109,0.436,普通,4.17,5.98,1.82
L3_DAY_TYPE_TIME_PERIOD,01F2394N_01F2322N,Weekend,早尖峰,236,284,48,0.2033898305084746,穩定,3.93,4.73,0.8
L3_DAY_TYPE_TIME_PERIOD,01F2394N_01F2322N,Weekend,晚尖峰,268,539,271,1.0111940298507462,高風險,4.47,8.98,4.52
L3_DAY_TYPE_TIME_PERIOD,01F2394S_01F2425S,Weekday,凌晨,112,128,16,0.14285714285714285,穩定,1.87,2.13,0.27
L3_DAY_TYPE_TIME_PERIOD,01F2394S_01F2425S,Weekday,夜間,102,128,26,0.2549019607843137,普通,1.7,2.13,0.43
L3_DAY_TYPE_TIME_PERIOD,01F2394S_01F2425S,Weekday,日間,105,125,20,0.19047619047619047,穩定,1.75,2.08,0.33
L3_DAY_TYPE_TIME_PERIOD,01F2394S_01F2425S,Weekday,早尖峰,102,123,21,0.20588235294117646,穩定,1.7,2.05,0.35
L3_DAY_TYPE_TIME_PERIOD,01F2394S_01F2425S,Weekday,晚尖峰,104,127,23,0.22115384615384615,穩定,1.73,2.12,0.38
L3_DAY_TYPE_TIME_PERIOD,01F2394S_01F2425S,Weekend,凌晨,100,127,27,0.27,普通,1.67,2.12,0.45
L3_DAY_TYPE_TIME_PERIOD,01F2394S_01F2425S,Weekend,夜間,102,117,15,0.14705882352941177,穩定,1.7,1.95,0.25
L3_DAY_TYPE_TIME_PERIOD,01F2394S_01F2425S,Weekend,日間,105,121,16,0.1523809523809524,穩定,1.75,2.02,0.27
L3_DAY_TYPE_TIME_PERIOD,01F2394S_01F2425S,Weekend,早尖峰,102,118,16,0.1568627450980392,穩定,1.7,1.97,0.27
L3_DAY_TYPE_TIME_PERIOD,01F2394S_01F2425S,Weekend,晚尖峰,105,123,18,0.17142857142857143,穩定,1.75,2.05,0.3
L3_DAY_TYPE_TIME_PERIOD,01F2425N_01F2394N,Weekday,凌晨,114,129,15,0.13157894736842105,穩定,1.9,2.15,0.25
L3_DAY_TYPE_TIME_PERIOD,01F2425N_01F2394N,Weekday,夜間,102,129,27,0.2647058823529412,普通,1.7,2.15,0.45
L3_DAY_TYPE_TIME_PERIOD,01F2425N_01F2394N,Weekday,日間,105,126,21,0.2,穩定,1.75,2.1,0.35
L3_DAY_TYPE_TIME_PERIOD,01F2425N_01F2394N,Weekday,早尖峰,102,125,23,0.22549019607843138,穩定,1.7,2.08,0.38
L3_DAY_TYPE_TIME_PERIOD,01F2425N_01F2394N,Weekday,晚尖峰,106,129,23,0.2169811320754717,穩定,1.77,2.15,0.38
L3_DAY_TYPE_TIME_PERIOD,01F2425N_01F2394N,Weekend,凌晨,100,128,28,0.28,普通,1.67,2.13,0.47
L3_DAY_TYPE_TIME_PERIOD,01F2425N_01F2394N,Weekend,夜間,104,132,28,0.2692307692307692,普通,1.73,2.2,0.47
L3_DAY_TYPE_TIME_PERIOD,01F2425N_01F2394N,Weekend,日間,105,209,104,0.9904761904761905,不穩定,1.75,3.48,1.73
L3_DAY_TYPE_TIME_PERIOD,01F2425N_01F2394N,Weekend,早尖峰,100,122,22,0.22,穩定,1.67,2.03,0.37
L3_DAY_TYPE_TIME_PERIOD,01F2425N_01F2394N,Weekend,晚尖峰,111,391,280,2.5225225225225225,高風險,1.85,6.52,4.67
L3_DAY_TYPE_TIME_PERIOD,01F2425S_01F2472S,Weekday,凌晨,174,223,49,0.28160919540229884,普通,2.9,3.72,0.82
L3_DAY_TYPE_TIME_PERIOD,01F2425S_01F2472S,Weekday,夜間,154,203,49,0.3181818181818182,普通,2.57,3.38,0.82
L3_DAY_TYPE_TIME_PERIOD,01F2425S_01F2472S,Weekday,日間,160,227,67,0.41875,普通,2.67,3.78,1.12
L3_DAY_TYPE_TIME_PERIOD,01F2425S_01F2472S,Weekday,早尖峰,156,204,48,0.3076923076923077,普通,2.6,3.4,0.8
L3_DAY_TYPE_TIME_PERIOD,01F2425S_01F2472S,Weekday,晚尖峰,158,207,49,0.310126582278481,普通,2.63,3.45,0.82
L3_DAY_TYPE_TIME_PERIOD,01F2425S_01F2472S,Weekend,凌晨,151,200,49,0.32450331125827814,普通,2.52,3.33,0.82
L3_DAY_TYPE_TIME_PERIOD,01F2425S_01F2472S,Weekend,夜間,154,197,43,0.2792207792207792,普通,2.57,3.28,0.72
L3_DAY_TYPE_TIME_PERIOD,01F2425S_01F2472S,Weekend,日間,160,206,46,0.2875,普通,2.67,3.43,0.77
L3_DAY_TYPE_TIME_PERIOD,01F2425S_01F2472S,Weekend,早尖峰,154,195,41,0.2662337662337662,普通,2.57,3.25,0.68
L3_DAY_TYPE_TIME_PERIOD,01F2425S_01F2472S,Weekend,晚尖峰,160,211,51,0.31875,普通,2.67,3.52,0.85
L3_DAY_TYPE_TIME_PERIOD,01F2425S_03F2614N,Weekday,凌晨,885,2266,1381,1.5604519774011298,高風險,14.75,37.77,23.02
L3_DAY_TYPE_TIME_PERIOD,01F2425S_03F2614N,Weekday,夜間,868,2104,1236,1.423963133640553,高風險,14.47,35.07,20.6
L3_DAY_TYPE_TIME_PERIOD,01F2425S_03F2614N,Weekday,日間,892,2235,1343,1.5056053811659194,高風險,14.87,37.25,22.38
L3_DAY_TYPE_TIME_PERIOD,01F2425S_03F2614N,Weekday,早尖峰,849,1181,332,0.3910482921083628,普通,14.15,19.68,5.53
L3_DAY_TYPE_TIME_PERIOD,01F2425S_03F2614N,Weekday,晚尖峰,869,1948,1079,1.241657077100115,高風險,14.48,32.47,17.98
L3_DAY_TYPE_TIME_PERIOD,01F2425S_03F2614N,Weekend,凌晨,856,2395,1539,1.7978971962616823,高風險,14.27,39.92,25.65
L3_DAY_TYPE_TIME_PERIOD,01F2425S_03F2614N,Weekend,夜間,867,2190,1323,1.5259515570934257,高風險,14.45,36.5,22.05
L3_DAY_TYPE_TIME_PERIOD,01F2425S_03F2614N,Weekend,日間,866,1685,819,0.9457274826789839,不穩定,14.43,28.08,13.65
L3_DAY_TYPE_TIME_PERIOD,01F2425S_03F2614N,Weekend,早尖峰,849,1337,488,0.574793875147232,不穩定,14.15,22.28,8.13
L3_DAY_TYPE_TIME_PERIOD,01F2425S_03F2614N,Weekend,晚尖峰,872,1927,1055,1.209862385321101,高風險,14.53,32.12,17.58
L3_DAY_TYPE_TIME_PERIOD,01F2425S_03F2709S,Weekday,凌晨,687,870,183,0.2663755458515284,普通,11.45,14.5,3.05
L3_DAY_TYPE_TIME_PERIOD,01F2425S_03F2709S,Weekday,夜間,650,909,259,0.3984615384615385,普通,10.83,15.15,4.32
L3_DAY_TYPE_TIME_PERIOD,01F2425S_03F2709S,Weekday,日間,656,778,122,0.18597560975609756,穩定,10.93,12.97,2.03
L3_DAY_TYPE_TIME_PERIOD,01F2425S_03F2709S,Weekday,早尖峰,648,778,130,0.2006172839506173,穩定,10.8,12.97,2.17
L3_DAY_TYPE_TIME_PERIOD,01F2425S_03F2709S,Weekday,晚尖峰,650,790,140,0.2153846153846154,穩定,10.83,13.17,2.33
L3_DAY_TYPE_TIME_PERIOD,01F2425S_03F2709S,Weekend,凌晨,643,827,184,0.28615863141524106,普通,10.72,13.78,3.07
L3_DAY_TYPE_TIME_PERIOD,01F2425S_03F2709S,Weekend,夜間,642,751,109,0.16978193146417445,穩定,10.7,12.52,1.82
L3_DAY_TYPE_TIME_PERIOD,01F2425S_03F2709S,Weekend,日間,650,719,69,0.10615384615384615,穩定,10.83,11.98,1.15
L3_DAY_TYPE_TIME_PERIOD,01F2425S_03F2709S,Weekend,早尖峰,639,728,89,0.13928012519561817,穩定,10.65,12.13,1.48
L3_DAY_TYPE_TIME_PERIOD,01F2425S_03F2709S,Weekend,晚尖峰,648,731,83,0.12808641975308643,穩定,10.8,12.18,1.38
L3_DAY_TYPE_TIME_PERIOD,01F2472N_01F2425N,Weekday,凌晨,182,291,109,0.5989010989010989,不穩定,3.03,4.85,1.82
L3_DAY_TYPE_TIME_PERIOD,01F2472N_01F2425N,Weekday,夜間,157,272,115,0.732484076433121,不穩定,2.62,4.53,1.92
L3_DAY_TYPE_TIME_PERIOD,01F2472N_01F2425N,Weekday,日間,162,251,89,0.5493827160493827,不穩定,2.7,4.18,1.48
L3_DAY_TYPE_TIME_PERIOD,01F2472N_01F2425N,Weekday,早尖峰,156,248,92,0.5897435897435898,不穩定,2.6,4.13,1.53
L3_DAY_TYPE_TIME_PERIOD,01F2472N_01F2425N,Weekday,晚尖峰,162,253,91,0.5617283950617284,不穩定,2.7,4.22,1.52
L3_DAY_TYPE_TIME_PERIOD,01F2472N_01F2425N,Weekend,凌晨,152,241,89,0.5855263157894737,不穩定,2.53,4.02,1.48
L3_DAY_TYPE_TIME_PERIOD,01F2472N_01F2425N,Weekend,夜間,159,227,68,0.4276729559748428,普通,2.65,3.78,1.13
L3_DAY_TYPE_TIME_PERIOD,01F2472N_01F2425N,Weekend,日間,160,234,74,0.4625,普通,2.67,3.9,1.23
L3_DAY_TYPE_TIME_PERIOD,01F2472N_01F2425N,Weekend,早尖峰,153,210,57,0.37254901960784315,普通,2.55,3.5,0.95
L3_DAY_TYPE_TIME_PERIOD,01F2472N_01F2425N,Weekend,晚尖峰,168,459,291,1.7321428571428572,高風險,2.8,7.65,4.85
L3_DAY_TYPE_TIME_PERIOD,01F2472N_03F2614N,Weekday,凌晨,961,1261,300,0.31217481789802287,普通,16.02,21.02,5.0
L3_DAY_TYPE_TIME_PERIOD,01F2472N_03F2614N,Weekday,夜間,885,1163,278,0.31412429378531076,普通,14.75,19.38,4.63
L3_DAY_TYPE_TIME_PERIOD,01F2472N_03F2614N,Weekday,日間,895,1117,222,0.24804469273743016,穩定,14.92,18.62,3.7
L3_DAY_TYPE_TIME_PERIOD,01F2472N_03F2614N,Weekday,早尖峰,894,1142,248,0.27740492170022374,普通,14.9,19.03,4.13
L3_DAY_TYPE_TIME_PERIOD,01F2472N_03F2614N,Weekday,晚尖峰,887,1106,219,0.24689966178128522,穩定,14.78,18.43,3.65
L3_DAY_TYPE_TIME_PERIOD,01F2472N_03F2614N,Weekend,凌晨,877,1155,278,0.3169897377423033,普通,14.62,19.25,4.63
L3_DAY_TYPE_TIME_PERIOD,01F2472N_03F2614N,Weekend,夜間,881,1030,149,0.16912599318955732,穩定,14.68,17.17,2.48
L3_DAY_TYPE_TIME_PERIOD,01F2472N_03F2614N,Weekend,日間,878,1002,124,0.14123006833712984,穩定,14.63,16.7,2.07
L3_DAY_TYPE_TIME_PERIOD,01F2472N_03F2614N,Weekend,早尖峰,863,1029,166,0.19235225955967555,穩定,14.38,17.15,2.77
L3_DAY_TYPE_TIME_PERIOD,01F2472N_03F2614N,Weekend,晚尖峰,891,1163,272,0.3052749719416386,普通,14.85,19.38,4.53
L3_DAY_TYPE_TIME_PERIOD,01F2472N_03F2709S,Weekday,凌晨,1432,3229,1797,1.2548882681564246,高風險,23.87,53.82,29.95
L3_DAY_TYPE_TIME_PERIOD,01F2472N_03F2709S,Weekday,夜間,1273,3243,1970,1.5475255302435194,高風險,21.22,54.05,32.83
L3_DAY_TYPE_TIME_PERIOD,01F2472N_03F2709S,Weekday,日間,1550,3252,1702,1.0980645161290323,高風險,25.83,54.2,28.37
L3_DAY_TYPE_TIME_PERIOD,01F2472N_03F2709S,Weekday,早尖峰,884,3074,2190,2.47737556561086,高風險,14.73,51.23,36.5
L3_DAY_TYPE_TIME_PERIOD,01F2472N_03F2709S,Weekday,晚尖峰,1965,3290,1325,0.6743002544529262,不穩定,32.75,54.83,22.08
L3_DAY_TYPE_TIME_PERIOD,01F2472N_03F2709S,Weekend,凌晨,1672,3224,1552,0.9282296650717703,不穩定,27.87,53.73,25.87
L3_DAY_TYPE_TIME_PERIOD,01F2472N_03F2709S,Weekend,夜間,1355,3053,1698,1.2531365313653136,高風險,22.58,50.88,28.3
L3_DAY_TYPE_TIME_PERIOD,01F2472N_03F2709S,Weekend,日間,731,3076,2345,3.207934336525308,高風險,12.18,51.27,39.08
L3_DAY_TYPE_TIME_PERIOD,01F2472N_03F2709S,Weekend,早尖峰,703,3110,2407,3.4238975817923185,高風險,11.72,51.83,40.12
L3_DAY_TYPE_TIME_PERIOD,01F2472N_03F2709S,Weekend,晚尖峰,874,3227,2353,2.692219679633867,高風險,14.57,53.78,39.22
L3_DAY_TYPE_TIME_PERIOD,01F2472S_01F2514S,Weekday,凌晨,146,176,30,0.2054794520547945,穩定,2.43,2.93,0.5
L3_DAY_TYPE_TIME_PERIOD,01F2472S_01F2514S,Weekday,夜間,141,177,36,0.2553191489361702,普通,2.35,2.95,0.6
L3_DAY_TYPE_TIME_PERIOD,01F2472S_01F2514S,Weekday,日間,146,181,35,0.23972602739726026,穩定,2.43,3.02,0.58
L3_DAY_TYPE_TIME_PERIOD,01F2472S_01F2514S,Weekday,早尖峰,142,171,29,0.20422535211267606,穩定,2.37,2.85,0.48
L3_DAY_TYPE_TIME_PERIOD,01F2472S_01F2514S,Weekday,晚尖峰,146,177,31,0.21232876712328766,穩定,2.43,2.95,0.52
L3_DAY_TYPE_TIME_PERIOD,01F2472S_01F2514S,Weekend,凌晨,138,174,36,0.2608695652173913,普通,2.3,2.9,0.6
L3_DAY_TYPE_TIME_PERIOD,01F2472S_01F2514S,Weekend,夜間,142,162,20,0.14084507042253522,穩定,2.37,2.7,0.33
L3_DAY_TYPE_TIME_PERIOD,01F2472S_01F2514S,Weekend,日間,147,174,27,0.1836734693877551,穩定,2.45,2.9,0.45
L3_DAY_TYPE_TIME_PERIOD,01F2472S_01F2514S,Weekend,早尖峰,141,165,24,0.1702127659574468,穩定,2.35,2.75,0.4
L3_DAY_TYPE_TIME_PERIOD,01F2472S_01F2514S,Weekend,晚尖峰,149,180,31,0.2080536912751678,穩定,2.48,3.0,0.52
L3_DAY_TYPE_TIME_PERIOD,01F2514N_01F2472N,Weekday,凌晨,144,177,33,0.22916666666666666,穩定,2.4,2.95,0.55
L3_DAY_TYPE_TIME_PERIOD,01F2514N_01F2472N,Weekday,夜間,141,178,37,0.2624113475177305,普通,2.35,2.97,0.62
L3_DAY_TYPE_TIME_PERIOD,01F2514N_01F2472N,Weekday,日間,146,180,34,0.2328767123287671,穩定,2.43,3.0,0.57
L3_DAY_TYPE_TIME_PERIOD,01F2514N_01F2472N,Weekday,早尖峰,141,173,32,0.22695035460992907,穩定,2.35,2.88,0.53
L3_DAY_TYPE_TIME_PERIOD,01F2514N_01F2472N,Weekday,晚尖峰,147,181,34,0.23129251700680273,穩定,2.45,3.02,0.57
L3_DAY_TYPE_TIME_PERIOD,01F2514N_01F2472N,Weekend,凌晨,137,175,38,0.2773722627737226,普通,2.28,2.92,0.63
L3_DAY_TYPE_TIME_PERIOD,01F2514N_01F2472N,Weekend,夜間,144,172,28,0.19444444444444445,穩定,2.4,2.87,0.47
L3_DAY_TYPE_TIME_PERIOD,01F2514N_01F2472N,Weekend,日間,146,189,43,0.2945205479452055,普通,2.43,3.15,0.72
L3_DAY_TYPE_TIME_PERIOD,01F2514N_01F2472N,Weekend,早尖峰,139,168,29,0.20863309352517986,穩定,2.32,2.8,0.48
L3_DAY_TYPE_TIME_PERIOD,01F2514N_01F2472N,Weekend,晚尖峰,152,317,165,1.0855263157894737,高風險,2.53,5.28,2.75
L3_DAY_TYPE_TIME_PERIOD,01F2514S_01F2603S,Weekday,凌晨,321,371,50,0.1557632398753894,穩定,5.35,6.18,0.83
L3_DAY_TYPE_TIME_PERIOD,01F2514S_01F2603S,Weekday,夜間,296,374,78,0.2635135135135135,普通,4.93,6.23,1.3
L3_DAY_TYPE_TIME_PERIOD,01F2514S_01F2603S,Weekday,日間,303,363,60,0.19801980198019803,穩定,5.05,6.05,1.0
L3_DAY_TYPE_TIME_PERIOD,01F2514S_01F2603S,Weekday,早尖峰,295,357,62,0.21016949152542372,穩定,4.92,5.95,1.03
L3_DAY_TYPE_TIME_PERIOD,01F2514S_01F2603S,Weekday,晚尖峰,303,367,64,0.21122112211221122,穩定,5.05,6.12,1.07
L3_DAY_TYPE_TIME_PERIOD,01F2514S_01F2603S,Weekend,凌晨,289,367,78,0.2698961937716263,普通,4.82,6.12,1.3
L3_DAY_TYPE_TIME_PERIOD,01F2514S_01F2603S,Weekend,夜間,297,344,47,0.15824915824915825,穩定,4.95,5.73,0.78
L3_DAY_TYPE_TIME_PERIOD,01F2514S_01F2603S,Weekend,日間,303,355,52,0.1716171617161716,穩定,5.05,5.92,0.87
L3_DAY_TYPE_TIME_PERIOD,01F2514S_01F2603S,Weekend,早尖峰,292,347,55,0.18835616438356165,穩定,4.87,5.78,0.92
L3_DAY_TYPE_TIME_PERIOD,01F2514S_01F2603S,Weekend,晚尖峰,309,364,55,0.1779935275080906,穩定,5.15,6.07,0.92
L3_DAY_TYPE_TIME_PERIOD,01F2603N_01F2514N,Weekday,凌晨,328,372,44,0.13414634146341464,穩定,5.47,6.2,0.73
L3_DAY_TYPE_TIME_PERIOD,01F2603N_01F2514N,Weekday,夜間,296,372,76,0.25675675675675674,普通,4.93,6.2,1.27
L3_DAY_TYPE_TIME_PERIOD,01F2603N_01F2514N,Weekday,日間,304,367,63,0.20723684210526316,穩定,5.07,6.12,1.05
L3_DAY_TYPE_TIME_PERIOD,01F2603N_01F2514N,Weekday,早尖峰,295,361,66,0.22372881355932203,穩定,4.92,6.02,1.1
L3_DAY_TYPE_TIME_PERIOD,01F2603N_01F2514N,Weekday,晚尖峰,305,373,68,0.22295081967213115,穩定,5.08,6.22,1.13
L3_DAY_TYPE_TIME_PERIOD,01F2603N_01F2514N,Weekend,凌晨,289,371,82,0.2837370242214533,普通,4.82,6.18,1.37
L3_DAY_TYPE_TIME_PERIOD,01F2603N_01F2514N,Weekend,夜間,300,361,61,0.20333333333333334,穩定,5.0,6.02,1.02
L3_DAY_TYPE_TIME_PERIOD,01F2603N_01F2514N,Weekend,日間,303,383,80,0.264026402640264,普通,5.05,6.38,1.33
L3_DAY_TYPE_TIME_PERIOD,01F2603N_01F2514N,Weekend,早尖峰,291,353,62,0.21305841924398625,穩定,4.85,5.88,1.03
L3_DAY_TYPE_TIME_PERIOD,01F2603N_01F2514N,Weekend,晚尖峰,311,605,294,0.9453376205787781,不穩定,5.18,10.08,4.9
L3_DAY_TYPE_TIME_PERIOD,01F2603S_01F2674S,Weekday,凌晨,261,298,37,0.1417624521072797,穩定,4.35,4.97,0.62
L3_DAY_TYPE_TIME_PERIOD,01F2603S_01F2674S,Weekday,夜間,237,300,63,0.26582278481012656,普通,3.95,5.0,1.05
L3_DAY_TYPE_TIME_PERIOD,01F2603S_01F2674S,Weekday,日間,242,291,49,0.2024793388429752,穩定,4.03,4.85,0.82
L3_DAY_TYPE_TIME_PERIOD,01F2603S_01F2674S,Weekday,早尖峰,238,286,48,0.20168067226890757,穩定,3.97,4.77,0.8
L3_DAY_TYPE_TIME_PERIOD,01F2603S_01F2674S,Weekday,晚尖峰,241,295,54,0.22406639004149378,穩定,4.02,4.92,0.9
L3_DAY_TYPE_TIME_PERIOD,01F2603S_01F2674S,Weekend,凌晨,232,295,63,0.27155172413793105,普通,3.87,4.92,1.05
L3_DAY_TYPE_TIME_PERIOD,01F2603S_01F2674S,Weekend,夜間,237,277,40,0.16877637130801687,穩定,3.95,4.62,0.67
L3_DAY_TYPE_TIME_PERIOD,01F2603S_01F2674S,Weekend,日間,241,281,40,0.16597510373443983,穩定,4.02,4.68,0.67
L3_DAY_TYPE_TIME_PERIOD,01F2603S_01F2674S,Weekend,早尖峰,234,280,46,0.19658119658119658,穩定,3.9,4.67,0.77
L3_DAY_TYPE_TIME_PERIOD,01F2603S_01F2674S,Weekend,晚尖峰,246,287,41,0.16666666666666666,穩定,4.1,4.78,0.68
L3_DAY_TYPE_TIME_PERIOD,01F2674N_01F2603N,Weekday,凌晨,268,299,31,0.11567164179104478,穩定,4.47,4.98,0.52
L3_DAY_TYPE_TIME_PERIOD,01F2674N_01F2603N,Weekday,夜間,239,302,63,0.26359832635983266,普通,3.98,5.03,1.05
L3_DAY_TYPE_TIME_PERIOD,01F2674N_01F2603N,Weekday,日間,245,297,52,0.21224489795918366,穩定,4.08,4.95,0.87
L3_DAY_TYPE_TIME_PERIOD,01F2674N_01F2603N,Weekday,早尖峰,238,291,53,0.22268907563025211,穩定,3.97,4.85,0.88
L3_DAY_TYPE_TIME_PERIOD,01F2674N_01F2603N,Weekday,晚尖峰,246,304,58,0.23577235772357724,穩定,4.1,5.07,0.97
L3_DAY_TYPE_TIME_PERIOD,01F2674N_01F2603N,Weekend,凌晨,233,299,66,0.2832618025751073,普通,3.88,4.98,1.1
L3_DAY_TYPE_TIME_PERIOD,01F2674N_01F2603N,Weekend,夜間,241,287,46,0.1908713692946058,穩定,4.02,4.78,0.77
L3_DAY_TYPE_TIME_PERIOD,01F2674N_01F2603N,Weekend,日間,244,297,53,0.21721311475409835,穩定,4.07,4.95,0.88
L3_DAY_TYPE_TIME_PERIOD,01F2674N_01F2603N,Weekend,早尖峰,235,284,49,0.20851063829787234,穩定,3.92,4.73,0.82
L3_DAY_TYPE_TIME_PERIOD,01F2674N_01F2603N,Weekend,晚尖峰,248,331,83,0.3346774193548387,普通,4.13,5.52,1.38
L3_DAY_TYPE_TIME_PERIOD,01F2674S_01F2714S,Weekday,凌晨,147,169,22,0.14965986394557823,穩定,2.45,2.82,0.37
L3_DAY_TYPE_TIME_PERIOD,01F2674S_01F2714S,Weekday,夜間,134,170,36,0.26865671641791045,普通,2.23,2.83,0.6
L3_DAY_TYPE_TIME_PERIOD,01F2674S_01F2714S,Weekday,日間,138,165,27,0.1956521739130435,穩定,2.3,2.75,0.45
L3_DAY_TYPE_TIME_PERIOD,01F2674S_01F2714S,Weekday,早尖峰,135,164,29,0.21481481481481482,穩定,2.25,2.73,0.48
L3_DAY_TYPE_TIME_PERIOD,01F2674S_01F2714S,Weekday,晚尖峰,137,167,30,0.21897810218978103,穩定,2.28,2.78,0.5
L3_DAY_TYPE_TIME_PERIOD,01F2674S_01F2714S,Weekend,凌晨,132,167,35,0.26515151515151514,普通,2.2,2.78,0.58
L3_DAY_TYPE_TIME_PERIOD,01F2674S_01F2714S,Weekend,夜間,135,155,20,0.14814814814814814,穩定,2.25,2.58,0.33
L3_DAY_TYPE_TIME_PERIOD,01F2674S_01F2714S,Weekend,日間,137,159,22,0.16058394160583941,穩定,2.28,2.65,0.37
L3_DAY_TYPE_TIME_PERIOD,01F2674S_01F2714S,Weekend,早尖峰,133,160,27,0.20300751879699247,穩定,2.22,2.67,0.45
L3_DAY_TYPE_TIME_PERIOD,01F2674S_01F2714S,Weekend,晚尖峰,140,164,24,0.17142857142857143,穩定,2.33,2.73,0.4
L3_DAY_TYPE_TIME_PERIOD,01F2714N_01F2674N,Weekday,凌晨,151,169,18,0.11920529801324503,穩定,2.52,2.82,0.3
L3_DAY_TYPE_TIME_PERIOD,01F2714N_01F2674N,Weekday,夜間,135,169,34,0.2518518518518518,普通,2.25,2.82,0.57
L3_DAY_TYPE_TIME_PERIOD,01F2714N_01F2674N,Weekday,日間,138,167,29,0.21014492753623187,穩定,2.3,2.78,0.48
L3_DAY_TYPE_TIME_PERIOD,01F2714N_01F2674N,Weekday,早尖峰,135,165,30,0.2222222222222222,穩定,2.25,2.75,0.5
L3_DAY_TYPE_TIME_PERIOD,01F2714N_01F2674N,Weekday,晚尖峰,139,169,30,0.2158273381294964,穩定,2.32,2.82,0.5
L3_DAY_TYPE_TIME_PERIOD,01F2714N_01F2674N,Weekend,凌晨,132,169,37,0.2803030303030303,普通,2.2,2.82,0.62
L3_DAY_TYPE_TIME_PERIOD,01F2714N_01F2674N,Weekend,夜間,136,156,20,0.14705882352941177,穩定,2.27,2.6,0.33
L3_DAY_TYPE_TIME_PERIOD,01F2714N_01F2674N,Weekend,日間,138,163,25,0.18115942028985507,穩定,2.3,2.72,0.42
L3_DAY_TYPE_TIME_PERIOD,01F2714N_01F2674N,Weekend,早尖峰,133,162,29,0.21804511278195488,穩定,2.22,2.7,0.48
L3_DAY_TYPE_TIME_PERIOD,01F2714N_01F2674N,Weekend,晚尖峰,140,167,27,0.19285714285714287,穩定,2.33,2.78,0.45
L3_DAY_TYPE_TIME_PERIOD,01F2714S_01F2827S,Weekday,凌晨,417,515,98,0.23501199040767387,穩定,6.95,8.58,1.63
L3_DAY_TYPE_TIME_PERIOD,01F2714S_01F2827S,Weekday,夜間,375,497,122,0.3253333333333333,普通,6.25,8.28,2.03
L3_DAY_TYPE_TIME_PERIOD,01F2714S_01F2827S,Weekday,日間,383,483,100,0.26109660574412535,普通,6.38,8.05,1.67
L3_DAY_TYPE_TIME_PERIOD,01F2714S_01F2827S,Weekday,早尖峰,376,481,105,0.27925531914893614,普通,6.27,8.02,1.75
L3_DAY_TYPE_TIME_PERIOD,01F2714S_01F2827S,Weekday,晚尖峰,382,485,103,0.2696335078534031,普通,6.37,8.08,1.72
L3_DAY_TYPE_TIME_PERIOD,01F2714S_01F2827S,Weekend,凌晨,368,486,118,0.32065217391304346,普通,6.13,8.1,1.97
L3_DAY_TYPE_TIME_PERIOD,01F2714S_01F2827S,Weekend,夜間,379,447,68,0.17941952506596306,穩定,6.32,7.45,1.13
L3_DAY_TYPE_TIME_PERIOD,01F2714S_01F2827S,Weekend,日間,381,453,72,0.1889763779527559,穩定,6.35,7.55,1.2
L3_DAY_TYPE_TIME_PERIOD,01F2714S_01F2827S,Weekend,早尖峰,370,457,87,0.23513513513513515,穩定,6.17,7.62,1.45
L3_DAY_TYPE_TIME_PERIOD,01F2714S_01F2827S,Weekend,晚尖峰,393,513,120,0.3053435114503817,普通,6.55,8.55,2.0
L3_DAY_TYPE_TIME_PERIOD,01F2714S_03F2985N,Weekday,凌晨,645,2484,1839,2.8511627906976744,高風險,10.75,41.4,30.65
L3_DAY_TYPE_TIME_PERIOD,01F2714S_03F2985N,Weekday,夜間,634,1932,1298,2.047318611987382,高風險,10.57,32.2,21.63
L3_DAY_TYPE_TIME_PERIOD,01F2714S_03F2985N,Weekday,日間,663,2536,1873,2.8250377073906487,高風險,11.05,42.27,31.22
L3_DAY_TYPE_TIME_PERIOD,01F2714S_03F2985N,Weekday,早尖峰,633,1657,1024,1.617693522906793,高風險,10.55,27.62,17.07
L3_DAY_TYPE_TIME_PERIOD,01F2714S_03F2985N,Weekday,晚尖峰,649,2014,1365,2.103235747303544,高風險,10.82,33.57,22.75
L3_DAY_TYPE_TIME_PERIOD,01F2714S_03F2985N,Weekend,凌晨,615,2036,1421,2.310569105691057,高風險,10.25,33.93,23.68
L3_DAY_TYPE_TIME_PERIOD,01F2714S_03F2985N,Weekend,夜間,635,2109,1474,2.321259842519685,高風險,10.58,35.15,24.57
L3_DAY_TYPE_TIME_PERIOD,01F2714S_03F2985N,Weekend,日間,640,1738,1098,1.715625,高風險,10.67,28.97,18.3
L3_DAY_TYPE_TIME_PERIOD,01F2714S_03F2985N,Weekend,早尖峰,626,1377,751,1.1996805111821087,高風險,10.43,22.95,12.52
L3_DAY_TYPE_TIME_PERIOD,01F2714S_03F2985N,Weekend,晚尖峰,641,1703,1062,1.656786271450858,高風險,10.68,28.38,17.7
L3_DAY_TYPE_TIME_PERIOD,01F2714S_03F3101S,Weekday,凌晨,962,1286,324,0.3367983367983368,普通,16.03,21.43,5.4
L3_DAY_TYPE_TIME_PERIOD,01F2714S_03F3101S,Weekday,夜間,895,1252,357,0.39888268156424583,普通,14.92,20.87,5.95
L3_DAY_TYPE_TIME_PERIOD,01F2714S_03F3101S,Weekday,日間,903,1320,417,0.46179401993355484,普通,15.05,22.0,6.95
L3_DAY_TYPE_TIME_PERIOD,01F2714S_03F3101S,Weekday,早尖峰,898,1145,247,0.2750556792873051,普通,14.97,19.08,4.12
L3_DAY_TYPE_TIME_PERIOD,01F2714S_03F3101S,Weekday,晚尖峰,893,1289,396,0.44344904815229563,普通,14.88,21.48,6.6
L3_DAY_TYPE_TIME_PERIOD,01F2714S_03F3101S,Weekend,凌晨,881,1183,302,0.3427922814982974,普通,14.68,19.72,5.03
L3_DAY_TYPE_TIME_PERIOD,01F2714S_03F3101S,Weekend,夜間,872,1112,240,0.27522935779816515,普通,14.53,18.53,4.0
L3_DAY_TYPE_TIME_PERIOD,01F2714S_03F3101S,Weekend,日間,874,1034,160,0.18306636155606407,穩定,14.57,17.23,2.67
L3_DAY_TYPE_TIME_PERIOD,01F2714S_03F3101S,Weekend,早尖峰,862,1070,208,0.24129930394431554,穩定,14.37,17.83,3.47
L3_DAY_TYPE_TIME_PERIOD,01F2714S_03F3101S,Weekend,晚尖峰,885,1033,148,0.1672316384180791,穩定,14.75,17.22,2.47
L3_DAY_TYPE_TIME_PERIOD,01F2827N_01F2714N,Weekday,凌晨,432,544,112,0.25925925925925924,普通,7.2,9.07,1.87
L3_DAY_TYPE_TIME_PERIOD,01F2827N_01F2714N,Weekday,夜間,374,517,143,0.38235294117647056,普通,6.23,8.62,2.38
L3_DAY_TYPE_TIME_PERIOD,01F2827N_01F2714N,Weekday,日間,383,495,112,0.2924281984334204,普通,6.38,8.25,1.87
L3_DAY_TYPE_TIME_PERIOD,01F2827N_01F2714N,Weekday,早尖峰,375,506,131,0.34933333333333333,普通,6.25,8.43,2.18
L3_DAY_TYPE_TIME_PERIOD,01F2827N_01F2714N,Weekday,晚尖峰,382,505,123,0.3219895287958115,普通,6.37,8.42,2.05
L3_DAY_TYPE_TIME_PERIOD,01F2827N_01F2714N,Weekend,凌晨,366,498,132,0.36065573770491804,普通,6.1,8.3,2.2
L3_DAY_TYPE_TIME_PERIOD,01F2827N_01F2714N,Weekend,夜間,376,444,68,0.18085106382978725,穩定,6.27,7.4,1.13
L3_DAY_TYPE_TIME_PERIOD,01F2827N_01F2714N,Weekend,日間,383,468,85,0.22193211488250653,穩定,6.38,7.8,1.42
L3_DAY_TYPE_TIME_PERIOD,01F2827N_01F2714N,Weekend,早尖峰,370,466,96,0.2594594594594595,普通,6.17,7.77,1.6
L3_DAY_TYPE_TIME_PERIOD,01F2827N_01F2714N,Weekend,晚尖峰,385,460,75,0.19480519480519481,穩定,6.42,7.67,1.25
L3_DAY_TYPE_TIME_PERIOD,01F2827N_03F2985N,Weekday,凌晨,912,1215,303,0.33223684210526316,普通,15.2,20.25,5.05
L3_DAY_TYPE_TIME_PERIOD,01F2827N_03F2985N,Weekday,夜間,878,1165,287,0.32687927107061504,普通,14.63,19.42,4.78
L3_DAY_TYPE_TIME_PERIOD,01F2827N_03F2985N,Weekday,日間,897,1136,239,0.26644370122630995,普通,14.95,18.93,3.98
L3_DAY_TYPE_TIME_PERIOD,01F2827N_03F2985N,Weekday,早尖峰,867,1104,237,0.27335640138408307,普通,14.45,18.4,3.95
L3_DAY_TYPE_TIME_PERIOD,01F2827N_03F2985N,Weekday,晚尖峰,895,1104,209,0.2335195530726257,穩定,14.92,18.4,3.48
L3_DAY_TYPE_TIME_PERIOD,01F2827N_03F2985N,Weekend,凌晨,859,1112,253,0.29452852153667053,普通,14.32,18.53,4.22
L3_DAY_TYPE_TIME_PERIOD,01F2827N_03F2985N,Weekend,夜間,880,1048,168,0.19090909090909092,穩定,14.67,17.47,2.8
L3_DAY_TYPE_TIME_PERIOD,01F2827N_03F2985N,Weekend,日間,890,1011,121,0.13595505617977527,穩定,14.83,16.85,2.02
L3_DAY_TYPE_TIME_PERIOD,01F2827N_03F2985N,Weekend,早尖峰,865,982,117,0.1352601156069364,穩定,14.42,16.37,1.95
L3_DAY_TYPE_TIME_PERIOD,01F2827N_03F2985N,Weekend,晚尖峰,889,1013,124,0.13948256467941508,穩定,14.82,16.88,2.07
L3_DAY_TYPE_TIME_PERIOD,01F2827N_03F3101S,Weekday,凌晨,1614,3186,1572,0.9739776951672863,不穩定,26.9,53.1,26.2
L3_DAY_TYPE_TIME_PERIOD,01F2827N_03F3101S,Weekday,夜間,1848,3309,1461,0.7905844155844156,不穩定,30.8,55.15,24.35
L3_DAY_TYPE_TIME_PERIOD,01F2827N_03F3101S,Weekday,日間,2023,3324,1301,0.6431043005437469,不穩定,33.72,55.4,21.68
L3_DAY_TYPE_TIME_PERIOD,01F2827N_03F3101S,Weekday,早尖峰,2101,3320,1219,0.5801999048072346,不穩定,35.02,55.33,20.32
L3_DAY_TYPE_TIME_PERIOD,01F2827N_03F3101S,Weekday,晚尖峰,2089,3267,1178,0.5639061752034467,不穩定,34.82,54.45,19.63
L3_DAY_TYPE_TIME_PERIOD,01F2827N_03F3101S,Weekend,凌晨,1205,3112,1907,1.5825726141078837,高風險,20.08,51.87,31.78
L3_DAY_TYPE_TIME_PERIOD,01F2827N_03F3101S,Weekend,夜間,2021,3241,1220,0.6036615536862939,不穩定,33.68,54.02,20.33
L3_DAY_TYPE_TIME_PERIOD,01F2827N_03F3101S,Weekend,日間,1220,3142,1922,1.5754098360655737,高風險,20.33,52.37,32.03
L3_DAY_TYPE_TIME_PERIOD,01F2827N_03F3101S,Weekend,早尖峰,1179,3135,1956,1.659033078880407,高風險,19.65,52.25,32.6
L3_DAY_TYPE_TIME_PERIOD,01F2827N_03F3101S,Weekend,晚尖峰,1299,3181,1882,1.4488067744418784,高風險,21.65,53.02,31.37
L3_DAY_TYPE_TIME_PERIOD,01F2827S_01F2866S,Weekday,凌晨,141,165,24,0.1702127659574468,穩定,2.35,2.75,0.4
L3_DAY_TYPE_TIME_PERIOD,01F2827S_01F2866S,Weekday,夜間,132,166,34,0.25757575757575757,普通,2.2,2.77,0.57
L3_DAY_TYPE_TIME_PERIOD,01F2827S_01F2866S,Weekday,日間,135,162,27,0.2,穩定,2.25,2.7,0.45
L3_DAY_TYPE_TIME_PERIOD,01F2827S_01F2866S,Weekday,早尖峰,131,159,28,0.21374045801526717,穩定,2.18,2.65,0.47
L3_DAY_TYPE_TIME_PERIOD,01F2827S_01F2866S,Weekday,晚尖峰,134,164,30,0.22388059701492538,穩定,2.23,2.73,0.5
L3_DAY_TYPE_TIME_PERIOD,01F2827S_01F2866S,Weekend,凌晨,130,163,33,0.25384615384615383,普通,2.17,2.72,0.55
L3_DAY_TYPE_TIME_PERIOD,01F2827S_01F2866S,Weekend,夜間,133,155,22,0.16541353383458646,穩定,2.22,2.58,0.37
L3_DAY_TYPE_TIME_PERIOD,01F2827S_01F2866S,Weekend,日間,134,156,22,0.16417910447761194,穩定,2.23,2.6,0.37
L3_DAY_TYPE_TIME_PERIOD,01F2827S_01F2866S,Weekend,早尖峰,130,156,26,0.2,穩定,2.17,2.6,0.43
L3_DAY_TYPE_TIME_PERIOD,01F2827S_01F2866S,Weekend,晚尖峰,139,172,33,0.23741007194244604,穩定,2.32,2.87,0.55
L3_DAY_TYPE_TIME_PERIOD,01F2866N_01F2827N,Weekday,凌晨,144,165,21,0.14583333333333334,穩定,2.4,2.75,0.35
L3_DAY_TYPE_TIME_PERIOD,01F2866N_01F2827N,Weekday,夜間,130,164,34,0.26153846153846155,普通,2.17,2.73,0.57
L3_DAY_TYPE_TIME_PERIOD,01F2866N_01F2827N,Weekday,日間,134,164,30,0.22388059701492538,穩定,2.23,2.73,0.5
L3_DAY_TYPE_TIME_PERIOD,01F2866N_01F2827N,Weekday,早尖峰,130,162,32,0.24615384615384617,穩定,2.17,2.7,0.53
L3_DAY_TYPE_TIME_PERIOD,01F2866N_01F2827N,Weekday,晚尖峰,133,166,33,0.24812030075187969,穩定,2.22,2.77,0.55
L3_DAY_TYPE_TIME_PERIOD,01F2866N_01F2827N,Weekend,凌晨,127,165,38,0.2992125984251969,普通,2.12,2.75,0.63
L3_DAY_TYPE_TIME_PERIOD,01F2866N_01F2827N,Weekend,夜間,131,152,21,0.16030534351145037,穩定,2.18,2.53,0.35
L3_DAY_TYPE_TIME_PERIOD,01F2866N_01F2827N,Weekend,日間,134,159,25,0.1865671641791045,穩定,2.23,2.65,0.42
L3_DAY_TYPE_TIME_PERIOD,01F2866N_01F2827N,Weekend,早尖峰,129,158,29,0.2248062015503876,穩定,2.15,2.63,0.48
L3_DAY_TYPE_TIME_PERIOD,01F2866N_01F2827N,Weekend,晚尖峰,134,158,24,0.1791044776119403,穩定,2.23,2.63,0.4
L3_DAY_TYPE_TIME_PERIOD,01F2866S_01F2930S,Weekday,凌晨,229,268,39,0.1703056768558952,穩定,3.82,4.47,0.65
L3_DAY_TYPE_TIME_PERIOD,01F2866S_01F2930S,Weekday,夜間,210,270,60,0.2857142857142857,普通,3.5,4.5,1.0
L3_DAY_TYPE_TIME_PERIOD,01F2866S_01F2930S,Weekday,日間,215,261,46,0.21395348837209302,穩定,3.58,4.35,0.77
L3_DAY_TYPE_TIME_PERIOD,01F2866S_01F2930S,Weekday,早尖峰,211,258,47,0.22274881516587677,穩定,3.52,4.3,0.78
L3_DAY_TYPE_TIME_PERIOD,01F2866S_01F2930S,Weekday,晚尖峰,215,265,50,0.23255813953488372,穩定,3.58,4.42,0.83
L3_DAY_TYPE_TIME_PERIOD,01F2866S_01F2930S,Weekend,凌晨,206,267,61,0.2961165048543689,普通,3.43,4.45,1.02
L3_DAY_TYPE_TIME_PERIOD,01F2866S_01F2930S,Weekend,夜間,213,266,53,0.24882629107981222,穩定,3.55,4.43,0.88
L3_DAY_TYPE_TIME_PERIOD,01F2866S_01F2930S,Weekend,日間,213,256,43,0.20187793427230047,穩定,3.55,4.27,0.72
L3_DAY_TYPE_TIME_PERIOD,01F2866S_01F2930S,Weekend,早尖峰,206,253,47,0.22815533980582525,穩定,3.43,4.22,0.78
L3_DAY_TYPE_TIME_PERIOD,01F2866S_01F2930S,Weekend,晚尖峰,221,391,170,0.7692307692307693,不穩定,3.68,6.52,2.83
L3_DAY_TYPE_TIME_PERIOD,01F2930N_01F2866N,Weekday,凌晨,237,268,31,0.1308016877637131,穩定,3.95,4.47,0.52
L3_DAY_TYPE_TIME_PERIOD,01F2930N_01F2866N,Weekday,夜間,212,269,57,0.2688679245283019,普通,3.53,4.48,0.95
L3_DAY_TYPE_TIME_PERIOD,01F2930N_01F2866N,Weekday,日間,217,265,48,0.22119815668202766,穩定,3.62,4.42,0.8
L3_DAY_TYPE_TIME_PERIOD,01F2930N_01F2866N,Weekday,早尖峰,212,262,50,0.2358490566037736,穩定,3.53,4.37,0.83
L3_DAY_TYPE_TIME_PERIOD,01F2930N_01F2866N,Weekday,晚尖峰,217,269,52,0.23963133640552994,穩定,3.62,4.48,0.87
L3_DAY_TYPE_TIME_PERIOD,01F2930N_01F2866N,Weekend,凌晨,207,269,62,0.2995169082125604,普通,3.45,4.48,1.03
L3_DAY_TYPE_TIME_PERIOD,01F2930N_01F2866N,Weekend,夜間,214,252,38,0.17757009345794392,穩定,3.57,4.2,0.63
L3_DAY_TYPE_TIME_PERIOD,01F2930N_01F2866N,Weekend,日間,219,256,37,0.1689497716894977,穩定,3.65,4.27,0.62
L3_DAY_TYPE_TIME_PERIOD,01F2930N_01F2866N,Weekend,早尖峰,210,254,44,0.20952380952380953,穩定,3.5,4.23,0.73
L3_DAY_TYPE_TIME_PERIOD,01F2930N_01F2866N,Weekend,晚尖峰,219,258,39,0.1780821917808219,穩定,3.65,4.3,0.65
L3_DAY_TYPE_TIME_PERIOD,01F2930S_01F3019S,Weekday,凌晨,315,373,58,0.18412698412698414,穩定,5.25,6.22,0.97
L3_DAY_TYPE_TIME_PERIOD,01F2930S_01F3019S,Weekday,夜間,298,377,79,0.2651006711409396,普通,4.97,6.28,1.32
L3_DAY_TYPE_TIME_PERIOD,01F2930S_01F3019S,Weekday,日間,306,368,62,0.20261437908496732,穩定,5.1,6.13,1.03
L3_DAY_TYPE_TIME_PERIOD,01F2930S_01F3019S,Weekday,早尖峰,298,362,64,0.21476510067114093,穩定,4.97,6.03,1.07
L3_DAY_TYPE_TIME_PERIOD,01F2930S_01F3019S,Weekday,晚尖峰,309,373,64,0.20711974110032363,穩定,5.15,6.22,1.07
L3_DAY_TYPE_TIME_PERIOD,01F2930S_01F3019S,Weekend,凌晨,290,369,79,0.27241379310344827,普通,4.83,6.15,1.32
L3_DAY_TYPE_TIME_PERIOD,01F2930S_01F3019S,Weekend,夜間,305,468,163,0.5344262295081967,不穩定,5.08,7.8,2.72
L3_DAY_TYPE_TIME_PERIOD,01F2930S_01F3019S,Weekend,日間,305,380,75,0.2459016393442623,穩定,5.08,6.33,1.25
L3_DAY_TYPE_TIME_PERIOD,01F2930S_01F3019S,Weekend,早尖峰,292,355,63,0.21575342465753425,穩定,4.87,5.92,1.05
L3_DAY_TYPE_TIME_PERIOD,01F2930S_01F3019S,Weekend,晚尖峰,325,818,493,1.5169230769230768,高風險,5.42,13.63,8.22
L3_DAY_TYPE_TIME_PERIOD,01F2930S_03F3307N,Weekday,凌晨,1648,3313,1665,1.0103155339805825,高風險,27.47,55.22,27.75
L3_DAY_TYPE_TIME_PERIOD,01F2930S_03F3307N,Weekday,夜間,1500,3320,1820,1.2133333333333334,高風險,25.0,55.33,30.33
L3_DAY_TYPE_TIME_PERIOD,01F2930S_03F3307N,Weekday,日間,1630,3327,1697,1.0411042944785276,高風險,27.17,55.45,28.28
L3_DAY_TYPE_TIME_PERIOD,01F2930S_03F3307N,Weekday,早尖峰,1270,3320,2050,1.6141732283464567,高風險,21.17,55.33,34.17
L3_DAY_TYPE_TIME_PERIOD,01F2930S_03F3307N,Weekday,晚尖峰,1778,3343,1565,0.8802024746906637,不穩定,29.63,55.72,26.08
L3_DAY_TYPE_TIME_PERIOD,01F2930S_03F3307N,Weekend,凌晨,1579,3226,1647,1.0430652311589614,高風險,26.32,53.77,27.45
L3_DAY_TYPE_TIME_PERIOD,01F2930S_03F3307N,Weekend,夜間,1630,3159,1529,0.938036809815951,不穩定,27.17,52.65,25.48
L3_DAY_TYPE_TIME_PERIOD,01F2930S_03F3307N,Weekend,日間,1337,3303,1966,1.4704562453253553,高風險,22.28,55.05,32.77
L3_DAY_TYPE_TIME_PERIOD,01F2930S_03F3307N,Weekend,早尖峰,1547,3229,1682,1.0872656755009695,高風險,25.78,53.82,28.03
L3_DAY_TYPE_TIME_PERIOD,01F2930S_03F3307N,Weekend,晚尖峰,1712,3301,1589,0.9281542056074766,不穩定,28.53,55.02,26.48
L3_DAY_TYPE_TIME_PERIOD,01F2930S_03F3392S,Weekday,凌晨,1056,1563,507,0.48011363636363635,普通,17.6,26.05,8.45
L3_DAY_TYPE_TIME_PERIOD,01F2930S_03F3392S,Weekday,夜間,992,1425,433,0.43649193548387094,普通,16.53,23.75,7.22
L3_DAY_TYPE_TIME_PERIOD,01F2930S_03F3392S,Weekday,日間,1021,1581,560,0.5484818805093046,不穩定,17.02,26.35,9.33
L3_DAY_TYPE_TIME_PERIOD,01F2930S_03F3392S,Weekday,早尖峰,992,1217,225,0.22681451612903225,穩定,16.53,20.28,3.75
L3_DAY_TYPE_TIME_PERIOD,01F2930S_03F3392S,Weekday,晚尖峰,991,1243,252,0.2542885973763875,普通,16.52,20.72,4.2
L3_DAY_TYPE_TIME_PERIOD,01F2930S_03F3392S,Weekend,凌晨,1000,1898,898,0.898,不穩定,16.67,31.63,14.97
L3_DAY_TYPE_TIME_PERIOD,01F2930S_03F3392S,Weekend,夜間,995,1776,781,0.7849246231155779,不穩定,16.58,29.6,13.02
L3_DAY_TYPE_TIME_PERIOD,01F2930S_03F3392S,Weekend,日間,977,1411,434,0.44421699078812693,普通,16.28,23.52,7.23
L3_DAY_TYPE_TIME_PERIOD,01F2930S_03F3392S,Weekend,早尖峰,969,1415,446,0.4602683178534572,普通,16.15,23.58,7.43
L3_DAY_TYPE_TIME_PERIOD,01F2930S_03F3392S,Weekend,晚尖峰,1033,2143,1110,1.074540174249758,高風險,17.22,35.72,18.5
L3_DAY_TYPE_TIME_PERIOD,01F3019N_01F2930N,Weekday,凌晨,322,375,53,0.16459627329192547,穩定,5.37,6.25,0.88
L3_DAY_TYPE_TIME_PERIOD,01F3019N_01F2930N,Weekday,夜間,299,375,76,0.25418060200668896,普通,4.98,6.25,1.27
L3_DAY_TYPE_TIME_PERIOD,01F3019N_01F2930N,Weekday,日間,311,373,62,0.19935691318327975,穩定,5.18,6.22,1.03
L3_DAY_TYPE_TIME_PERIOD,01F3019N_01F2930N,Weekday,早尖峰,302,368,66,0.2185430463576159,穩定,5.03,6.13,1.1
L3_DAY_TYPE_TIME_PERIOD,01F3019N_01F2930N,Weekday,晚尖峰,310,375,65,0.20967741935483872,穩定,5.17,6.25,1.08
L3_DAY_TYPE_TIME_PERIOD,01F3019N_01F2930N,Weekend,凌晨,291,373,82,0.281786941580756,普通,4.85,6.22,1.37
L3_DAY_TYPE_TIME_PERIOD,01F3019N_01F2930N,Weekend,夜間,303,350,47,0.1551155115511551,穩定,5.05,5.83,0.78
L3_DAY_TYPE_TIME_PERIOD,01F3019N_01F2930N,Weekend,日間,314,373,59,0.18789808917197454,穩定,5.23,6.22,0.98
L3_DAY_TYPE_TIME_PERIOD,01F3019N_01F2930N,Weekend,早尖峰,298,354,56,0.18791946308724833,穩定,4.97,5.9,0.93
L3_DAY_TYPE_TIME_PERIOD,01F3019N_01F2930N,Weekend,晚尖峰,313,377,64,0.20447284345047922,穩定,5.22,6.28,1.07
L3_DAY_TYPE_TIME_PERIOD,01F3019N_03F3307N,Weekday,凌晨,881,1269,388,0.44040862656072643,普通,14.68,21.15,6.47
L3_DAY_TYPE_TIME_PERIOD,01F3019N_03F3307N,Weekday,夜間,841,1235,394,0.4684898929845422,普通,14.02,20.58,6.57
L3_DAY_TYPE_TIME_PERIOD,01F3019N_03F3307N,Weekday,日間,859,1385,526,0.6123399301513388,不穩定,14.32,23.08,8.77
L3_DAY_TYPE_TIME_PERIOD,01F3019N_03F3307N,Weekday,早尖峰,831,1041,210,0.2527075812274368,普通,13.85,17.35,3.5
L3_DAY_TYPE_TIME_PERIOD,01F3019N_03F3307N,Weekday,晚尖峰,837,1212,375,0.44802867383512546,普通,13.95,20.2,6.25
L3_DAY_TYPE_TIME_PERIOD,01F3019N_03F3307N,Weekend,凌晨,825,1206,381,0.4618181818181818,普通,13.75,20.1,6.35
L3_DAY_TYPE_TIME_PERIOD,01F3019N_03F3307N,Weekend,夜間,821,1254,433,0.5274056029232643,不穩定,13.68,20.9,7.22
L3_DAY_TYPE_TIME_PERIOD,01F3019N_03F3307N,Weekend,日間,837,1148,311,0.3715651135005974,普通,13.95,19.13,5.18
L3_DAY_TYPE_TIME_PERIOD,01F3019N_03F3307N,Weekend,早尖峰,830,1112,282,0.3397590361445783,普通,13.83,18.53,4.7
L3_DAY_TYPE_TIME_PERIOD,01F3019N_03F3307N,Weekend,晚尖峰,830,1421,591,0.7120481927710843,不穩定,13.83,23.68,9.85
L3_DAY_TYPE_TIME_PERIOD,01F3019N_03F3392S,Weekday,凌晨,945,3004,2059,2.178835978835979,高風險,15.75,50.07,34.32
L3_DAY_TYPE_TIME_PERIOD,01F3019N_03F3392S,Weekday,夜間,894,3109,2215,2.4776286353467563,高風險,14.9,51.82,36.92
L3_DAY_TYPE_TIME_PERIOD,01F3019N_03F3392S,Weekday,日間,982,3255,2273,2.314663951120163,高風險,16.37,54.25,37.88
L3_DAY_TYPE_TIME_PERIOD,01F3019N_03F3392S,Weekday,早尖峰,804,2984,2180,2.711442786069652,高風險,13.4,49.73,36.33
L3_DAY_TYPE_TIME_PERIOD,01F3019N_03F3392S,Weekday,晚尖峰,880,3161,2281,2.5920454545454548,高風險,14.67,52.68,38.02
L3_DAY_TYPE_TIME_PERIOD,01F3019N_03F3392S,Weekend,凌晨,1163,2653,1490,1.2811693895098881,高風險,19.38,44.22,24.83
L3_DAY_TYPE_TIME_PERIOD,01F3019N_03F3392S,Weekend,夜間,910,3069,2159,2.3725274725274725,高風險,15.17,51.15,35.98
L3_DAY_TYPE_TIME_PERIOD,01F3019N_03F3392S,Weekend,日間,908,3177,2269,2.498898678414097,高風險,15.13,52.95,37.82
L3_DAY_TYPE_TIME_PERIOD,01F3019N_03F3392S,Weekend,早尖峰,926,3105,2179,2.353131749460043,高風險,15.43,51.75,36.32
L3_DAY_TYPE_TIME_PERIOD,01F3019N_03F3392S,Weekend,晚尖峰,978,3071,2093,2.140081799591002,高風險,16.3,51.18,34.88
L3_DAY_TYPE_TIME_PERIOD,01F3019S_01F3083S,Weekday,凌晨,227,270,43,0.1894273127753304,穩定,3.78,4.5,0.72
L3_DAY_TYPE_TIME_PERIOD,01F3019S_01F3083S,Weekday,夜間,213,274,61,0.2863849765258216,普通,3.55,4.57,1.02
L3_DAY_TYPE_TIME_PERIOD,01F3019S_01F3083S,Weekday,日間,223,269,46,0.2062780269058296,穩定,3.72,4.48,0.77
L3_DAY_TYPE_TIME_PERIOD,01F3019S_01F3083S,Weekday,早尖峰,218,262,44,0.2018348623853211,穩定,3.63,4.37,0.73
L3_DAY_TYPE_TIME_PERIOD,01F3019S_01F3083S,Weekday,晚尖峰,227,289,62,0.27312775330396477,普通,3.78,4.82,1.03
L3_DAY_TYPE_TIME_PERIOD,01F3019S_01F3083S,Weekend,凌晨,207,269,62,0.2995169082125604,普通,3.45,4.48,1.03
L3_DAY_TYPE_TIME_PERIOD,01F3019S_01F3083S,Weekend,夜間,221,415,194,0.8778280542986425,不穩定,3.68,6.92,3.23
L3_DAY_TYPE_TIME_PERIOD,01F3019S_01F3083S,Weekend,日間,222,324,102,0.4594594594594595,普通,3.7,5.4,1.7
L3_DAY_TYPE_TIME_PERIOD,01F3019S_01F3083S,Weekend,早尖峰,210,258,48,0.22857142857142856,穩定,3.5,4.3,0.8
L3_DAY_TYPE_TIME_PERIOD,01F3019S_01F3083S,Weekend,晚尖峰,254,638,384,1.5118110236220472,高風險,4.23,10.63,6.4
L3_DAY_TYPE_TIME_PERIOD,01F3083N_01F3019N,Weekday,凌晨,233,271,38,0.1630901287553648,穩定,3.88,4.52,0.63
L3_DAY_TYPE_TIME_PERIOD,01F3083N_01F3019N,Weekday,夜間,214,273,59,0.2757009345794392,普通,3.57,4.55,0.98
L3_DAY_TYPE_TIME_PERIOD,01F3083N_01F3019N,Weekday,日間,227,269,42,0.18502202643171806,穩定,3.78,4.48,0.7
L3_DAY_TYPE_TIME_PERIOD,01F3083N_01F3019N,Weekday,早尖峰,219,264,45,0.2054794520547945,穩定,3.65,4.4,0.75
L3_DAY_TYPE_TIME_PERIOD,01F3083N_01F3019N,Weekday,晚尖峰,225,273,48,0.21333333333333335,穩定,3.75,4.55,0.8
L3_DAY_TYPE_TIME_PERIOD,01F3083N_01F3019N,Weekend,凌晨,207,269,62,0.2995169082125604,普通,3.45,4.48,1.03
L3_DAY_TYPE_TIME_PERIOD,01F3083N_01F3019N,Weekend,夜間,218,257,39,0.17889908256880735,穩定,3.63,4.28,0.65
L3_DAY_TYPE_TIME_PERIOD,01F3083N_01F3019N,Weekend,日間,231,282,51,0.22077922077922077,穩定,3.85,4.7,0.85
L3_DAY_TYPE_TIME_PERIOD,01F3083N_01F3019N,Weekend,早尖峰,216,258,42,0.19444444444444445,穩定,3.6,4.3,0.7
L3_DAY_TYPE_TIME_PERIOD,01F3083N_01F3019N,Weekend,晚尖峰,227,279,52,0.2290748898678414,穩定,3.78,4.65,0.87
L3_DAY_TYPE_TIME_PERIOD,01F3083S_01F3126S,Weekday,凌晨,149,180,31,0.2080536912751678,穩定,2.48,3.0,0.52
L3_DAY_TYPE_TIME_PERIOD,01F3083S_01F3126S,Weekday,夜間,143,185,42,0.2937062937062937,普通,2.38,3.08,0.7
L3_DAY_TYPE_TIME_PERIOD,01F3083S_01F3126S,Weekday,日間,149,182,33,0.2214765100671141,穩定,2.48,3.03,0.55
L3_DAY_TYPE_TIME_PERIOD,01F3083S_01F3126S,Weekday,早尖峰,144,177,33,0.22916666666666666,穩定,2.4,2.95,0.55
L3_DAY_TYPE_TIME_PERIOD,01F3083S_01F3126S,Weekday,晚尖峰,155,305,150,0.967741935483871,不穩定,2.58,5.08,2.5
L3_DAY_TYPE_TIME_PERIOD,01F3083S_01F3126S,Weekend,凌晨,138,178,40,0.2898550724637681,普通,2.3,2.97,0.67
L3_DAY_TYPE_TIME_PERIOD,01F3083S_01F3126S,Weekend,夜間,148,213,65,0.4391891891891892,普通,2.47,3.55,1.08
L3_DAY_TYPE_TIME_PERIOD,01F3083S_01F3126S,Weekend,日間,148,198,50,0.33783783783783783,普通,2.47,3.3,0.83
L3_DAY_TYPE_TIME_PERIOD,01F3083S_01F3126S,Weekend,早尖峰,139,171,32,0.2302158273381295,穩定,2.32,2.85,0.53
L3_DAY_TYPE_TIME_PERIOD,01F3083S_01F3126S,Weekend,晚尖峰,171,362,191,1.1169590643274854,高風險,2.85,6.03,3.18
L3_DAY_TYPE_TIME_PERIOD,01F3126N_01F3083N,Weekday,凌晨,151,180,29,0.19205298013245034,穩定,2.52,3.0,0.48
L3_DAY_TYPE_TIME_PERIOD,01F3126N_01F3083N,Weekday,夜間,145,181,36,0.2482758620689655,穩定,2.42,3.02,0.6
L3_DAY_TYPE_TIME_PERIOD,01F3126N_01F3083N,Weekday,日間,155,184,29,0.1870967741935484,穩定,2.58,3.07,0.48
L3_DAY_TYPE_TIME_PERIOD,01F3126N_01F3083N,Weekday,早尖峰,153,178,25,0.16339869281045752,穩定,2.55,2.97,0.42
L3_DAY_TYPE_TIME_PERIOD,01F3126N_01F3083N,Weekday,晚尖峰,153,185,32,0.20915032679738563,穩定,2.55,3.08,0.53
L3_DAY_TYPE_TIME_PERIOD,01F3126N_01F3083N,Weekend,凌晨,140,178,38,0.2714285714285714,普通,2.33,2.97,0.63
L3_DAY_TYPE_TIME_PERIOD,01F3126N_01F3083N,Weekend,夜間,148,170,22,0.14864864864864866,穩定,2.47,2.83,0.37
L3_DAY_TYPE_TIME_PERIOD,01F3126N_01F3083N,Weekend,日間,157,254,97,0.6178343949044586,不穩定,2.62,4.23,1.62
L3_DAY_TYPE_TIME_PERIOD,01F3126N_01F3083N,Weekend,早尖峰,147,174,27,0.1836734693877551,穩定,2.45,2.9,0.45
L3_DAY_TYPE_TIME_PERIOD,01F3126N_01F3083N,Weekend,晚尖峰,154,184,30,0.19480519480519481,穩定,2.57,3.07,0.5
L3_DAY_TYPE_TIME_PERIOD,01F3126S_01F3185S,Weekday,凌晨,208,267,59,0.28365384615384615,普通,3.47,4.45,0.98
L3_DAY_TYPE_TIME_PERIOD,01F3126S_01F3185S,Weekday,夜間,210,411,201,0.9571428571428572,不穩定,3.5,6.85,3.35
L3_DAY_TYPE_TIME_PERIOD,01F3126S_01F3185S,Weekday,日間,218,286,68,0.3119266055045872,普通,3.63,4.77,1.13
L3_DAY_TYPE_TIME_PERIOD,01F3126S_01F3185S,Weekday,早尖峰,210,255,45,0.21428571428571427,穩定,3.5,4.25,0.75
L3_DAY_TYPE_TIME_PERIOD,01F3126S_01F3185S,Weekday,晚尖峰,262,647,385,1.4694656488549618,高風險,4.37,10.78,6.42
L3_DAY_TYPE_TIME_PERIOD,01F3126S_01F3185S,Weekend,凌晨,197,255,58,0.29441624365482233,普通,3.28,4.25,0.97
L3_DAY_TYPE_TIME_PERIOD,01F3126S_01F3185S,Weekend,夜間,216,300,84,0.3888888888888889,普通,3.6,5.0,1.4
L3_DAY_TYPE_TIME_PERIOD,01F3126S_01F3185S,Weekend,日間,218,350,132,0.6055045871559633,不穩定,3.63,5.83,2.2
L3_DAY_TYPE_TIME_PERIOD,01F3126S_01F3185S,Weekend,早尖峰,201,244,43,0.21393034825870647,穩定,3.35,4.07,0.72
L3_DAY_TYPE_TIME_PERIOD,01F3126S_01F3185S,Weekend,晚尖峰,269,592,323,1.2007434944237918,高風險,4.48,9.87,5.38
L3_DAY_TYPE_TIME_PERIOD,01F3126S_03F3445N,Weekday,凌晨,2402,3317,915,0.380932556203164,普通,40.03,55.28,15.25
L3_DAY_TYPE_TIME_PERIOD,01F3126S_03F3445N,Weekday,夜間,2197,3317,1120,0.5097860719162495,不穩定,36.62,55.28,18.67
L3_DAY_TYPE_TIME_PERIOD,01F3126S_03F3445N,Weekday,日間,2283,3331,1048,0.4590451160753395,普通,38.05,55.52,17.47
L3_DAY_TYPE_TIME_PERIOD,01F3126S_03F3445N,Weekday,早尖峰,1500,3271,1771,1.1806666666666668,高風險,25.0,54.52,29.52
L3_DAY_TYPE_TIME_PERIOD,01F3126S_03F3445N,Weekday,晚尖峰,2233,3337,1104,0.49440214957456335,普通,37.22,55.62,18.4
L3_DAY_TYPE_TIME_PERIOD,01F3126S_03F3445N,Weekend,凌晨,2208,3312,1104,0.5,不穩定,36.8,55.2,18.4
L3_DAY_TYPE_TIME_PERIOD,01F3126S_03F3445N,Weekend,夜間,2379,3308,929,0.3905002101723413,普通,39.65,55.13,15.48
L3_DAY_TYPE_TIME_PERIOD,01F3126S_03F3445N,Weekend,日間,2088,3309,1221,0.5847701149425287,不穩定,34.8,55.15,20.35
L3_DAY_TYPE_TIME_PERIOD,01F3126S_03F3445N,Weekend,早尖峰,1904,3286,1382,0.7258403361344538,不穩定,31.73,54.77,23.03
L3_DAY_TYPE_TIME_PERIOD,01F3126S_03F3445N,Weekend,晚尖峰,2270,3317,1047,0.46123348017621146,普通,37.83,55.28,17.45
L3_DAY_TYPE_TIME_PERIOD,01F3126S_03F3496S,Weekday,凌晨,609,727,118,0.19376026272577998,穩定,10.15,12.12,1.97
L3_DAY_TYPE_TIME_PERIOD,01F3126S_03F3496S,Weekday,夜間,574,767,193,0.3362369337979094,普通,9.57,12.78,3.22
L3_DAY_TYPE_TIME_PERIOD,01F3126S_03F3496S,Weekday,日間,598,704,106,0.17725752508361203,穩定,9.97,11.73,1.77
L3_DAY_TYPE_TIME_PERIOD,01F3126S_03F3496S,Weekday,早尖峰,603,746,143,0.23714759535655058,穩定,10.05,12.43,2.38
L3_DAY_TYPE_TIME_PERIOD,01F3126S_03F3496S,Weekday,晚尖峰,609,827,218,0.3579638752052545,普通,10.15,13.78,3.63
L3_DAY_TYPE_TIME_PERIOD,01F3126S_03F3496S,Weekend,凌晨,554,682,128,0.23104693140794225,穩定,9.23,11.37,2.13
L3_DAY_TYPE_TIME_PERIOD,01F3126S_03F3496S,Weekend,夜間,568,670,102,0.1795774647887324,穩定,9.47,11.17,1.7
L3_DAY_TYPE_TIME_PERIOD,01F3126S_03F3496S,Weekend,日間,580,812,232,0.4,普通,9.67,13.53,3.87
L3_DAY_TYPE_TIME_PERIOD,01F3126S_03F3496S,Weekend,早尖峰,564,651,87,0.15425531914893617,穩定,9.4,10.85,1.45
L3_DAY_TYPE_TIME_PERIOD,01F3126S_03F3496S,Weekend,晚尖峰,593,724,131,0.2209106239460371,穩定,9.88,12.07,2.18
L3_DAY_TYPE_TIME_PERIOD,01F3185N_01F3126N,Weekday,凌晨,208,304,96,0.46153846153846156,普通,3.47,5.07,1.6
L3_DAY_TYPE_TIME_PERIOD,01F3185N_01F3126N,Weekday,夜間,204,268,64,0.3137254901960784,普通,3.4,4.47,1.07
L3_DAY_TYPE_TIME_PERIOD,01F3185N_01F3126N,Weekday,日間,220,285,65,0.29545454545454547,普通,3.67,4.75,1.08
L3_DAY_TYPE_TIME_PERIOD,01F3185N_01F3126N,Weekday,早尖峰,238,416,178,0.7478991596638656,不穩定,3.97,6.93,2.97
L3_DAY_TYPE_TIME_PERIOD,01F3185N_01F3126N,Weekday,晚尖峰,215,266,51,0.2372093023255814,穩定,3.58,4.43,0.85
L3_DAY_TYPE_TIME_PERIOD,01F3185N_01F3126N,Weekend,凌晨,197,258,61,0.3096446700507614,普通,3.28,4.3,1.02
L3_DAY_TYPE_TIME_PERIOD,01F3185N_01F3126N,Weekend,夜間,209,244,35,0.1674641148325359,穩定,3.48,4.07,0.58
L3_DAY_TYPE_TIME_PERIOD,01F3185N_01F3126N,Weekend,日間,223,484,261,1.1704035874439462,高風險,3.72,8.07,4.35
L3_DAY_TYPE_TIME_PERIOD,01F3185N_01F3126N,Weekend,早尖峰,207,249,42,0.2028985507246377,穩定,3.45,4.15,0.7
L3_DAY_TYPE_TIME_PERIOD,01F3185N_01F3126N,Weekend,晚尖峰,218,268,50,0.22935779816513763,穩定,3.63,4.47,0.83
L3_DAY_TYPE_TIME_PERIOD,01F3185N_03F3445N,Weekday,凌晨,542,693,151,0.2785977859778598,普通,9.03,11.55,2.52
L3_DAY_TYPE_TIME_PERIOD,01F3185N_03F3445N,Weekday,夜間,552,624,72,0.13043478260869565,穩定,9.2,10.4,1.2
L3_DAY_TYPE_TIME_PERIOD,01F3185N_03F3445N,Weekday,日間,580,667,87,0.15,穩定,9.67,11.12,1.45
L3_DAY_TYPE_TIME_PERIOD,01F3185N_03F3445N,Weekday,早尖峰,589,763,174,0.29541595925297115,普通,9.82,12.72,2.9
L3_DAY_TYPE_TIME_PERIOD,01F3185N_03F3445N,Weekday,晚尖峰,576,694,118,0.2048611111111111,穩定,9.6,11.57,1.97
L3_DAY_TYPE_TIME_PERIOD,01F3185N_03F3445N,Weekend,凌晨,531,625,94,0.17702448210922786,穩定,8.85,10.42,1.57
L3_DAY_TYPE_TIME_PERIOD,01F3185N_03F3445N,Weekend,夜間,557,603,46,0.08258527827648116,穩定,9.28,10.05,0.77
L3_DAY_TYPE_TIME_PERIOD,01F3185N_03F3445N,Weekend,日間,580,829,249,0.42931034482758623,普通,9.67,13.82,4.15
L3_DAY_TYPE_TIME_PERIOD,01F3185N_03F3445N,Weekend,早尖峰,566,623,57,0.10070671378091872,穩定,9.43,10.38,0.95
L3_DAY_TYPE_TIME_PERIOD,01F3185N_03F3445N,Weekend,晚尖峰,564,616,52,0.09219858156028368,穩定,9.4,10.27,0.87
L3_DAY_TYPE_TIME_PERIOD,01F3185N_03F3496S,Weekday,凌晨,552,2897,2345,4.2481884057971016,高風險,9.2,48.28,39.08
L3_DAY_TYPE_TIME_PERIOD,01F3185N_03F3496S,Weekday,夜間,556,2867,2311,4.156474820143885,高風險,9.27,47.78,38.52
L3_DAY_TYPE_TIME_PERIOD,01F3185N_03F3496S,Weekday,日間,590,2932,2342,3.9694915254237286,高風險,9.83,48.87,39.03
L3_DAY_TYPE_TIME_PERIOD,01F3185N_03F3496S,Weekday,早尖峰,587,2713,2126,3.6218057921635434,高風險,9.78,45.22,35.43
L3_DAY_TYPE_TIME_PERIOD,01F3185N_03F3496S,Weekday,晚尖峰,595,2896,2301,3.8672268907563025,高風險,9.92,48.27,38.35
L3_DAY_TYPE_TIME_PERIOD,01F3185N_03F3496S,Weekend,凌晨,535,2773,2238,4.183177570093458,高風險,8.92,46.22,37.3
L3_DAY_TYPE_TIME_PERIOD,01F3185N_03F3496S,Weekend,夜間,545,2448,1903,3.491743119266055,高風險,9.08,40.8,31.72
L3_DAY_TYPE_TIME_PERIOD,01F3185N_03F3496S,Weekend,日間,560,2304,1744,3.1142857142857143,高風險,9.33,38.4,29.07
L3_DAY_TYPE_TIME_PERIOD,01F3185N_03F3496S,Weekend,早尖峰,549,2271,1722,3.1366120218579234,高風險,9.15,37.85,28.7
L3_DAY_TYPE_TIME_PERIOD,01F3185N_03F3496S,Weekend,晚尖峰,552,2413,1861,3.371376811594203,高風險,9.2,40.22,31.02
L3_DAY_TYPE_TIME_PERIOD,01F3185S_01F3227S,Weekday,凌晨,146,179,33,0.22602739726027396,穩定,2.43,2.98,0.55
L3_DAY_TYPE_TIME_PERIOD,01F3185S_01F3227S,Weekday,夜間,151,315,164,1.086092715231788,高風險,2.52,5.25,2.73
L3_DAY_TYPE_TIME_PERIOD,01F3185S_01F3227S,Weekday,日間,162,231,69,0.42592592592592593,普通,2.7,3.85,1.15
L3_DAY_TYPE_TIME_PERIOD,01F3185S_01F3227S,Weekday,早尖峰,154,182,28,0.18181818181818182,穩定,2.57,3.03,0.47
L3_DAY_TYPE_TIME_PERIOD,01F3185S_01F3227S,Weekday,晚尖峰,249,371,122,0.4899598393574297,普通,4.15,6.18,2.03
L3_DAY_TYPE_TIME_PERIOD,01F3185S_01F3227S,Weekend,凌晨,139,177,38,0.2733812949640288,普通,2.32,2.95,0.63
L3_DAY_TYPE_TIME_PERIOD,01F3185S_01F3227S,Weekend,夜間,154,239,85,0.551948051948052,不穩定,2.57,3.98,1.42
L3_DAY_TYPE_TIME_PERIOD,01F3185S_01F3227S,Weekend,日間,158,260,102,0.6455696202531646,不穩定,2.63,4.33,1.7
L3_DAY_TYPE_TIME_PERIOD,01F3185S_01F3227S,Weekend,早尖峰,144,171,27,0.1875,穩定,2.4,2.85,0.45
L3_DAY_TYPE_TIME_PERIOD,01F3185S_01F3227S,Weekend,晚尖峰,216,314,98,0.4537037037037037,普通,3.6,5.23,1.63
L3_DAY_TYPE_TIME_PERIOD,01F3227N_01F3185N,Weekday,凌晨,146,177,31,0.21232876712328766,穩定,2.43,2.95,0.52
L3_DAY_TYPE_TIME_PERIOD,01F3227N_01F3185N,Weekday,夜間,146,180,34,0.2328767123287671,穩定,2.43,3.0,0.57
L3_DAY_TYPE_TIME_PERIOD,01F3227N_01F3185N,Weekday,日間,161,198,37,0.22981366459627328,穩定,2.68,3.3,0.62
L3_DAY_TYPE_TIME_PERIOD,01F3227N_01F3185N,Weekday,早尖峰,175,390,215,1.2285714285714286,高風險,2.92,6.5,3.58
L3_DAY_TYPE_TIME_PERIOD,01F3227N_01F3185N,Weekday,晚尖峰,157,186,29,0.18471337579617833,穩定,2.62,3.1,0.48
L3_DAY_TYPE_TIME_PERIOD,01F3227N_01F3185N,Weekend,凌晨,139,176,37,0.26618705035971224,普通,2.32,2.93,0.62
L3_DAY_TYPE_TIME_PERIOD,01F3227N_01F3185N,Weekend,夜間,151,177,26,0.17218543046357615,穩定,2.52,2.95,0.43
L3_DAY_TYPE_TIME_PERIOD,01F3227N_01F3185N,Weekend,日間,157,403,246,1.5668789808917198,高風險,2.62,6.72,4.1
L3_DAY_TYPE_TIME_PERIOD,01F3227N_01F3185N,Weekend,早尖峰,147,179,32,0.21768707482993196,穩定,2.45,2.98,0.53
L3_DAY_TYPE_TIME_PERIOD,01F3227N_01F3185N,Weekend,晚尖峰,157,222,65,0.4140127388535032,普通,2.62,3.7,1.08
L3_DAY_TYPE_TIME_PERIOD,01F3227S_01F3252S,Weekday,凌晨,86,105,19,0.22093023255813954,穩定,1.43,1.75,0.32
L3_DAY_TYPE_TIME_PERIOD,01F3227S_01F3252S,Weekday,夜間,86,108,22,0.2558139534883721,普通,1.43,1.8,0.37
L3_DAY_TYPE_TIME_PERIOD,01F3227S_01F3252S,Weekday,日間,92,106,14,0.15217391304347827,穩定,1.53,1.77,0.23
L3_DAY_TYPE_TIME_PERIOD,01F3227S_01F3252S,Weekday,早尖峰,88,103,15,0.17045454545454544,穩定,1.47,1.72,0.25
L3_DAY_TYPE_TIME_PERIOD,01F3227S_01F3252S,Weekday,晚尖峰,97,111,14,0.14432989690721648,穩定,1.62,1.85,0.23
L3_DAY_TYPE_TIME_PERIOD,01F3227S_01F3252S,Weekend,凌晨,82,104,22,0.2682926829268293,普通,1.37,1.73,0.37
L3_DAY_TYPE_TIME_PERIOD,01F3227S_01F3252S,Weekend,夜間,88,104,16,0.18181818181818182,穩定,1.47,1.73,0.27
L3_DAY_TYPE_TIME_PERIOD,01F3227S_01F3252S,Weekend,日間,89,102,13,0.14606741573033707,穩定,1.48,1.7,0.22
L3_DAY_TYPE_TIME_PERIOD,01F3227S_01F3252S,Weekend,早尖峰,84,100,16,0.19047619047619047,穩定,1.4,1.67,0.27
L3_DAY_TYPE_TIME_PERIOD,01F3227S_01F3252S,Weekend,晚尖峰,95,108,13,0.1368421052631579,穩定,1.58,1.8,0.22
L3_DAY_TYPE_TIME_PERIOD,01F3252N_01F3227N,Weekday,凌晨,91,107,16,0.17582417582417584,穩定,1.52,1.78,0.27
L3_DAY_TYPE_TIME_PERIOD,01F3252N_01F3227N,Weekday,夜間,89,110,21,0.23595505617977527,穩定,1.48,1.83,0.35
L3_DAY_TYPE_TIME_PERIOD,01F3252N_01F3227N,Weekday,日間,101,229,128,1.2673267326732673,高風險,1.68,3.82,2.13
L3_DAY_TYPE_TIME_PERIOD,01F3252N_01F3227N,Weekday,早尖峰,109,225,116,1.0642201834862386,高風險,1.82,3.75,1.93
L3_DAY_TYPE_TIME_PERIOD,01F3252N_01F3227N,Weekday,晚尖峰,98,229,131,1.336734693877551,高風險,1.63,3.82,2.18
L3_DAY_TYPE_TIME_PERIOD,01F3252N_01F3227N,Weekend,凌晨,85,106,21,0.24705882352941178,穩定,1.42,1.77,0.35
L3_DAY_TYPE_TIME_PERIOD,01F3252N_01F3227N,Weekend,夜間,92,164,72,0.782608695652174,不穩定,1.53,2.73,1.2
L3_DAY_TYPE_TIME_PERIOD,01F3252N_01F3227N,Weekend,日間,96,292,196,2.0416666666666665,高風險,1.6,4.87,3.27
L3_DAY_TYPE_TIME_PERIOD,01F3252N_01F3227N,Weekend,早尖峰,90,124,34,0.37777777777777777,普通,1.5,2.07,0.57
L3_DAY_TYPE_TIME_PERIOD,01F3252N_01F3227N,Weekend,晚尖峰,97,254,157,1.6185567010309279,高風險,1.62,4.23,2.62
L3_DAY_TYPE_TIME_PERIOD,01F3252S_01F3286S,Weekday,凌晨,122,146,24,0.19672131147540983,穩定,2.03,2.43,0.4
L3_DAY_TYPE_TIME_PERIOD,01F3252S_01F3286S,Weekday,夜間,118,148,30,0.2542372881355932,普通,1.97,2.47,0.5
L3_DAY_TYPE_TIME_PERIOD,01F3252S_01F3286S,Weekday,日間,124,147,23,0.18548387096774194,穩定,2.07,2.45,0.38
L3_DAY_TYPE_TIME_PERIOD,01F3252S_01F3286S,Weekday,早尖峰,120,144,24,0.2,穩定,2.0,2.4,0.4
L3_DAY_TYPE_TIME_PERIOD,01F3252S_01F3286S,Weekday,晚尖峰,126,149,23,0.18253968253968253,穩定,2.1,2.48,0.38
L3_DAY_TYPE_TIME_PERIOD,01F3252S_01F3286S,Weekend,凌晨,113,145,32,0.2831858407079646,普通,1.88,2.42,0.53
L3_DAY_TYPE_TIME_PERIOD,01F3252S_01F3286S,Weekend,夜間,120,146,26,0.21666666666666667,穩定,2.0,2.43,0.43
L3_DAY_TYPE_TIME_PERIOD,01F3252S_01F3286S,Weekend,日間,120,149,29,0.24166666666666667,穩定,2.0,2.48,0.48
L3_DAY_TYPE_TIME_PERIOD,01F3252S_01F3286S,Weekend,早尖峰,114,139,25,0.21929824561403508,穩定,1.9,2.32,0.42
L3_DAY_TYPE_TIME_PERIOD,01F3252S_01F3286S,Weekend,晚尖峰,127,176,49,0.3858267716535433,普通,2.12,2.93,0.82
L3_DAY_TYPE_TIME_PERIOD,01F3286N_01F3252N,Weekday,凌晨,127,146,19,0.14960629921259844,穩定,2.12,2.43,0.32
L3_DAY_TYPE_TIME_PERIOD,01F3286N_01F3252N,Weekday,夜間,118,148,30,0.2542372881355932,普通,1.97,2.47,0.5
L3_DAY_TYPE_TIME_PERIOD,01F3286N_01F3252N,Weekday,日間,128,161,33,0.2578125,普通,2.13,2.68,0.55
L3_DAY_TYPE_TIME_PERIOD,01F3286N_01F3252N,Weekday,早尖峰,127,225,98,0.7716535433070866,不穩定,2.12,3.75,1.63
L3_DAY_TYPE_TIME_PERIOD,01F3286N_01F3252N,Weekday,晚尖峰,127,154,27,0.2125984251968504,穩定,2.12,2.57,0.45
L3_DAY_TYPE_TIME_PERIOD,01F3286N_01F3252N,Weekend,凌晨,114,147,33,0.2894736842105263,普通,1.9,2.45,0.55
L3_DAY_TYPE_TIME_PERIOD,01F3286N_01F3252N,Weekend,夜間,121,143,22,0.18181818181818182,穩定,2.02,2.38,0.37
L3_DAY_TYPE_TIME_PERIOD,01F3286N_01F3252N,Weekend,日間,122,254,132,1.0819672131147542,高風險,2.03,4.23,2.2
L3_DAY_TYPE_TIME_PERIOD,01F3286N_01F3252N,Weekend,早尖峰,117,144,27,0.23076923076923078,穩定,1.95,2.4,0.45
L3_DAY_TYPE_TIME_PERIOD,01F3286N_01F3252N,Weekend,晚尖峰,124,149,25,0.20161290322580644,穩定,2.07,2.48,0.42
L3_DAY_TYPE_TIME_PERIOD,01F3286S_01F3366S,Weekday,凌晨,279,345,66,0.23655913978494625,穩定,4.65,5.75,1.1
L3_DAY_TYPE_TIME_PERIOD,01F3286S_01F3366S,Weekday,夜間,279,356,77,0.27598566308243727,普通,4.65,5.93,1.28
L3_DAY_TYPE_TIME_PERIOD,01F3286S_01F3366S,Weekday,日間,308,482,174,0.564935064935065,不穩定,5.13,8.03,2.9
L3_DAY_TYPE_TIME_PERIOD,01F3286S_01F3366S,Weekday,早尖峰,313,478,165,0.5271565495207667,不穩定,5.22,7.97,2.75
L3_DAY_TYPE_TIME_PERIOD,01F3286S_01F3366S,Weekday,晚尖峰,311,774,463,1.4887459807073955,高風險,5.18,12.9,7.72
L3_DAY_TYPE_TIME_PERIOD,01F3286S_01F3366S,Weekend,凌晨,267,342,75,0.2808988764044944,普通,4.45,5.7,1.25
L3_DAY_TYPE_TIME_PERIOD,01F3286S_01F3366S,Weekend,夜間,292,677,385,1.3184931506849316,高風險,4.87,11.28,6.42
L3_DAY_TYPE_TIME_PERIOD,01F3286S_01F3366S,Weekend,日間,293,519,226,0.7713310580204779,不穩定,4.88,8.65,3.77
L3_DAY_TYPE_TIME_PERIOD,01F3286S_01F3366S,Weekend,早尖峰,272,328,56,0.20588235294117646,穩定,4.53,5.47,0.93
L3_DAY_TYPE_TIME_PERIOD,01F3286S_01F3366S,Weekend,晚尖峰,350,859,509,1.4542857142857142,高風險,5.83,14.32,8.48
L3_DAY_TYPE_TIME_PERIOD,01F3366N_01F3286N,Weekday,凌晨,285,341,56,0.19649122807017544,穩定,4.75,5.68,0.93
L3_DAY_TYPE_TIME_PERIOD,01F3366N_01F3286N,Weekday,夜間,279,350,71,0.25448028673835127,普通,4.65,5.83,1.18
L3_DAY_TYPE_TIME_PERIOD,01F3366N_01F3286N,Weekday,日間,312,364,52,0.16666666666666666,穩定,5.2,6.07,0.87
L3_DAY_TYPE_TIME_PERIOD,01F3366N_01F3286N,Weekday,早尖峰,294,345,51,0.17346938775510204,穩定,4.9,5.75,0.85
L3_DAY_TYPE_TIME_PERIOD,01F3366N_01F3286N,Weekday,晚尖峰,316,386,70,0.22151898734177214,穩定,5.27,6.43,1.17
L3_DAY_TYPE_TIME_PERIOD,01F3366N_01F3286N,Weekend,凌晨,268,341,73,0.27238805970149255,普通,4.47,5.68,1.22
L3_DAY_TYPE_TIME_PERIOD,01F3366N_01F3286N,Weekend,夜間,288,345,57,0.19791666666666666,穩定,4.8,5.75,0.95
L3_DAY_TYPE_TIME_PERIOD,01F3366N_01F3286N,Weekend,日間,298,354,56,0.18791946308724833,穩定,4.97,5.9,0.93
L3_DAY_TYPE_TIME_PERIOD,01F3366N_01F3286N,Weekend,早尖峰,278,334,56,0.2014388489208633,穩定,4.63,5.57,0.93
L3_DAY_TYPE_TIME_PERIOD,01F3366N_01F3286N,Weekend,晚尖峰,303,363,60,0.19801980198019803,穩定,5.05,6.05,1.0
L3_DAY_TYPE_TIME_PERIOD,01F3366S_01F3398S,Weekday,凌晨,104,131,27,0.25961538461538464,普通,1.73,2.18,0.45
L3_DAY_TYPE_TIME_PERIOD,01F3366S_01F3398S,Weekday,夜間,106,139,33,0.3113207547169811,普通,1.77,2.32,0.55
L3_DAY_TYPE_TIME_PERIOD,01F3366S_01F3398S,Weekday,日間,118,218,100,0.847457627118644,不穩定,1.97,3.63,1.67
L3_DAY_TYPE_TIME_PERIOD,01F3366S_01F3398S,Weekday,早尖峰,119,179,60,0.5042016806722689,不穩定,1.98,2.98,1.0
L3_DAY_TYPE_TIME_PERIOD,01F3366S_01F3398S,Weekday,晚尖峰,131,475,344,2.6259541984732824,高風險,2.18,7.92,5.73
L3_DAY_TYPE_TIME_PERIOD,01F3366S_01F3398S,Weekend,凌晨,100,129,29,0.29,普通,1.67,2.15,0.48
L3_DAY_TYPE_TIME_PERIOD,01F3366S_01F3398S,Weekend,夜間,112,309,197,1.7589285714285714,高風險,1.87,5.15,3.28
L3_DAY_TYPE_TIME_PERIOD,01F3366S_01F3398S,Weekend,日間,111,233,122,1.0990990990990992,高風險,1.85,3.88,2.03
L3_DAY_TYPE_TIME_PERIOD,01F3366S_01F3398S,Weekend,早尖峰,103,125,22,0.21359223300970873,穩定,1.72,2.08,0.37
L3_DAY_TYPE_TIME_PERIOD,01F3366S_01F3398S,Weekend,晚尖峰,174,382,208,1.1954022988505748,高風險,2.9,6.37,3.47
L3_DAY_TYPE_TIME_PERIOD,01F3398N_01F3366N,Weekday,凌晨,107,131,24,0.22429906542056074,穩定,1.78,2.18,0.4
L3_DAY_TYPE_TIME_PERIOD,01F3398N_01F3366N,Weekday,夜間,107,136,29,0.27102803738317754,普通,1.78,2.27,0.48
L3_DAY_TYPE_TIME_PERIOD,01F3398N_01F3366N,Weekday,日間,123,143,20,0.16260162601626016,穩定,2.05,2.38,0.33
L3_DAY_TYPE_TIME_PERIOD,01F3398N_01F3366N,Weekday,早尖峰,116,134,18,0.15517241379310345,穩定,1.93,2.23,0.3
L3_DAY_TYPE_TIME_PERIOD,01F3398N_01F3366N,Weekday,晚尖峰,125,147,22,0.176,穩定,2.08,2.45,0.37
L3_DAY_TYPE_TIME_PERIOD,01F3398N_01F3366N,Weekend,凌晨,103,130,27,0.2621359223300971,普通,1.72,2.17,0.45
L3_DAY_TYPE_TIME_PERIOD,01F3398N_01F3366N,Weekend,夜間,112,134,22,0.19642857142857142,穩定,1.87,2.23,0.37
L3_DAY_TYPE_TIME_PERIOD,01F3398N_01F3366N,Weekend,日間,117,138,21,0.1794871794871795,穩定,1.95,2.3,0.35
L3_DAY_TYPE_TIME_PERIOD,01F3398N_01F3366N,Weekend,早尖峰,108,129,21,0.19444444444444445,穩定,1.8,2.15,0.35
L3_DAY_TYPE_TIME_PERIOD,01F3398N_01F3366N,Weekend,晚尖峰,118,141,23,0.19491525423728814,穩定,1.97,2.35,0.38
L3_DAY_TYPE_TIME_PERIOD,01F3398S_01F3460S,Weekday,凌晨,210,263,53,0.2523809523809524,普通,3.5,4.38,0.88
L3_DAY_TYPE_TIME_PERIOD,01F3398S_01F3460S,Weekday,夜間,218,471,253,1.1605504587155964,高風險,3.63,7.85,4.22
L3_DAY_TYPE_TIME_PERIOD,01F3398S_01F3460S,Weekday,日間,253,542,289,1.1422924901185771,高風險,4.22,9.03,4.82
L3_DAY_TYPE_TIME_PERIOD,01F3398S_01F3460S,Weekday,早尖峰,236,283,47,0.19915254237288135,穩定,3.93,4.72,0.78
L3_DAY_TYPE_TIME_PERIOD,01F3398S_01F3460S,Weekday,晚尖峰,463,902,439,0.9481641468682506,不穩定,7.72,15.03,7.32
L3_DAY_TYPE_TIME_PERIOD,01F3398S_01F3460S,Weekend,凌晨,204,260,56,0.27450980392156865,普通,3.4,4.33,0.93
L3_DAY_TYPE_TIME_PERIOD,01F3398S_01F3460S,Weekend,夜間,236,503,267,1.13135593220339,高風險,3.93,8.38,4.45
L3_DAY_TYPE_TIME_PERIOD,01F3398S_01F3460S,Weekend,日間,235,468,233,0.9914893617021276,不穩定,3.92,7.8,3.88
L3_DAY_TYPE_TIME_PERIOD,01F3398S_01F3460S,Weekend,早尖峰,210,251,41,0.19523809523809524,穩定,3.5,4.18,0.68
L3_DAY_TYPE_TIME_PERIOD,01F3398S_01F3460S,Weekend,晚尖峰,314,646,332,1.0573248407643312,高風險,5.23,10.77,5.53
L3_DAY_TYPE_TIME_PERIOD,01F3460N_01F3398N,Weekday,凌晨,213,263,50,0.2347417840375587,穩定,3.55,4.38,0.83
L3_DAY_TYPE_TIME_PERIOD,01F3460N_01F3398N,Weekday,夜間,216,328,112,0.5185185185185185,不穩定,3.6,5.47,1.87
L3_DAY_TYPE_TIME_PERIOD,01F3460N_01F3398N,Weekday,日間,256,459,203,0.79296875,不穩定,4.27,7.65,3.38
L3_DAY_TYPE_TIME_PERIOD,01F3460N_01F3398N,Weekday,早尖峰,257,346,89,0.3463035019455253,普通,4.28,5.77,1.48
L3_DAY_TYPE_TIME_PERIOD,01F3460N_01F3398N,Weekday,晚尖峰,259,631,372,1.4362934362934363,高風險,4.32,10.52,6.2
L3_DAY_TYPE_TIME_PERIOD,01F3460N_01F3398N,Weekend,凌晨,206,262,56,0.27184466019417475,普通,3.43,4.37,0.93
L3_DAY_TYPE_TIME_PERIOD,01F3460N_01F3398N,Weekend,夜間,228,290,62,0.2719298245614035,普通,3.8,4.83,1.03
L3_DAY_TYPE_TIME_PERIOD,01F3460N_01F3398N,Weekend,日間,242,597,355,1.4669421487603307,高風險,4.03,9.95,5.92
L3_DAY_TYPE_TIME_PERIOD,01F3460N_01F3398N,Weekend,早尖峰,220,269,49,0.22272727272727272,穩定,3.67,4.48,0.82
L3_DAY_TYPE_TIME_PERIOD,01F3460N_01F3398N,Weekend,晚尖峰,244,548,304,1.2459016393442623,高風險,4.07,9.13,5.07
L3_DAY_TYPE_TIME_PERIOD,01F3460S_01F3535S,Weekday,凌晨,252,357,105,0.4166666666666667,普通,4.2,5.95,1.75
L3_DAY_TYPE_TIME_PERIOD,01F3460S_01F3535S,Weekday,夜間,263,479,216,0.8212927756653993,不穩定,4.38,7.98,3.6
L3_DAY_TYPE_TIME_PERIOD,01F3460S_01F3535S,Weekday,日間,304,625,321,1.055921052631579,高風險,5.07,10.42,5.35
L3_DAY_TYPE_TIME_PERIOD,01F3460S_01F3535S,Weekday,早尖峰,273,411,138,0.5054945054945055,不穩定,4.55,6.85,2.3
L3_DAY_TYPE_TIME_PERIOD,01F3460S_01F3535S,Weekday,晚尖峰,332,804,472,1.4216867469879517,高風險,5.53,13.4,7.87
L3_DAY_TYPE_TIME_PERIOD,01F3460S_01F3535S,Weekend,凌晨,246,320,74,0.3008130081300813,普通,4.1,5.33,1.23
L3_DAY_TYPE_TIME_PERIOD,01F3460S_01F3535S,Weekend,夜間,285,513,228,0.8,不穩定,4.75,8.55,3.8
L3_DAY_TYPE_TIME_PERIOD,01F3460S_01F3535S,Weekend,日間,275,554,279,1.0145454545454546,高風險,4.58,9.23,4.65
L3_DAY_TYPE_TIME_PERIOD,01F3460S_01F3535S,Weekend,早尖峰,250,306,56,0.224,穩定,4.17,5.1,0.93
L3_DAY_TYPE_TIME_PERIOD,01F3460S_01F3535S,Weekend,晚尖峰,305,747,442,1.4491803278688524,高風險,5.08,12.45,7.37
L3_DAY_TYPE_TIME_PERIOD,01F3535N_01F3460N,Weekday,凌晨,254,337,83,0.32677165354330706,普通,4.23,5.62,1.38
L3_DAY_TYPE_TIME_PERIOD,01F3535N_01F3460N,Weekday,夜間,256,334,78,0.3046875,普通,4.27,5.57,1.3
L3_DAY_TYPE_TIME_PERIOD,01F3535N_01F3460N,Weekday,日間,301,565,264,0.8770764119601329,不穩定,5.02,9.42,4.4
L3_DAY_TYPE_TIME_PERIOD,01F3535N_01F3460N,Weekday,早尖峰,337,591,254,0.7537091988130564,不穩定,5.62,9.85,4.23
L3_DAY_TYPE_TIME_PERIOD,01F3535N_01F3460N,Weekday,晚尖峰,285,552,267,0.9368421052631579,不穩定,4.75,9.2,4.45
L3_DAY_TYPE_TIME_PERIOD,01F3535N_01F3460N,Weekend,凌晨,248,312,64,0.25806451612903225,普通,4.13,5.2,1.07
L3_DAY_TYPE_TIME_PERIOD,01F3535N_01F3460N,Weekend,夜間,265,346,81,0.30566037735849055,普通,4.42,5.77,1.35
L3_DAY_TYPE_TIME_PERIOD,01F3535N_01F3460N,Weekend,日間,282,708,426,1.5106382978723405,高風險,4.7,11.8,7.1
L3_DAY_TYPE_TIME_PERIOD,01F3535N_01F3460N,Weekend,早尖峰,258,325,67,0.2596899224806202,普通,4.3,5.42,1.12
L3_DAY_TYPE_TIME_PERIOD,01F3535N_01F3460N,Weekend,晚尖峰,285,513,228,0.8,不穩定,4.75,8.55,3.8
L3_DAY_TYPE_TIME_PERIOD,01F3535S_01F3561S,Weekday,凌晨,115,153,38,0.33043478260869563,普通,1.92,2.55,0.63
L3_DAY_TYPE_TIME_PERIOD,01F3535S_01F3561S,Weekday,夜間,124,171,47,0.3790322580645161,普通,2.07,2.85,0.78
L3_DAY_TYPE_TIME_PERIOD,01F3535S_01F3561S,Weekday,日間,134,165,31,0.23134328358208955,穩定,2.23,2.75,0.52
L3_DAY_TYPE_TIME_PERIOD,01F3535S_01F3561S,Weekday,早尖峰,122,153,31,0.2540983606557377,普通,2.03,2.55,0.52
L3_DAY_TYPE_TIME_PERIOD,01F3535S_01F3561S,Weekday,晚尖峰,154,319,165,1.0714285714285714,高風險,2.57,5.32,2.75
L3_DAY_TYPE_TIME_PERIOD,01F3535S_01F3561S,Weekend,凌晨,110,142,32,0.2909090909090909,普通,1.83,2.37,0.53
L3_DAY_TYPE_TIME_PERIOD,01F3535S_01F3561S,Weekend,夜間,123,162,39,0.3170731707317073,普通,2.05,2.7,0.65
L3_DAY_TYPE_TIME_PERIOD,01F3535S_01F3561S,Weekend,日間,124,152,28,0.22580645161290322,穩定,2.07,2.53,0.47
L3_DAY_TYPE_TIME_PERIOD,01F3535S_01F3561S,Weekend,早尖峰,109,139,30,0.27522935779816515,普通,1.82,2.32,0.5
L3_DAY_TYPE_TIME_PERIOD,01F3535S_01F3561S,Weekend,晚尖峰,135,168,33,0.24444444444444444,穩定,2.25,2.8,0.55
L3_DAY_TYPE_TIME_PERIOD,01F3559N_01F3535N,Weekday,凌晨,108,144,36,0.3333333333333333,普通,1.8,2.4,0.6
L3_DAY_TYPE_TIME_PERIOD,01F3559N_01F3535N,Weekday,夜間,115,142,27,0.23478260869565218,穩定,1.92,2.37,0.45
L3_DAY_TYPE_TIME_PERIOD,01F3559N_01F3535N,Weekday,日間,135,294,159,1.1777777777777778,高風險,2.25,4.9,2.65
L3_DAY_TYPE_TIME_PERIOD,01F3559N_01F3535N,Weekday,早尖峰,134,248,114,0.8507462686567164,不穩定,2.23,4.13,1.9
L3_DAY_TYPE_TIME_PERIOD,01F3559N_01F3535N,Weekday,晚尖峰,129,251,122,0.9457364341085271,不穩定,2.15,4.18,2.03
L3_DAY_TYPE_TIME_PERIOD,01F3559N_01F3535N,Weekend,凌晨,103,134,31,0.30097087378640774,普通,1.72,2.23,0.52
L3_DAY_TYPE_TIME_PERIOD,01F3559N_01F3535N,Weekend,夜間,116,151,35,0.3017241379310345,普通,1.93,2.52,0.58
L3_DAY_TYPE_TIME_PERIOD,01F3559N_01F3535N,Weekend,日間,126,279,153,1.2142857142857142,高風險,2.1,4.65,2.55
L3_DAY_TYPE_TIME_PERIOD,01F3559N_01F3535N,Weekend,早尖峰,115,144,29,0.25217391304347825,普通,1.92,2.4,0.48
L3_DAY_TYPE_TIME_PERIOD,01F3559N_01F3535N,Weekend,晚尖峰,129,301,172,1.3333333333333333,高風險,2.15,5.02,2.87
L3_DAY_TYPE_TIME_PERIOD,01F3561S_01F3590S,Weekday,凌晨,100,124,24,0.24,穩定,1.67,2.07,0.4
L3_DAY_TYPE_TIME_PERIOD,01F3561S_01F3590S,Weekday,夜間,107,170,63,0.5887850467289719,不穩定,1.78,2.83,1.05
L3_DAY_TYPE_TIME_PERIOD,01F3561S_01F3590S,Weekday,日間,119,147,28,0.23529411764705882,穩定,1.98,2.45,0.47
L3_DAY_TYPE_TIME_PERIOD,01F3561S_01F3590S,Weekday,早尖峰,109,126,17,0.1559633027522936,穩定,1.82,2.1,0.28
L3_DAY_TYPE_TIME_PERIOD,01F3561S_01F3590S,Weekday,晚尖峰,150,247,97,0.6466666666666666,不穩定,2.5,4.12,1.62
L3_DAY_TYPE_TIME_PERIOD,01F3561S_01F3590S,Weekend,凌晨,98,121,23,0.23469387755102042,穩定,1.63,2.02,0.38
L3_DAY_TYPE_TIME_PERIOD,01F3561S_01F3590S,Weekend,夜間,113,132,19,0.168141592920354,穩定,1.88,2.2,0.32
L3_DAY_TYPE_TIME_PERIOD,01F3561S_01F3590S,Weekend,日間,112,134,22,0.19642857142857142,穩定,1.87,2.23,0.37
L3_DAY_TYPE_TIME_PERIOD,01F3561S_01F3590S,Weekend,早尖峰,101,118,17,0.16831683168316833,穩定,1.68,1.97,0.28
L3_DAY_TYPE_TIME_PERIOD,01F3561S_01F3590S,Weekend,晚尖峰,123,167,44,0.35772357723577236,普通,2.05,2.78,0.73
L3_DAY_TYPE_TIME_PERIOD,01F3590N_01F3559N,Weekday,凌晨,109,133,24,0.22018348623853212,穩定,1.82,2.22,0.4
L3_DAY_TYPE_TIME_PERIOD,01F3590N_01F3559N,Weekday,夜間,112,136,24,0.21428571428571427,穩定,1.87,2.27,0.4
L3_DAY_TYPE_TIME_PERIOD,01F3590N_01F3559N,Weekday,日間,127,264,137,1.078740157480315,高風險,2.12,4.4,2.28
L3_DAY_TYPE_TIME_PERIOD,01F3590N_01F3559N,Weekday,早尖峰,149,192,43,0.28859060402684567,普通,2.48,3.2,0.72
L3_DAY_TYPE_TIME_PERIOD,01F3590N_01F3559N,Weekday,晚尖峰,123,162,39,0.3170731707317073,普通,2.05,2.7,0.65
L3_DAY_TYPE_TIME_PERIOD,01F3590N_01F3559N,Weekend,凌晨,107,131,24,0.22429906542056074,穩定,1.78,2.18,0.4
L3_DAY_TYPE_TIME_PERIOD,01F3590N_01F3559N,Weekend,夜間,117,133,16,0.13675213675213677,穩定,1.95,2.22,0.27
L3_DAY_TYPE_TIME_PERIOD,01F3590N_01F3559N,Weekend,日間,120,160,40,0.3333333333333333,普通,2.0,2.67,0.67
L3_DAY_TYPE_TIME_PERIOD,01F3590N_01F3559N,Weekend,早尖峰,115,133,18,0.1565217391304348,穩定,1.92,2.22,0.3
L3_DAY_TYPE_TIME_PERIOD,01F3590N_01F3559N,Weekend,晚尖峰,120,178,58,0.48333333333333334,普通,2.0,2.97,0.97
L3_DAY_TYPE_TIME_PERIOD,01F3590S_01F3640S,Weekday,凌晨,174,211,37,0.21264367816091953,穩定,2.9,3.52,0.62
L3_DAY_TYPE_TIME_PERIOD,01F3590S_01F3640S,Weekday,夜間,184,232,48,0.2608695652173913,普通,3.07,3.87,0.8
L3_DAY_TYPE_TIME_PERIOD,01F3590S_01F3640S,Weekday,日間,202,264,62,0.3069306930693069,普通,3.37,4.4,1.03
L3_DAY_TYPE_TIME_PERIOD,01F3590S_01F3640S,Weekday,早尖峰,186,215,29,0.15591397849462366,穩定,3.1,3.58,0.48
L3_DAY_TYPE_TIME_PERIOD,01F3590S_01F3640S,Weekday,晚尖峰,220,295,75,0.3409090909090909,普通,3.67,4.92,1.25
L3_DAY_TYPE_TIME_PERIOD,01F3590S_01F3640S,Weekend,凌晨,171,207,36,0.21052631578947367,穩定,2.85,3.45,0.6
L3_DAY_TYPE_TIME_PERIOD,01F3590S_01F3640S,Weekend,夜間,189,212,23,0.12169312169312169,穩定,3.15,3.53,0.38
L3_DAY_TYPE_TIME_PERIOD,01F3590S_01F3640S,Weekend,日間,189,218,29,0.15343915343915343,穩定,3.15,3.63,0.48
L3_DAY_TYPE_TIME_PERIOD,01F3590S_01F3640S,Weekend,早尖峰,176,205,29,0.16477272727272727,穩定,2.93,3.42,0.48
L3_DAY_TYPE_TIME_PERIOD,01F3590S_01F3640S,Weekend,晚尖峰,201,234,33,0.16417910447761194,穩定,3.35,3.9,0.55
L3_DAY_TYPE_TIME_PERIOD,01F3590S_03F3743N,Weekday,凌晨,2576,3369,793,0.3078416149068323,普通,42.93,56.15,13.22
L3_DAY_TYPE_TIME_PERIOD,01F3590S_03F3743N,Weekday,夜間,2594,3376,782,0.30146491904394757,普通,43.23,56.27,13.03
L3_DAY_TYPE_TIME_PERIOD,01F3590S_03F3743N,Weekday,日間,2725,3406,681,0.24990825688073395,穩定,45.42,56.77,11.35
L3_DAY_TYPE_TIME_PERIOD,01F3590S_03F3743N,Weekday,早尖峰,2777,3408,631,0.22722362261433202,穩定,46.28,56.8,10.52
L3_DAY_TYPE_TIME_PERIOD,01F3590S_03F3743N,Weekday,晚尖峰,2782,3410,628,0.22573687994248742,穩定,46.37,56.83,10.47
L3_DAY_TYPE_TIME_PERIOD,01F3590S_03F3743N,Weekend,凌晨,2571,3347,776,0.3018280824581875,普通,42.85,55.78,12.93
L3_DAY_TYPE_TIME_PERIOD,01F3590S_03F3743N,Weekend,夜間,2639,3376,737,0.2792724516862448,普通,43.98,56.27,12.28
L3_DAY_TYPE_TIME_PERIOD,01F3590S_03F3743N,Weekend,日間,2454,3362,908,0.3700081499592502,普通,40.9,56.03,15.13
L3_DAY_TYPE_TIME_PERIOD,01F3590S_03F3743N,Weekend,早尖峰,2527,3358,831,0.32884843688167786,普通,42.12,55.97,13.85
L3_DAY_TYPE_TIME_PERIOD,01F3590S_03F3743N,Weekend,晚尖峰,2661,3392,731,0.2747087561067268,普通,44.35,56.53,12.18
L3_DAY_TYPE_TIME_PERIOD,01F3590S_03F3854S,Weekday,凌晨,1011,2982,1971,1.9495548961424332,高風險,16.85,49.7,32.85
L3_DAY_TYPE_TIME_PERIOD,01F3590S_03F3854S,Weekday,夜間,980,2946,1966,2.0061224489795917,高風險,16.33,49.1,32.77
L3_DAY_TYPE_TIME_PERIOD,01F3590S_03F3854S,Weekday,日間,1014,2743,1729,1.705128205128205,高風險,16.9,45.72,28.82
L3_DAY_TYPE_TIME_PERIOD,01F3590S_03F3854S,Weekday,早尖峰,990,2776,1786,1.804040404040404,高風險,16.5,46.27,29.77
L3_DAY_TYPE_TIME_PERIOD,01F3590S_03F3854S,Weekday,晚尖峰,1022,2887,1865,1.824853228962818,高風險,17.03,48.12,31.08
L3_DAY_TYPE_TIME_PERIOD,01F3590S_03F3854S,Weekend,凌晨,960,2948,1988,2.0708333333333333,高風險,16.0,49.13,33.13
L3_DAY_TYPE_TIME_PERIOD,01F3590S_03F3854S,Weekend,夜間,980,2907,1927,1.9663265306122448,高風險,16.33,48.45,32.12
L3_DAY_TYPE_TIME_PERIOD,01F3590S_03F3854S,Weekend,日間,995,2636,1641,1.649246231155779,高風險,16.58,43.93,27.35
L3_DAY_TYPE_TIME_PERIOD,01F3590S_03F3854S,Weekend,早尖峰,948,2477,1529,1.6128691983122363,高風險,15.8,41.28,25.48
L3_DAY_TYPE_TIME_PERIOD,01F3590S_03F3854S,Weekend,晚尖峰,980,2778,1798,1.8346938775510204,高風險,16.33,46.3,29.97
L3_DAY_TYPE_TIME_PERIOD,01F3640N_01F3590N,Weekday,凌晨,175,211,36,0.2057142857142857,穩定,2.92,3.52,0.6
L3_DAY_TYPE_TIME_PERIOD,01F3640N_01F3590N,Weekday,夜間,180,217,37,0.20555555555555555,穩定,3.0,3.62,0.62
L3_DAY_TYPE_TIME_PERIOD,01F3640N_01F3590N,Weekday,日間,201,338,137,0.681592039800995,不穩定,3.35,5.63,2.28
L3_DAY_TYPE_TIME_PERIOD,01F3640N_01F3590N,Weekday,早尖峰,248,430,182,0.7338709677419355,不穩定,4.13,7.17,3.03
L3_DAY_TYPE_TIME_PERIOD,01F3640N_01F3590N,Weekday,晚尖峰,196,246,50,0.25510204081632654,普通,3.27,4.1,0.83
L3_DAY_TYPE_TIME_PERIOD,01F3640N_01F3590N,Weekend,凌晨,172,208,36,0.20930232558139536,穩定,2.87,3.47,0.6
L3_DAY_TYPE_TIME_PERIOD,01F3640N_01F3590N,Weekend,夜間,185,208,23,0.12432432432432433,穩定,3.08,3.47,0.38
L3_DAY_TYPE_TIME_PERIOD,01F3640N_01F3590N,Weekend,日間,188,220,32,0.1702127659574468,穩定,3.13,3.67,0.53
L3_DAY_TYPE_TIME_PERIOD,01F3640N_01F3590N,Weekend,早尖峰,183,212,29,0.15846994535519127,穩定,3.05,3.53,0.48
L3_DAY_TYPE_TIME_PERIOD,01F3640N_01F3590N,Weekend,晚尖峰,190,221,31,0.1631578947368421,穩定,3.17,3.68,0.52
L3_DAY_TYPE_TIME_PERIOD,01F3640N_03F3743N,Weekday,凌晨,1060,1465,405,0.38207547169811323,普通,17.67,24.42,6.75
L3_DAY_TYPE_TIME_PERIOD,01F3640N_03F3743N,Weekday,夜間,1056,1327,271,0.2566287878787879,普通,17.6,22.12,4.52
L3_DAY_TYPE_TIME_PERIOD,01F3640N_03F3743N,Weekday,日間,1128,1397,269,0.23847517730496454,穩定,18.8,23.28,4.48
L3_DAY_TYPE_TIME_PERIOD,01F3640N_03F3743N,Weekday,早尖峰,1088,1293,205,0.18841911764705882,穩定,18.13,21.55,3.42
L3_DAY_TYPE_TIME_PERIOD,01F3640N_03F3743N,Weekday,晚尖峰,1113,1434,321,0.2884097035040431,普通,18.55,23.9,5.35
L3_DAY_TYPE_TIME_PERIOD,01F3640N_03F3743N,Weekend,凌晨,1020,1320,300,0.29411764705882354,普通,17.0,22.0,5.0
L3_DAY_TYPE_TIME_PERIOD,01F3640N_03F3743N,Weekend,夜間,1048,1154,106,0.10114503816793893,穩定,17.47,19.23,1.77
L3_DAY_TYPE_TIME_PERIOD,01F3640N_03F3743N,Weekend,日間,1111,1871,760,0.684068406840684,不穩定,18.52,31.18,12.67
L3_DAY_TYPE_TIME_PERIOD,01F3640N_03F3743N,Weekend,早尖峰,1067,1193,126,0.11808809746954077,穩定,17.78,19.88,2.1
L3_DAY_TYPE_TIME_PERIOD,01F3640N_03F3743N,Weekend,晚尖峰,1067,1262,195,0.18275538894095594,穩定,17.78,21.03,3.25
L3_DAY_TYPE_TIME_PERIOD,01F3640N_03F3854S,Weekday,凌晨,795,1622,827,1.040251572327044,高風險,13.25,27.03,13.78
L3_DAY_TYPE_TIME_PERIOD,01F3640N_03F3854S,Weekday,夜間,823,1127,304,0.36938031591737547,普通,13.72,18.78,5.07
L3_DAY_TYPE_TIME_PERIOD,01F3640N_03F3854S,Weekday,日間,879,1729,850,0.9670079635949943,不穩定,14.65,28.82,14.17
L3_DAY_TYPE_TIME_PERIOD,01F3640N_03F3854S,Weekday,早尖峰,864,1103,239,0.27662037037037035,普通,14.4,18.38,3.98
L3_DAY_TYPE_TIME_PERIOD,01F3640N_03F3854S,Weekday,晚尖峰,867,1267,400,0.461361014994233,普通,14.45,21.12,6.67
L3_DAY_TYPE_TIME_PERIOD,01F3640N_03F3854S,Weekend,凌晨,788,1549,761,0.9657360406091371,不穩定,13.13,25.82,12.68
L3_DAY_TYPE_TIME_PERIOD,01F3640N_03F3854S,Weekend,夜間,822,998,176,0.2141119221411192,穩定,13.7,16.63,2.93
L3_DAY_TYPE_TIME_PERIOD,01F3640N_03F3854S,Weekend,日間,866,1619,753,0.8695150115473441,不穩定,14.43,26.98,12.55
L3_DAY_TYPE_TIME_PERIOD,01F3640N_03F3854S,Weekend,早尖峰,839,1031,192,0.22884386174016685,穩定,13.98,17.18,3.2
L3_DAY_TYPE_TIME_PERIOD,01F3640N_03F3854S,Weekend,晚尖峰,831,980,149,0.1793020457280385,穩定,13.85,16.33,2.48
L3_DAY_TYPE_TIME_PERIOD,01F3640S_01F3676S,Weekday,凌晨,123,149,26,0.21138211382113822,穩定,2.05,2.48,0.43
L3_DAY_TYPE_TIME_PERIOD,01F3640S_01F3676S,Weekday,夜間,129,165,36,0.27906976744186046,普通,2.15,2.75,0.6
L3_DAY_TYPE_TIME_PERIOD,01F3640S_01F3676S,Weekday,日間,147,236,89,0.6054421768707483,不穩定,2.45,3.93,1.48
L3_DAY_TYPE_TIME_PERIOD,01F3640S_01F3676S,Weekday,早尖峰,136,160,24,0.17647058823529413,穩定,2.27,2.67,0.4
L3_DAY_TYPE_TIME_PERIOD,01F3640S_01F3676S,Weekday,晚尖峰,156,214,58,0.3717948717948718,普通,2.6,3.57,0.97
L3_DAY_TYPE_TIME_PERIOD,01F3640S_01F3676S,Weekend,凌晨,121,147,26,0.21487603305785125,穩定,2.02,2.45,0.43
L3_DAY_TYPE_TIME_PERIOD,01F3640S_01F3676S,Weekend,夜間,132,151,19,0.14393939393939395,穩定,2.2,2.52,0.32
L3_DAY_TYPE_TIME_PERIOD,01F3640S_01F3676S,Weekend,日間,134,163,29,0.21641791044776118,穩定,2.23,2.72,0.48
L3_DAY_TYPE_TIME_PERIOD,01F3640S_01F3676S,Weekend,早尖峰,125,146,21,0.168,穩定,2.08,2.43,0.35
L3_DAY_TYPE_TIME_PERIOD,01F3640S_01F3676S,Weekend,晚尖峰,141,170,29,0.20567375886524822,穩定,2.35,2.83,0.48
L3_DAY_TYPE_TIME_PERIOD,01F3676N_01F3640N,Weekday,凌晨,128,152,24,0.1875,穩定,2.13,2.53,0.4
L3_DAY_TYPE_TIME_PERIOD,01F3676N_01F3640N,Weekday,夜間,132,162,30,0.22727272727272727,穩定,2.2,2.7,0.5
L3_DAY_TYPE_TIME_PERIOD,01F3676N_01F3640N,Weekday,日間,151,230,79,0.5231788079470199,不穩定,2.52,3.83,1.32
L3_DAY_TYPE_TIME_PERIOD,01F3676N_01F3640N,Weekday,早尖峰,165,282,117,0.7090909090909091,不穩定,2.75,4.7,1.95
L3_DAY_TYPE_TIME_PERIOD,01F3676N_01F3640N,Weekday,晚尖峰,148,273,125,0.8445945945945946,不穩定,2.47,4.55,2.08
L3_DAY_TYPE_TIME_PERIOD,01F3676N_01F3640N,Weekend,凌晨,125,151,26,0.208,穩定,2.08,2.52,0.43
L3_DAY_TYPE_TIME_PERIOD,01F3676N_01F3640N,Weekend,夜間,134,149,15,0.11194029850746269,穩定,2.23,2.48,0.25
L3_DAY_TYPE_TIME_PERIOD,01F3676N_01F3640N,Weekend,日間,139,187,48,0.34532374100719426,普通,2.32,3.12,0.8
L3_DAY_TYPE_TIME_PERIOD,01F3676N_01F3640N,Weekend,早尖峰,134,161,27,0.20149253731343283,穩定,2.23,2.68,0.45
L3_DAY_TYPE_TIME_PERIOD,01F3676N_01F3640N,Weekend,晚尖峰,138,160,22,0.15942028985507245,穩定,2.3,2.67,0.37
L3_DAY_TYPE_TIME_PERIOD,01F3676S_01F3686S,Weekday,凌晨,35,42,7,0.2,穩定,0.58,0.7,0.12
L3_DAY_TYPE_TIME_PERIOD,01F3676S_01F3686S,Weekday,夜間,38,45,7,0.18421052631578946,穩定,0.63,0.75,0.12
L3_DAY_TYPE_TIME_PERIOD,01F3676S_01F3686S,Weekday,日間,43,68,25,0.5813953488372093,不穩定,0.72,1.13,0.42
L3_DAY_TYPE_TIME_PERIOD,01F3676S_01F3686S,Weekday,早尖峰,39,47,8,0.20512820512820512,穩定,0.65,0.78,0.13
L3_DAY_TYPE_TIME_PERIOD,01F3676S_01F3686S,Weekday,晚尖峰,42,54,12,0.2857142857142857,普通,0.7,0.9,0.2
L3_DAY_TYPE_TIME_PERIOD,01F3676S_01F3686S,Weekend,凌晨,35,41,6,0.17142857142857143,穩定,0.58,0.68,0.1
L3_DAY_TYPE_TIME_PERIOD,01F3676S_01F3686S,Weekend,夜間,39,44,5,0.1282051282051282,穩定,0.65,0.73,0.08
L3_DAY_TYPE_TIME_PERIOD,01F3676S_01F3686S,Weekend,日間,38,52,14,0.3684210526315789,普通,0.63,0.87,0.23
L3_DAY_TYPE_TIME_PERIOD,01F3676S_01F3686S,Weekend,早尖峰,36,42,6,0.16666666666666666,穩定,0.6,0.7,0.1
L3_DAY_TYPE_TIME_PERIOD,01F3676S_01F3686S,Weekend,晚尖峰,40,46,6,0.15,穩定,0.67,0.77,0.1
L3_DAY_TYPE_TIME_PERIOD,01F3686S_01F3736S,Weekday,凌晨,207,254,47,0.22705314009661837,穩定,3.45,4.23,0.78
L3_DAY_TYPE_TIME_PERIOD,01F3686S_01F3736S,Weekday,夜間,210,253,43,0.20476190476190476,穩定,3.5,4.22,0.72
L3_DAY_TYPE_TIME_PERIOD,01F3686S_01F3736S,Weekday,日間,230,271,41,0.1782608695652174,穩定,3.83,4.52,0.68
L3_DAY_TYPE_TIME_PERIOD,01F3686S_01F3736S,Weekday,早尖峰,213,262,49,0.2300469483568075,穩定,3.55,4.37,0.82
L3_DAY_TYPE_TIME_PERIOD,01F3686S_01F3736S,Weekday,晚尖峰,227,254,27,0.11894273127753303,穩定,3.78,4.23,0.45
L3_DAY_TYPE_TIME_PERIOD,01F3686S_01F3736S,Weekend,凌晨,200,256,56,0.28,普通,3.33,4.27,0.93
L3_DAY_TYPE_TIME_PERIOD,01F3686S_01F3736S,Weekend,夜間,201,253,52,0.25870646766169153,普通,3.35,4.22,0.87
L3_DAY_TYPE_TIME_PERIOD,01F3686S_01F3736S,Weekend,日間,206,247,41,0.19902912621359223,穩定,3.43,4.12,0.68
L3_DAY_TYPE_TIME_PERIOD,01F3686S_01F3736S,Weekend,早尖峰,194,229,35,0.18041237113402062,穩定,3.23,3.82,0.58
L3_DAY_TYPE_TIME_PERIOD,01F3686S_01F3736S,Weekend,晚尖峰,202,237,35,0.17326732673267325,穩定,3.37,3.95,0.58
L3_DAY_TYPE_TIME_PERIOD,01F3696N_01F3676N,Weekday,凌晨,75,90,15,0.2,穩定,1.25,1.5,0.25
L3_DAY_TYPE_TIME_PERIOD,01F3696N_01F3676N,Weekday,夜間,76,92,16,0.21052631578947367,穩定,1.27,1.53,0.27
L3_DAY_TYPE_TIME_PERIOD,01F3696N_01F3676N,Weekday,日間,86,109,23,0.26744186046511625,普通,1.43,1.82,0.38
L3_DAY_TYPE_TIME_PERIOD,01F3696N_01F3676N,Weekday,早尖峰,88,149,61,0.6931818181818182,不穩定,1.47,2.48,1.02
L3_DAY_TYPE_TIME_PERIOD,01F3696N_01F3676N,Weekday,晚尖峰,91,139,48,0.5274725274725275,不穩定,1.52,2.32,0.8
L3_DAY_TYPE_TIME_PERIOD,01F3696N_01F3676N,Weekend,凌晨,73,88,15,0.2054794520547945,穩定,1.22,1.47,0.25
L3_DAY_TYPE_TIME_PERIOD,01F3696N_01F3676N,Weekend,夜間,78,87,9,0.11538461538461539,穩定,1.3,1.45,0.15
L3_DAY_TYPE_TIME_PERIOD,01F3696N_01F3676N,Weekend,日間,79,91,12,0.1518987341772152,穩定,1.32,1.52,0.2
L3_DAY_TYPE_TIME_PERIOD,01F3696N_01F3676N,Weekend,早尖峰,77,90,13,0.16883116883116883,穩定,1.28,1.5,0.22
L3_DAY_TYPE_TIME_PERIOD,01F3696N_01F3676N,Weekend,晚尖峰,81,92,11,0.13580246913580246,穩定,1.35,1.53,0.18
L3_DAY_TYPE_TIME_PERIOD,01F3736N_01F3696N,Weekday,凌晨,170,210,40,0.23529411764705882,穩定,2.83,3.5,0.67
L3_DAY_TYPE_TIME_PERIOD,01F3736N_01F3696N,Weekday,夜間,167,205,38,0.2275449101796407,穩定,2.78,3.42,0.63
L3_DAY_TYPE_TIME_PERIOD,01F3736N_01F3696N,Weekday,日間,189,207,18,0.09523809523809523,穩定,3.15,3.45,0.3
L3_DAY_TYPE_TIME_PERIOD,01F3736N_01F3696N,Weekday,早尖峰,177,207,30,0.1694915254237288,穩定,2.95,3.45,0.5
L3_DAY_TYPE_TIME_PERIOD,01F3736N_01F3696N,Weekday,晚尖峰,176,212,36,0.20454545454545456,穩定,2.93,3.53,0.6
L3_DAY_TYPE_TIME_PERIOD,01F3736N_01F3696N,Weekend,凌晨,165,205,40,0.24242424242424243,穩定,2.75,3.42,0.67
L3_DAY_TYPE_TIME_PERIOD,01F3736N_01F3696N,Weekend,夜間,170,197,27,0.1588235294117647,穩定,2.83,3.28,0.45
L3_DAY_TYPE_TIME_PERIOD,01F3736N_01F3696N,Weekend,日間,171,196,25,0.14619883040935672,穩定,2.85,3.27,0.42
L3_DAY_TYPE_TIME_PERIOD,01F3736N_01F3696N,Weekend,早尖峰,165,195,30,0.18181818181818182,穩定,2.75,3.25,0.5
L3_DAY_TYPE_TIME_PERIOD,01F3736N_01F3696N,Weekend,晚尖峰,170,195,25,0.14705882352941177,穩定,2.83,3.25,0.42
L3_DAY_TYPE_TIME_PERIOD,01H0163S_01H0206S,Weekday,凌晨,151,164,13,0.08609271523178808,穩定,2.52,2.73,0.22
L3_DAY_TYPE_TIME_PERIOD,01H0163S_01H0206S,Weekday,夜間,160,389,229,1.43125,高風險,2.67,6.48,3.82
L3_DAY_TYPE_TIME_PERIOD,01H0163S_01H0206S,Weekday,日間,164,330,166,1.0121951219512195,高風險,2.73,5.5,2.77
L3_DAY_TYPE_TIME_PERIOD,01H0163S_01H0206S,Weekday,早尖峰,165,351,186,1.1272727272727272,高風險,2.75,5.85,3.1
L3_DAY_TYPE_TIME_PERIOD,01H0163S_01H0206S,Weekday,晚尖峰,379,800,421,1.1108179419525066,高風險,6.32,13.33,7.02
L3_DAY_TYPE_TIME_PERIOD,01H0163S_01H0206S,Weekend,凌晨,151,161,10,0.06622516556291391,穩定,2.52,2.68,0.17
L3_DAY_TYPE_TIME_PERIOD,01H0163S_01H0206S,Weekend,夜間,164,378,214,1.3048780487804879,高風險,2.73,6.3,3.57
L3_DAY_TYPE_TIME_PERIOD,01H0163S_01H0206S,Weekend,日間,162,332,170,1.0493827160493827,高風險,2.7,5.53,2.83
L3_DAY_TYPE_TIME_PERIOD,01H0163S_01H0206S,Weekend,早尖峰,153,161,8,0.05228758169934641,穩定,2.55,2.68,0.13
L3_DAY_TYPE_TIME_PERIOD,01H0163S_01H0206S,Weekend,晚尖峰,277,924,647,2.335740072202166,高風險,4.62,15.4,10.78
L3_DAY_TYPE_TIME_PERIOD,01H0174N_01F0099N,Weekday,凌晨,269,298,29,0.10780669144981413,穩定,4.48,4.97,0.48
L3_DAY_TYPE_TIME_PERIOD,01H0174N_01F0099N,Weekday,夜間,301,733,432,1.435215946843854,高風險,5.02,12.22,7.2
L3_DAY_TYPE_TIME_PERIOD,01H0174N_01F0099N,Weekday,日間,311,463,152,0.4887459807073955,普通,5.18,7.72,2.53
L3_DAY_TYPE_TIME_PERIOD,01H0174N_01F0099N,Weekday,早尖峰,287,312,25,0.08710801393728224,穩定,4.78,5.2,0.42
L3_DAY_TYPE_TIME_PERIOD,01H0174N_01F0099N,Weekday,晚尖峰,410,911,501,1.221951219512195,高風險,6.83,15.18,8.35
L3_DAY_TYPE_TIME_PERIOD,01H0174N_01F0099N,Weekend,凌晨,268,290,22,0.08208955223880597,穩定,4.47,4.83,0.37
L3_DAY_TYPE_TIME_PERIOD,01H0174N_01F0099N,Weekend,夜間,293,317,24,0.08191126279863481,穩定,4.88,5.28,0.4
L3_DAY_TYPE_TIME_PERIOD,01H0174N_01F0099N,Weekend,日間,355,813,458,1.2901408450704226,高風險,5.92,13.55,7.63
L3_DAY_TYPE_TIME_PERIOD,01H0174N_01F0099N,Weekend,早尖峰,283,355,72,0.254416961130742,普通,4.72,5.92,1.2
L3_DAY_TYPE_TIME_PERIOD,01H0174N_01F0099N,Weekend,晚尖峰,309,522,213,0.6893203883495146,不穩定,5.15,8.7,3.55
L3_DAY_TYPE_TIME_PERIOD,01H0174N_03F0054N,Weekday,凌晨,434,504,70,0.16129032258064516,穩定,7.23,8.4,1.17
L3_DAY_TYPE_TIME_PERIOD,01H0174N_03F0054N,Weekday,夜間,461,805,344,0.7462039045553145,不穩定,7.68,13.42,5.73
L3_DAY_TYPE_TIME_PERIOD,01H0174N_03F0054N,Weekday,日間,462,508,46,0.09956709956709957,穩定,7.7,8.47,0.77
L3_DAY_TYPE_TIME_PERIOD,01H0174N_03F0054N,Weekday,早尖峰,443,486,43,0.09706546275395034,穩定,7.38,8.1,0.72
L3_DAY_TYPE_TIME_PERIOD,01H0174N_03F0054N,Weekday,晚尖峰,496,876,380,0.7661290322580645,不穩定,8.27,14.6,6.33
L3_DAY_TYPE_TIME_PERIOD,01H0174N_03F0054N,Weekend,凌晨,432,488,56,0.12962962962962962,穩定,7.2,8.13,0.93
L3_DAY_TYPE_TIME_PERIOD,01H0174N_03F0054N,Weekend,夜間,447,476,29,0.06487695749440715,穩定,7.45,7.93,0.48
L3_DAY_TYPE_TIME_PERIOD,01H0174N_03F0054N,Weekend,日間,469,761,292,0.6226012793176973,不穩定,7.82,12.68,4.87
L3_DAY_TYPE_TIME_PERIOD,01H0174N_03F0054N,Weekend,早尖峰,444,492,48,0.10810810810810811,穩定,7.4,8.2,0.8
L3_DAY_TYPE_TIME_PERIOD,01H0174N_03F0054N,Weekend,晚尖峰,455,523,68,0.14945054945054945,穩定,7.58,8.72,1.13
L3_DAY_TYPE_TIME_PERIOD,01H0174N_03F0116S,Weekday,凌晨,243,280,37,0.1522633744855967,穩定,4.05,4.67,0.62
L3_DAY_TYPE_TIME_PERIOD,01H0174N_03F0116S,Weekday,夜間,267,548,281,1.0524344569288389,高風險,4.45,9.13,4.68
L3_DAY_TYPE_TIME_PERIOD,01H0174N_03F0116S,Weekday,日間,277,325,48,0.17328519855595667,穩定,4.62,5.42,0.8
L3_DAY_TYPE_TIME_PERIOD,01H0174N_03F0116S,Weekday,早尖峰,260,318,58,0.2230769230769231,穩定,4.33,5.3,0.97
L3_DAY_TYPE_TIME_PERIOD,01H0174N_03F0116S,Weekday,晚尖峰,309,658,349,1.1294498381877023,高風險,5.15,10.97,5.82
L3_DAY_TYPE_TIME_PERIOD,01H0174N_03F0116S,Weekend,凌晨,244,274,30,0.12295081967213115,穩定,4.07,4.57,0.5
L3_DAY_TYPE_TIME_PERIOD,01H0174N_03F0116S,Weekend,夜間,261,283,22,0.0842911877394636,穩定,4.35,4.72,0.37
L3_DAY_TYPE_TIME_PERIOD,01H0174N_03F0116S,Weekend,日間,278,749,471,1.6942446043165467,高風險,4.63,12.48,7.85
L3_DAY_TYPE_TIME_PERIOD,01H0174N_03F0116S,Weekend,早尖峰,256,742,486,1.8984375,高風險,4.27,12.37,8.1
L3_DAY_TYPE_TIME_PERIOD,01H0174N_03F0116S,Weekend,晚尖峰,272,353,81,0.2977941176470588,普通,4.53,5.88,1.35
L3_DAY_TYPE_TIME_PERIOD,01H0200N_01H0174N,Weekday,凌晨,94,103,9,0.09574468085106383,穩定,1.57,1.72,0.15
L3_DAY_TYPE_TIME_PERIOD,01H0200N_01H0174N,Weekday,夜間,100,195,95,0.95,不穩定,1.67,3.25,1.58
L3_DAY_TYPE_TIME_PERIOD,01H0200N_01H0174N,Weekday,日間,104,121,17,0.16346153846153846,穩定,1.73,2.02,0.28
L3_DAY_TYPE_TIME_PERIOD,01H0200N_01H0174N,Weekday,早尖峰,102,113,11,0.10784313725490197,穩定,1.7,1.88,0.18
L3_DAY_TYPE_TIME_PERIOD,01H0200N_01H0174N,Weekday,晚尖峰,108,276,168,1.5555555555555556,高風險,1.8,4.6,2.8
L3_DAY_TYPE_TIME_PERIOD,01H0200N_01H0174N,Weekend,凌晨,94,100,6,0.06382978723404255,穩定,1.57,1.67,0.1
L3_DAY_TYPE_TIME_PERIOD,01H0200N_01H0174N,Weekend,夜間,100,107,7,0.07,穩定,1.67,1.78,0.12
L3_DAY_TYPE_TIME_PERIOD,01H0200N_01H0174N,Weekend,日間,102,128,26,0.2549019607843137,普通,1.7,2.13,0.43
L3_DAY_TYPE_TIME_PERIOD,01H0200N_01H0174N,Weekend,早尖峰,97,103,6,0.061855670103092786,穩定,1.62,1.72,0.1
L3_DAY_TYPE_TIME_PERIOD,01H0200N_01H0174N,Weekend,晚尖峰,102,113,11,0.10784313725490197,穩定,1.7,1.88,0.18
L3_DAY_TYPE_TIME_PERIOD,01H0206S_01H0305S,Weekday,凌晨,347,373,26,0.07492795389048991,穩定,5.78,6.22,0.43
L3_DAY_TYPE_TIME_PERIOD,01H0206S_01H0305S,Weekday,夜間,384,718,334,0.8697916666666666,不穩定,6.4,11.97,5.57
L3_DAY_TYPE_TIME_PERIOD,01H0206S_01H0305S,Weekday,日間,391,480,89,0.22762148337595908,穩定,6.52,8.0,1.48
L3_DAY_TYPE_TIME_PERIOD,01H0206S_01H0305S,Weekday,早尖峰,375,406,31,0.08266666666666667,穩定,6.25,6.77,0.52
L3_DAY_TYPE_TIME_PERIOD,01H0206S_01H0305S,Weekday,晚尖峰,508,1011,503,0.9901574803149606,不穩定,8.47,16.85,8.38
L3_DAY_TYPE_TIME_PERIOD,01H0206S_01H0305S,Weekend,凌晨,347,367,20,0.05763688760806916,穩定,5.78,6.12,0.33
L3_DAY_TYPE_TIME_PERIOD,01H0206S_01H0305S,Weekend,夜間,387,485,98,0.2532299741602067,普通,6.45,8.08,1.63
L3_DAY_TYPE_TIME_PERIOD,01H0206S_01H0305S,Weekend,日間,381,468,87,0.2283464566929134,穩定,6.35,7.8,1.45
L3_DAY_TYPE_TIME_PERIOD,01H0206S_01H0305S,Weekend,早尖峰,354,374,20,0.05649717514124294,穩定,5.9,6.23,0.33
L3_DAY_TYPE_TIME_PERIOD,01H0206S_01H0305S,Weekend,晚尖峰,470,934,464,0.9872340425531915,不穩定,7.83,15.57,7.73
L3_DAY_TYPE_TIME_PERIOD,01H0208N_01H0200N,Weekday,凌晨,28,30,2,0.07142857142857142,穩定,0.47,0.5,0.03
L3_DAY_TYPE_TIME_PERIOD,01H0208N_01H0200N,Weekday,夜間,29,34,5,0.1724137931034483,穩定,0.48,0.57,0.08
L3_DAY_TYPE_TIME_PERIOD,01H0208N_01H0200N,Weekday,日間,32,58,26,0.8125,不穩定,0.53,0.97,0.43
L3_DAY_TYPE_TIME_PERIOD,01H0208N_01H0200N,Weekday,早尖峰,37,128,91,2.4594594594594597,高風險,0.62,2.13,1.52
L3_DAY_TYPE_TIME_PERIOD,01H0208N_01H0200N,Weekday,晚尖峰,32,37,5,0.15625,穩定,0.53,0.62,0.08
L3_DAY_TYPE_TIME_PERIOD,01H0208N_01H0200N,Weekend,凌晨,28,30,2,0.07142857142857142,穩定,0.47,0.5,0.03
L3_DAY_TYPE_TIME_PERIOD,01H0208N_01H0200N,Weekend,夜間,30,33,3,0.1,穩定,0.5,0.55,0.05
L3_DAY_TYPE_TIME_PERIOD,01H0208N_01H0200N,Weekend,日間,31,36,5,0.16129032258064516,穩定,0.52,0.6,0.08
L3_DAY_TYPE_TIME_PERIOD,01H0208N_01H0200N,Weekend,早尖峰,29,32,3,0.10344827586206896,穩定,0.48,0.53,0.05
L3_DAY_TYPE_TIME_PERIOD,01H0208N_01H0200N,Weekend,晚尖峰,31,35,4,0.12903225806451613,穩定,0.52,0.58,0.07
L3_DAY_TYPE_TIME_PERIOD,01H0271N_01H0208N,Weekday,凌晨,221,241,20,0.09049773755656108,穩定,3.68,4.02,0.33
L3_DAY_TYPE_TIME_PERIOD,01H0271N_01H0208N,Weekday,夜間,233,302,69,0.296137339055794,普通,3.88,5.03,1.15
L3_DAY_TYPE_TIME_PERIOD,01H0271N_01H0208N,Weekday,日間,265,689,424,1.6,高風險,4.42,11.48,7.07
L3_DAY_TYPE_TIME_PERIOD,01H0271N_01H0208N,Weekday,早尖峰,365,748,383,1.0493150684931507,高風險,6.08,12.47,6.38
L3_DAY_TYPE_TIME_PERIOD,01H0271N_01H0208N,Weekday,晚尖峰,278,523,245,0.8812949640287769,不穩定,4.63,8.72,4.08
L3_DAY_TYPE_TIME_PERIOD,01H0271N_01H0208N,Weekend,凌晨,221,236,15,0.06787330316742081,穩定,3.68,3.93,0.25
L3_DAY_TYPE_TIME_PERIOD,01H0271N_01H0208N,Weekend,夜間,238,266,28,0.11764705882352941,穩定,3.97,4.43,0.47
L3_DAY_TYPE_TIME_PERIOD,01H0271N_01H0208N,Weekend,日間,256,450,194,0.7578125,不穩定,4.27,7.5,3.23
L3_DAY_TYPE_TIME_PERIOD,01H0271N_01H0208N,Weekend,早尖峰,231,253,22,0.09523809523809523,穩定,3.85,4.22,0.37
L3_DAY_TYPE_TIME_PERIOD,01H0271N_01H0208N,Weekend,晚尖峰,258,414,156,0.6046511627906976,不穩定,4.3,6.9,2.6
L3_DAY_TYPE_TIME_PERIOD,01H0305S_01F0339S,Weekday,凌晨,118,132,14,0.11864406779661017,穩定,1.97,2.2,0.23
L3_DAY_TYPE_TIME_PERIOD,01H0305S_01F0339S,Weekday,夜間,132,217,85,0.6439393939393939,不穩定,2.2,3.62,1.42
L3_DAY_TYPE_TIME_PERIOD,01H0305S_01F0339S,Weekday,日間,136,197,61,0.4485294117647059,普通,2.27,3.28,1.02
L3_DAY_TYPE_TIME_PERIOD,01H0305S_01F0339S,Weekday,早尖峰,130,167,37,0.2846153846153846,普通,2.17,2.78,0.62
L3_DAY_TYPE_TIME_PERIOD,01H0305S_01F0339S,Weekday,晚尖峰,158,234,76,0.4810126582278481,普通,2.63,3.9,1.27
L3_DAY_TYPE_TIME_PERIOD,01H0305S_01F0339S,Weekend,凌晨,118,128,10,0.0847457627118644,穩定,1.97,2.13,0.17
L3_DAY_TYPE_TIME_PERIOD,01H0305S_01F0339S,Weekend,夜間,134,208,74,0.5522388059701493,不穩定,2.23,3.47,1.23
L3_DAY_TYPE_TIME_PERIOD,01H0305S_01F0339S,Weekend,日間,131,210,79,0.6030534351145038,不穩定,2.18,3.5,1.32
L3_DAY_TYPE_TIME_PERIOD,01H0305S_01F0339S,Weekend,早尖峰,121,131,10,0.08264462809917356,穩定,2.02,2.18,0.17
L3_DAY_TYPE_TIME_PERIOD,01H0305S_01F0339S,Weekend,晚尖峰,166,240,74,0.4457831325301205,普通,2.77,4.0,1.23
L3_DAY_TYPE_TIME_PERIOD,01H0305S_01H0334S,Weekday,凌晨,101,110,9,0.0891089108910891,穩定,1.68,1.83,0.15
L3_DAY_TYPE_TIME_PERIOD,01H0305S_01H0334S,Weekday,夜間,109,132,23,0.21100917431192662,穩定,1.82,2.2,0.38
L3_DAY_TYPE_TIME_PERIOD,01H0305S_01H0334S,Weekday,日間,110,126,16,0.14545454545454545,穩定,1.83,2.1,0.27
L3_DAY_TYPE_TIME_PERIOD,01H0305S_01H0334S,Weekday,早尖峰,107,118,11,0.102803738317757,穩定,1.78,1.97,0.18
L3_DAY_TYPE_TIME_PERIOD,01H0305S_01H0334S,Weekday,晚尖峰,121,149,28,0.23140495867768596,穩定,2.02,2.48,0.47
L3_DAY_TYPE_TIME_PERIOD,01H0305S_01H0334S,Weekend,凌晨,102,109,7,0.06862745098039216,穩定,1.7,1.82,0.12
L3_DAY_TYPE_TIME_PERIOD,01H0305S_01H0334S,Weekend,夜間,109,120,11,0.10091743119266056,穩定,1.82,2.0,0.18
L3_DAY_TYPE_TIME_PERIOD,01H0305S_01H0334S,Weekend,日間,108,118,10,0.09259259259259259,穩定,1.8,1.97,0.17
L3_DAY_TYPE_TIME_PERIOD,01H0305S_01H0334S,Weekend,早尖峰,104,111,7,0.0673076923076923,穩定,1.73,1.85,0.12
L3_DAY_TYPE_TIME_PERIOD,01H0305S_01H0334S,Weekend,晚尖峰,113,131,18,0.1592920353982301,穩定,1.88,2.18,0.3
L3_DAY_TYPE_TIME_PERIOD,01H0333N_01H0271N,Weekday,凌晨,215,235,20,0.09302325581395349,穩定,3.58,3.92,0.33
L3_DAY_TYPE_TIME_PERIOD,01H0333N_01H0271N,Weekday,夜間,227,411,184,0.8105726872246696,不穩定,3.78,6.85,3.07
L3_DAY_TYPE_TIME_PERIOD,01H0333N_01H0271N,Weekday,日間,248,955,707,2.850806451612903,高風險,4.13,15.92,11.78
L3_DAY_TYPE_TIME_PERIOD,01H0333N_01H0271N,Weekday,早尖峰,446,1119,673,1.5089686098654709,高風險,7.43,18.65,11.22
L3_DAY_TYPE_TIME_PERIOD,01H0333N_01H0271N,Weekday,晚尖峰,288,707,419,1.4548611111111112,高風險,4.8,11.78,6.98
L3_DAY_TYPE_TIME_PERIOD,01H0333N_01H0271N,Weekend,凌晨,215,230,15,0.06976744186046512,穩定,3.58,3.83,0.25
L3_DAY_TYPE_TIME_PERIOD,01H0333N_01H0271N,Weekend,夜間,233,282,49,0.21030042918454936,穩定,3.88,4.7,0.82
L3_DAY_TYPE_TIME_PERIOD,01H0333N_01H0271N,Weekend,日間,242,690,448,1.8512396694214877,高風險,4.03,11.5,7.47
L3_DAY_TYPE_TIME_PERIOD,01H0333N_01H0271N,Weekend,早尖峰,225,243,18,0.08,穩定,3.75,4.05,0.3
L3_DAY_TYPE_TIME_PERIOD,01H0333N_01H0271N,Weekend,晚尖峰,252,451,199,0.7896825396825397,不穩定,4.2,7.52,3.32
L3_DAY_TYPE_TIME_PERIOD,01H0334S_01H0447S,Weekday,凌晨,401,439,38,0.09476309226932668,穩定,6.68,7.32,0.63
L3_DAY_TYPE_TIME_PERIOD,01H0334S_01H0447S,Weekday,夜間,425,470,45,0.10588235294117647,穩定,7.08,7.83,0.75
L3_DAY_TYPE_TIME_PERIOD,01H0334S_01H0447S,Weekday,日間,434,476,42,0.0967741935483871,穩定,7.23,7.93,0.7
L3_DAY_TYPE_TIME_PERIOD,01H0334S_01H0447S,Weekday,早尖峰,431,489,58,0.1345707656612529,穩定,7.18,8.15,0.97
L3_DAY_TYPE_TIME_PERIOD,01H0334S_01H0447S,Weekday,晚尖峰,434,471,37,0.08525345622119816,穩定,7.23,7.85,0.62
L3_DAY_TYPE_TIME_PERIOD,01H0334S_01H0447S,Weekend,凌晨,403,436,33,0.08188585607940446,穩定,6.72,7.27,0.55
L3_DAY_TYPE_TIME_PERIOD,01H0334S_01H0447S,Weekend,夜間,435,475,40,0.09195402298850575,穩定,7.25,7.92,0.67
L3_DAY_TYPE_TIME_PERIOD,01H0334S_01H0447S,Weekend,日間,429,469,40,0.09324009324009325,穩定,7.15,7.82,0.67
L3_DAY_TYPE_TIME_PERIOD,01H0334S_01H0447S,Weekend,早尖峰,416,453,37,0.0889423076923077,穩定,6.93,7.55,0.62
L3_DAY_TYPE_TIME_PERIOD,01H0334S_01H0447S,Weekend,晚尖峰,443,488,45,0.10158013544018059,穩定,7.38,8.13,0.75
L3_DAY_TYPE_TIME_PERIOD,01H0447N_01F0340N,Weekday,凌晨,388,423,35,0.09020618556701031,穩定,6.47,7.05,0.58
L3_DAY_TYPE_TIME_PERIOD,01H0447N_01F0340N,Weekday,夜間,421,909,488,1.159144893111639,高風險,7.02,15.15,8.13
L3_DAY_TYPE_TIME_PERIOD,01H0447N_01F0340N,Weekday,日間,453,563,110,0.24282560706401765,穩定,7.55,9.38,1.83
L3_DAY_TYPE_TIME_PERIOD,01H0447N_01F0340N,Weekday,早尖峰,450,633,183,0.4066666666666667,普通,7.5,10.55,3.05
L3_DAY_TYPE_TIME_PERIOD,01H0447N_01F0340N,Weekday,晚尖峰,663,1261,598,0.9019607843137255,不穩定,11.05,21.02,9.97
L3_DAY_TYPE_TIME_PERIOD,01H0447N_01F0340N,Weekend,凌晨,389,420,31,0.07969151670951156,穩定,6.48,7.0,0.52
L3_DAY_TYPE_TIME_PERIOD,01H0447N_01F0340N,Weekend,夜間,441,680,239,0.5419501133786848,不穩定,7.35,11.33,3.98
L3_DAY_TYPE_TIME_PERIOD,01H0447N_01F0340N,Weekend,日間,433,590,157,0.3625866050808314,普通,7.22,9.83,2.62
L3_DAY_TYPE_TIME_PERIOD,01H0447N_01F0340N,Weekend,早尖峰,402,433,31,0.07711442786069651,穩定,6.7,7.22,0.52
L3_DAY_TYPE_TIME_PERIOD,01H0447N_01F0340N,Weekend,晚尖峰,503,1028,525,1.0437375745526838,高風險,8.38,17.13,8.75
L3_DAY_TYPE_TIME_PERIOD,01H0447N_01H0333N,Weekday,凌晨,406,447,41,0.10098522167487685,穩定,6.77,7.45,0.68
L3_DAY_TYPE_TIME_PERIOD,01H0447N_01H0333N,Weekday,夜間,428,628,200,0.4672897196261682,普通,7.13,10.47,3.33
L3_DAY_TYPE_TIME_PERIOD,01H0447N_01H0333N,Weekday,日間,439,477,38,0.08656036446469248,穩定,7.32,7.95,0.63
L3_DAY_TYPE_TIME_PERIOD,01H0447N_01H0333N,Weekday,早尖峰,437,488,51,0.11670480549199085,穩定,7.28,8.13,0.85
L3_DAY_TYPE_TIME_PERIOD,01H0447N_01H0333N,Weekday,晚尖峰,486,982,496,1.0205761316872428,高風險,8.1,16.37,8.27
L3_DAY_TYPE_TIME_PERIOD,01H0447N_01H0333N,Weekend,凌晨,405,438,33,0.08148148148148149,穩定,6.75,7.3,0.55
L3_DAY_TYPE_TIME_PERIOD,01H0447N_01H0333N,Weekend,夜間,444,513,69,0.1554054054054054,穩定,7.4,8.55,1.15
L3_DAY_TYPE_TIME_PERIOD,01H0447N_01H0333N,Weekend,日間,432,472,40,0.09259259259259259,穩定,7.2,7.87,0.67
L3_DAY_TYPE_TIME_PERIOD,01H0447N_01H0333N,Weekend,早尖峰,416,444,28,0.0673076923076923,穩定,6.93,7.4,0.47
L3_DAY_TYPE_TIME_PERIOD,01H0447N_01H0333N,Weekend,晚尖峰,460,700,240,0.5217391304347826,不穩定,7.67,11.67,4.0
L3_DAY_TYPE_TIME_PERIOD,01H0447S_01H0579S,Weekday,凌晨,458,493,35,0.07641921397379912,穩定,7.63,8.22,0.58
L3_DAY_TYPE_TIME_PERIOD,01H0447S_01H0579S,Weekday,夜間,484,570,86,0.17768595041322313,穩定,8.07,9.5,1.43
L3_DAY_TYPE_TIME_PERIOD,01H0447S_01H0579S,Weekday,日間,496,594,98,0.1975806451612903,穩定,8.27,9.9,1.63
L3_DAY_TYPE_TIME_PERIOD,01H0447S_01H0579S,Weekday,早尖峰,494,695,201,0.4068825910931174,普通,8.23,11.58,3.35
L3_DAY_TYPE_TIME_PERIOD,01H0447S_01H0579S,Weekday,晚尖峰,500,749,249,0.498,普通,8.33,12.48,4.15
L3_DAY_TYPE_TIME_PERIOD,01H0447S_01H0579S,Weekend,凌晨,460,488,28,0.06086956521739131,穩定,7.67,8.13,0.47
L3_DAY_TYPE_TIME_PERIOD,01H0447S_01H0579S,Weekend,夜間,492,532,40,0.08130081300813008,穩定,8.2,8.87,0.67
L3_DAY_TYPE_TIME_PERIOD,01H0447S_01H0579S,Weekend,日間,489,822,333,0.6809815950920245,不穩定,8.15,13.7,5.55
L3_DAY_TYPE_TIME_PERIOD,01H0447S_01H0579S,Weekend,早尖峰,477,519,42,0.0880503144654088,穩定,7.95,8.65,0.7
L3_DAY_TYPE_TIME_PERIOD,01H0447S_01H0579S,Weekend,晚尖峰,502,707,205,0.40836653386454186,普通,8.37,11.78,3.42
L3_DAY_TYPE_TIME_PERIOD,01H0579N_01H0447N,Weekday,凌晨,455,497,42,0.09230769230769231,穩定,7.58,8.28,0.7
L3_DAY_TYPE_TIME_PERIOD,01H0579N_01H0447N,Weekday,夜間,474,519,45,0.0949367088607595,穩定,7.9,8.65,0.75
L3_DAY_TYPE_TIME_PERIOD,01H0579N_01H0447N,Weekday,日間,488,526,38,0.0778688524590164,穩定,8.13,8.77,0.63
L3_DAY_TYPE_TIME_PERIOD,01H0579N_01H0447N,Weekday,早尖峰,478,526,48,0.100418410041841,穩定,7.97,8.77,0.8
L3_DAY_TYPE_TIME_PERIOD,01H0579N_01H0447N,Weekday,晚尖峰,527,1115,588,1.1157495256166983,高風險,8.78,18.58,9.8
L3_DAY_TYPE_TIME_PERIOD,01H0579N_01H0447N,Weekend,凌晨,456,490,34,0.07456140350877193,穩定,7.6,8.17,0.57
L3_DAY_TYPE_TIME_PERIOD,01H0579N_01H0447N,Weekend,夜間,491,547,56,0.11405295315682282,穩定,8.18,9.12,0.93
L3_DAY_TYPE_TIME_PERIOD,01H0579N_01H0447N,Weekend,日間,482,519,37,0.07676348547717843,穩定,8.03,8.65,0.62
L3_DAY_TYPE_TIME_PERIOD,01H0579N_01H0447N,Weekend,早尖峰,463,490,27,0.058315334773218146,穩定,7.72,8.17,0.45
L3_DAY_TYPE_TIME_PERIOD,01H0579N_01H0447N,Weekend,晚尖峰,507,779,272,0.5364891518737672,不穩定,8.45,12.98,4.53
L3_DAY_TYPE_TIME_PERIOD,01H0579S_01F0633S,Weekday,凌晨,193,222,29,0.15025906735751296,穩定,3.22,3.7,0.48
L3_DAY_TYPE_TIME_PERIOD,01H0579S_01F0633S,Weekday,夜間,213,407,194,0.9107981220657277,不穩定,3.55,6.78,3.23
L3_DAY_TYPE_TIME_PERIOD,01H0579S_01F0633S,Weekday,日間,260,377,117,0.45,普通,4.33,6.28,1.95
L3_DAY_TYPE_TIME_PERIOD,01H0579S_01F0633S,Weekday,早尖峰,248,339,91,0.36693548387096775,普通,4.13,5.65,1.52
L3_DAY_TYPE_TIME_PERIOD,01H0579S_01F0633S,Weekday,晚尖峰,327,465,138,0.42201834862385323,普通,5.45,7.75,2.3
L3_DAY_TYPE_TIME_PERIOD,01H0579S_01F0633S,Weekend,凌晨,193,215,22,0.11398963730569948,穩定,3.22,3.58,0.37
L3_DAY_TYPE_TIME_PERIOD,01H0579S_01F0633S,Weekend,夜間,212,248,36,0.16981132075471697,穩定,3.53,4.13,0.6
L3_DAY_TYPE_TIME_PERIOD,01H0579S_01F0633S,Weekend,日間,220,399,179,0.8136363636363636,不穩定,3.67,6.65,2.98
L3_DAY_TYPE_TIME_PERIOD,01H0579S_01F0633S,Weekend,早尖峰,206,343,137,0.6650485436893204,不穩定,3.43,5.72,2.28
L3_DAY_TYPE_TIME_PERIOD,01H0579S_01F0633S,Weekend,晚尖峰,236,420,184,0.7796610169491526,不穩定,3.93,7.0,3.07
L3_DAY_TYPE_TIME_PERIOD,01H0579S_01H0610S,Weekday,凌晨,110,119,9,0.08181818181818182,穩定,1.83,1.98,0.15
L3_DAY_TYPE_TIME_PERIOD,01H0579S_01H0610S,Weekday,夜間,119,212,93,0.7815126050420168,不穩定,1.98,3.53,1.55
L3_DAY_TYPE_TIME_PERIOD,01H0579S_01H0610S,Weekday,日間,131,189,58,0.44274809160305345,普通,2.18,3.15,0.97
L3_DAY_TYPE_TIME_PERIOD,01H0579S_01H0610S,Weekday,早尖峰,132,181,49,0.3712121212121212,普通,2.2,3.02,0.82
L3_DAY_TYPE_TIME_PERIOD,01H0579S_01H0610S,Weekday,晚尖峰,146,253,107,0.7328767123287672,不穩定,2.43,4.22,1.78
L3_DAY_TYPE_TIME_PERIOD,01H0579S_01H0610S,Weekend,凌晨,111,119,8,0.07207207207207207,穩定,1.85,1.98,0.13
L3_DAY_TYPE_TIME_PERIOD,01H0579S_01H0610S,Weekend,夜間,122,139,17,0.13934426229508196,穩定,2.03,2.32,0.28
L3_DAY_TYPE_TIME_PERIOD,01H0579S_01H0610S,Weekend,日間,124,232,108,0.8709677419354839,不穩定,2.07,3.87,1.8
L3_DAY_TYPE_TIME_PERIOD,01H0579S_01H0610S,Weekend,早尖峰,119,150,31,0.2605042016806723,普通,1.98,2.5,0.52
L3_DAY_TYPE_TIME_PERIOD,01H0579S_01H0610S,Weekend,晚尖峰,132,237,105,0.7954545454545454,不穩定,2.2,3.95,1.75
L3_DAY_TYPE_TIME_PERIOD,01H0608N_01F0584N,Weekday,凌晨,83,93,10,0.12048192771084337,穩定,1.38,1.55,0.17
L3_DAY_TYPE_TIME_PERIOD,01H0608N_01F0584N,Weekday,夜間,92,113,21,0.22826086956521738,穩定,1.53,1.88,0.35
L3_DAY_TYPE_TIME_PERIOD,01H0608N_01F0584N,Weekday,日間,103,132,29,0.2815533980582524,普通,1.72,2.2,0.48
L3_DAY_TYPE_TIME_PERIOD,01H0608N_01F0584N,Weekday,早尖峰,104,145,41,0.3942307692307692,普通,1.73,2.42,0.68
L3_DAY_TYPE_TIME_PERIOD,01H0608N_01F0584N,Weekday,晚尖峰,121,192,71,0.5867768595041323,不穩定,2.02,3.2,1.18
L3_DAY_TYPE_TIME_PERIOD,01H0608N_01F0584N,Weekend,凌晨,82,91,9,0.10975609756097561,穩定,1.37,1.52,0.15
L3_DAY_TYPE_TIME_PERIOD,01H0608N_01F0584N,Weekend,夜間,94,111,17,0.18085106382978725,穩定,1.57,1.85,0.28
L3_DAY_TYPE_TIME_PERIOD,01H0608N_01F0584N,Weekend,日間,97,127,30,0.30927835051546393,普通,1.62,2.12,0.5
L3_DAY_TYPE_TIME_PERIOD,01H0608N_01F0584N,Weekend,早尖峰,87,96,9,0.10344827586206896,穩定,1.45,1.6,0.15
L3_DAY_TYPE_TIME_PERIOD,01H0608N_01F0584N,Weekend,晚尖峰,108,153,45,0.4166666666666667,普通,1.8,2.55,0.75
L3_DAY_TYPE_TIME_PERIOD,01H0608N_01H0579N,Weekday,凌晨,100,109,9,0.09,穩定,1.67,1.82,0.15
L3_DAY_TYPE_TIME_PERIOD,01H0608N_01H0579N,Weekday,夜間,107,122,15,0.14018691588785046,穩定,1.78,2.03,0.25
L3_DAY_TYPE_TIME_PERIOD,01H0608N_01H0579N,Weekday,日間,114,131,17,0.14912280701754385,穩定,1.9,2.18,0.28
L3_DAY_TYPE_TIME_PERIOD,01H0608N_01H0579N,Weekday,早尖峰,113,126,13,0.11504424778761062,穩定,1.88,2.1,0.22
L3_DAY_TYPE_TIME_PERIOD,01H0608N_01H0579N,Weekday,晚尖峰,130,168,38,0.2923076923076923,普通,2.17,2.8,0.63
L3_DAY_TYPE_TIME_PERIOD,01H0608N_01H0579N,Weekend,凌晨,100,110,10,0.1,穩定,1.67,1.83,0.17
L3_DAY_TYPE_TIME_PERIOD,01H0608N_01H0579N,Weekend,夜間,113,132,19,0.168141592920354,穩定,1.88,2.2,0.32
L3_DAY_TYPE_TIME_PERIOD,01H0608N_01H0579N,Weekend,日間,113,138,25,0.22123893805309736,穩定,1.88,2.3,0.42
L3_DAY_TYPE_TIME_PERIOD,01H0608N_01H0579N,Weekend,早尖峰,104,113,9,0.08653846153846154,穩定,1.73,1.88,0.15
L3_DAY_TYPE_TIME_PERIOD,01H0608N_01H0579N,Weekend,晚尖峰,123,154,31,0.25203252032520324,普通,2.05,2.57,0.52
L3_DAY_TYPE_TIME_PERIOD,01H0610S_01F0750S,Weekday,凌晨,483,528,45,0.09316770186335403,穩定,8.05,8.8,0.75
L3_DAY_TYPE_TIME_PERIOD,01H0610S_01F0750S,Weekday,夜間,513,607,94,0.18323586744639375,穩定,8.55,10.12,1.57
L3_DAY_TYPE_TIME_PERIOD,01H0610S_01F0750S,Weekday,日間,541,840,299,0.5526802218114603,不穩定,9.02,14.0,4.98
L3_DAY_TYPE_TIME_PERIOD,01H0610S_01F0750S,Weekday,早尖峰,553,866,313,0.566003616636528,不穩定,9.22,14.43,5.22
L3_DAY_TYPE_TIME_PERIOD,01H0610S_01F0750S,Weekday,晚尖峰,541,636,95,0.1756007393715342,穩定,9.02,10.6,1.58
L3_DAY_TYPE_TIME_PERIOD,01H0610S_01F0750S,Weekend,凌晨,487,532,45,0.09240246406570841,穩定,8.12,8.87,0.75
L3_DAY_TYPE_TIME_PERIOD,01H0610S_01F0750S,Weekend,夜間,530,640,110,0.20754716981132076,穩定,8.83,10.67,1.83
L3_DAY_TYPE_TIME_PERIOD,01H0610S_01F0750S,Weekend,日間,529,999,470,0.888468809073724,不穩定,8.82,16.65,7.83
L3_DAY_TYPE_TIME_PERIOD,01H0610S_01F0750S,Weekend,早尖峰,522,1119,597,1.1436781609195403,高風險,8.7,18.65,9.95
L3_DAY_TYPE_TIME_PERIOD,01H0610S_01F0750S,Weekend,晚尖峰,548,965,417,0.7609489051094891,不穩定,9.13,16.08,6.95
L3_DAY_TYPE_TIME_PERIOD,03A0015S_03A0041S,Weekday,凌晨,115,132,17,0.14782608695652175,穩定,1.92,2.2,0.28
L3_DAY_TYPE_TIME_PERIOD,03A0015S_03A0041S,Weekday,夜間,122,143,21,0.1721311475409836,穩定,2.03,2.38,0.35
L3_DAY_TYPE_TIME_PERIOD,03A0015S_03A0041S,Weekday,日間,123,134,11,0.08943089430894309,穩定,2.05,2.23,0.18
L3_DAY_TYPE_TIME_PERIOD,03A0015S_03A0041S,Weekday,早尖峰,120,224,104,0.8666666666666667,不穩定,2.0,3.73,1.73
L3_DAY_TYPE_TIME_PERIOD,03A0015S_03A0041S,Weekday,晚尖峰,131,277,146,1.1145038167938932,高風險,2.18,4.62,2.43
L3_DAY_TYPE_TIME_PERIOD,03A0015S_03A0041S,Weekend,凌晨,115,127,12,0.10434782608695652,穩定,1.92,2.12,0.2
L3_DAY_TYPE_TIME_PERIOD,03A0015S_03A0041S,Weekend,夜間,121,129,8,0.06611570247933884,穩定,2.02,2.15,0.13
L3_DAY_TYPE_TIME_PERIOD,03A0015S_03A0041S,Weekend,日間,124,239,115,0.9274193548387096,不穩定,2.07,3.98,1.92
L3_DAY_TYPE_TIME_PERIOD,03A0015S_03A0041S,Weekend,早尖峰,119,127,8,0.06722689075630252,穩定,1.98,2.12,0.13
L3_DAY_TYPE_TIME_PERIOD,03A0015S_03A0041S,Weekend,晚尖峰,123,145,22,0.17886178861788618,穩定,2.05,2.42,0.37
L3_DAY_TYPE_TIME_PERIOD,03A0041N_03A0015N,Weekday,凌晨,116,132,16,0.13793103448275862,穩定,1.93,2.2,0.27
L3_DAY_TYPE_TIME_PERIOD,03A0041N_03A0015N,Weekday,夜間,119,126,7,0.058823529411764705,穩定,1.98,2.1,0.12
L3_DAY_TYPE_TIME_PERIOD,03A0041N_03A0015N,Weekday,日間,120,127,7,0.058333333333333334,穩定,2.0,2.12,0.12
L3_DAY_TYPE_TIME_PERIOD,03A0041N_03A0015N,Weekday,早尖峰,120,132,12,0.1,穩定,2.0,2.2,0.2
L3_DAY_TYPE_TIME_PERIOD,03A0041N_03A0015N,Weekday,晚尖峰,123,129,6,0.04878048780487805,穩定,2.05,2.15,0.1
L3_DAY_TYPE_TIME_PERIOD,03A0041N_03A0015N,Weekend,凌晨,116,129,13,0.11206896551724138,穩定,1.93,2.15,0.22
L3_DAY_TYPE_TIME_PERIOD,03A0041N_03A0015N,Weekend,夜間,121,127,6,0.049586776859504134,穩定,2.02,2.12,0.1
L3_DAY_TYPE_TIME_PERIOD,03A0041N_03A0015N,Weekend,日間,120,125,5,0.041666666666666664,穩定,2.0,2.08,0.08
L3_DAY_TYPE_TIME_PERIOD,03A0041N_03A0015N,Weekend,早尖峰,117,124,7,0.05982905982905983,穩定,1.95,2.07,0.12
L3_DAY_TYPE_TIME_PERIOD,03A0041N_03A0015N,Weekend,晚尖峰,123,130,7,0.056910569105691054,穩定,2.05,2.17,0.12
L3_DAY_TYPE_TIME_PERIOD,03A0041S_03F0201N,Weekday,凌晨,122,166,44,0.36065573770491804,普通,2.03,2.77,0.73
L3_DAY_TYPE_TIME_PERIOD,03A0041S_03F0201N,Weekday,夜間,165,311,146,0.8848484848484849,不穩定,2.75,5.18,2.43
L3_DAY_TYPE_TIME_PERIOD,03A0041S_03F0201N,Weekday,日間,184,583,399,2.1684782608695654,高風險,3.07,9.72,6.65
L3_DAY_TYPE_TIME_PERIOD,03A0041S_03F0201N,Weekday,早尖峰,244,1032,788,3.2295081967213113,高風險,4.07,17.2,13.13
L3_DAY_TYPE_TIME_PERIOD,03A0041S_03F0201N,Weekday,晚尖峰,224,455,231,1.03125,高風險,3.73,7.58,3.85
L3_DAY_TYPE_TIME_PERIOD,03A0041S_03F0201N,Weekend,凌晨,125,165,40,0.32,普通,2.08,2.75,0.67
L3_DAY_TYPE_TIME_PERIOD,03A0041S_03F0201N,Weekend,夜間,150,192,42,0.28,普通,2.5,3.2,0.7
L3_DAY_TYPE_TIME_PERIOD,03A0041S_03F0201N,Weekend,日間,192,941,749,3.9010416666666665,高風險,3.2,15.68,12.48
L3_DAY_TYPE_TIME_PERIOD,03A0041S_03F0201N,Weekend,早尖峰,148,593,445,3.0067567567567566,高風險,2.47,9.88,7.42
L3_DAY_TYPE_TIME_PERIOD,03A0041S_03F0201N,Weekend,晚尖峰,206,443,237,1.1504854368932038,高風險,3.43,7.38,3.95
L3_DAY_TYPE_TIME_PERIOD,03A0041S_03F0217S,Weekday,凌晨,82,103,21,0.25609756097560976,普通,1.37,1.72,0.35
L3_DAY_TYPE_TIME_PERIOD,03A0041S_03F0217S,Weekday,夜間,90,209,119,1.3222222222222222,高風險,1.5,3.48,1.98
L3_DAY_TYPE_TIME_PERIOD,03A0041S_03F0217S,Weekday,日間,91,110,19,0.2087912087912088,穩定,1.52,1.83,0.32
L3_DAY_TYPE_TIME_PERIOD,03A0041S_03F0217S,Weekday,早尖峰,89,123,34,0.38202247191011235,普通,1.48,2.05,0.57
L3_DAY_TYPE_TIME_PERIOD,03A0041S_03F0217S,Weekday,晚尖峰,126,481,355,2.8174603174603177,高風險,2.1,8.02,5.92
L3_DAY_TYPE_TIME_PERIOD,03A0041S_03F0217S,Weekend,凌晨,82,96,14,0.17073170731707318,穩定,1.37,1.6,0.23
L3_DAY_TYPE_TIME_PERIOD,03A0041S_03F0217S,Weekend,夜間,90,99,9,0.1,穩定,1.5,1.65,0.15
L3_DAY_TYPE_TIME_PERIOD,03A0041S_03F0217S,Weekend,日間,92,127,35,0.3804347826086957,普通,1.53,2.12,0.58
L3_DAY_TYPE_TIME_PERIOD,03A0041S_03F0217S,Weekend,早尖峰,85,97,12,0.1411764705882353,穩定,1.42,1.62,0.2
L3_DAY_TYPE_TIME_PERIOD,03A0041S_03F0217S,Weekend,晚尖峰,100,250,150,1.5,高風險,1.67,4.17,2.5
L3_DAY_TYPE_TIME_PERIOD,03F0006S_01F0061S,Weekday,凌晨,328,456,128,0.3902439024390244,普通,5.47,7.6,2.13
L3_DAY_TYPE_TIME_PERIOD,03F0006S_01F0061S,Weekday,夜間,348,1251,903,2.5948275862068964,高風險,5.8,20.85,15.05
L3_DAY_TYPE_TIME_PERIOD,03F0006S_01F0061S,Weekday,日間,364,656,292,0.8021978021978022,不穩定,6.07,10.93,4.87
L3_DAY_TYPE_TIME_PERIOD,03F0006S_01F0061S,Weekday,早尖峰,351,459,108,0.3076923076923077,普通,5.85,7.65,1.8
L3_DAY_TYPE_TIME_PERIOD,03F0006S_01F0061S,Weekday,晚尖峰,379,444,65,0.17150395778364116,穩定,6.32,7.4,1.08
L3_DAY_TYPE_TIME_PERIOD,03F0006S_01F0061S,Weekend,凌晨,331,1121,790,2.3867069486404833,高風險,5.52,18.68,13.17
L3_DAY_TYPE_TIME_PERIOD,03F0006S_01F0061S,Weekend,夜間,352,1331,979,2.78125,高風險,5.87,22.18,16.32
L3_DAY_TYPE_TIME_PERIOD,03F0006S_01F0061S,Weekend,日間,350,1437,1087,3.105714285714286,高風險,5.83,23.95,18.12
L3_DAY_TYPE_TIME_PERIOD,03F0006S_01F0061S,Weekend,早尖峰,330,1002,672,2.036363636363636,高風險,5.5,16.7,11.2
L3_DAY_TYPE_TIME_PERIOD,03F0006S_01F0061S,Weekend,晚尖峰,377,1318,941,2.496021220159151,高風險,6.28,21.97,15.68
L3_DAY_TYPE_TIME_PERIOD,03F0006S_03F0087S,Weekday,凌晨,317,369,52,0.1640378548895899,穩定,5.28,6.15,0.87
L3_DAY_TYPE_TIME_PERIOD,03F0006S_03F0087S,Weekday,夜間,319,367,48,0.15047021943573669,穩定,5.32,6.12,0.8
L3_DAY_TYPE_TIME_PERIOD,03F0006S_03F0087S,Weekday,日間,319,392,73,0.22884012539184953,穩定,5.32,6.53,1.22
L3_DAY_TYPE_TIME_PERIOD,03F0006S_03F0087S,Weekday,早尖峰,324,461,137,0.4228395061728395,普通,5.4,7.68,2.28
L3_DAY_TYPE_TIME_PERIOD,03F0006S_03F0087S,Weekday,晚尖峰,319,380,61,0.19122257053291536,穩定,5.32,6.33,1.02
L3_DAY_TYPE_TIME_PERIOD,03F0006S_03F0087S,Weekend,凌晨,316,349,33,0.10443037974683544,穩定,5.27,5.82,0.55
L3_DAY_TYPE_TIME_PERIOD,03F0006S_03F0087S,Weekend,夜間,321,338,17,0.0529595015576324,穩定,5.35,5.63,0.28
L3_DAY_TYPE_TIME_PERIOD,03F0006S_03F0087S,Weekend,日間,316,364,48,0.1518987341772152,穩定,5.27,6.07,0.8
L3_DAY_TYPE_TIME_PERIOD,03F0006S_03F0087S,Weekend,早尖峰,312,366,54,0.17307692307692307,穩定,5.2,6.1,0.9
L3_DAY_TYPE_TIME_PERIOD,03F0006S_03F0087S,Weekend,晚尖峰,323,344,21,0.06501547987616099,穩定,5.38,5.73,0.35
L3_DAY_TYPE_TIME_PERIOD,03F0054N_01F0061S,Weekday,凌晨,372,2423,2051,5.513440860215054,高風險,6.2,40.38,34.18
L3_DAY_TYPE_TIME_PERIOD,03F0054N_01F0061S,Weekday,夜間,384,2985,2601,6.7734375,高風險,6.4,49.75,43.35
L3_DAY_TYPE_TIME_PERIOD,03F0054N_01F0061S,Weekday,日間,392,3015,2623,6.691326530612245,高風險,6.53,50.25,43.72
L3_DAY_TYPE_TIME_PERIOD,03F0054N_01F0061S,Weekday,早尖峰,404,2969,2565,6.349009900990099,高風險,6.73,49.48,42.75
L3_DAY_TYPE_TIME_PERIOD,03F0054N_01F0061S,Weekday,晚尖峰,394,2897,2503,6.352791878172589,高風險,6.57,48.28,41.72
L3_DAY_TYPE_TIME_PERIOD,03F0054N_01F0061S,Weekend,凌晨,365,2314,1949,5.33972602739726,高風險,6.08,38.57,32.48
L3_DAY_TYPE_TIME_PERIOD,03F0054N_01F0061S,Weekend,夜間,382,1967,1585,4.149214659685864,高風險,6.37,32.78,26.42
L3_DAY_TYPE_TIME_PERIOD,03F0054N_01F0061S,Weekend,日間,387,2415,2028,5.24031007751938,高風險,6.45,40.25,33.8
L3_DAY_TYPE_TIME_PERIOD,03F0054N_01F0061S,Weekend,早尖峰,359,2398,2039,5.67966573816156,高風險,5.98,39.97,33.98
L3_DAY_TYPE_TIME_PERIOD,03F0054N_01F0061S,Weekend,晚尖峰,408,2470,2062,5.053921568627451,高風險,6.8,41.17,34.37
L3_DAY_TYPE_TIME_PERIOD,03F0054N_03F0021N,Weekday,凌晨,134,154,20,0.14925373134328357,穩定,2.23,2.57,0.33
L3_DAY_TYPE_TIME_PERIOD,03F0054N_03F0021N,Weekday,夜間,133,146,13,0.09774436090225563,穩定,2.22,2.43,0.22
L3_DAY_TYPE_TIME_PERIOD,03F0054N_03F0021N,Weekday,日間,134,150,16,0.11940298507462686,穩定,2.23,2.5,0.27
L3_DAY_TYPE_TIME_PERIOD,03F0054N_03F0021N,Weekday,早尖峰,132,150,18,0.13636363636363635,穩定,2.2,2.5,0.3
L3_DAY_TYPE_TIME_PERIOD,03F0054N_03F0021N,Weekday,晚尖峰,134,147,13,0.09701492537313433,穩定,2.23,2.45,0.22
L3_DAY_TYPE_TIME_PERIOD,03F0054N_03F0021N,Weekend,凌晨,132,146,14,0.10606060606060606,穩定,2.2,2.43,0.23
L3_DAY_TYPE_TIME_PERIOD,03F0054N_03F0021N,Weekend,夜間,133,142,9,0.06766917293233082,穩定,2.22,2.37,0.15
L3_DAY_TYPE_TIME_PERIOD,03F0054N_03F0021N,Weekend,日間,133,148,15,0.11278195488721804,穩定,2.22,2.47,0.25
L3_DAY_TYPE_TIME_PERIOD,03F0054N_03F0021N,Weekend,早尖峰,132,143,11,0.08333333333333333,穩定,2.2,2.38,0.18
L3_DAY_TYPE_TIME_PERIOD,03F0054N_03F0021N,Weekend,晚尖峰,132,143,11,0.08333333333333333,穩定,2.2,2.38,0.18
L3_DAY_TYPE_TIME_PERIOD,03F0087S_01F0099N,Weekday,凌晨,1626,3196,1570,0.965559655596556,不穩定,27.1,53.27,26.17
L3_DAY_TYPE_TIME_PERIOD,03F0087S_01F0099N,Weekday,夜間,1954,3240,1286,0.6581371545547595,不穩定,32.57,54.0,21.43
L3_DAY_TYPE_TIME_PERIOD,03F0087S_01F0099N,Weekday,日間,1870,3187,1317,0.7042780748663101,不穩定,31.17,53.12,21.95
L3_DAY_TYPE_TIME_PERIOD,03F0087S_01F0099N,Weekday,早尖峰,1939,3036,1097,0.5657555440948943,不穩定,32.32,50.6,18.28
L3_DAY_TYPE_TIME_PERIOD,03F0087S_01F0099N,Weekday,晚尖峰,1889,3241,1352,0.7157226045526733,不穩定,31.48,54.02,22.53
L3_DAY_TYPE_TIME_PERIOD,03F0087S_01F0099N,Weekend,凌晨,1646,3201,1555,0.9447144592952612,不穩定,27.43,53.35,25.92
L3_DAY_TYPE_TIME_PERIOD,03F0087S_01F0099N,Weekend,夜間,2022,3160,1138,0.5628090999010881,不穩定,33.7,52.67,18.97
L3_DAY_TYPE_TIME_PERIOD,03F0087S_01F0099N,Weekend,日間,1700,3136,1436,0.8447058823529412,不穩定,28.33,52.27,23.93
L3_DAY_TYPE_TIME_PERIOD,03F0087S_01F0099N,Weekend,早尖峰,1713,3048,1335,0.7793345008756567,不穩定,28.55,50.8,22.25
L3_DAY_TYPE_TIME_PERIOD,03F0087S_01F0099N,Weekend,晚尖峰,1882,3121,1239,0.6583421891604676,不穩定,31.37,52.02,20.65
L3_DAY_TYPE_TIME_PERIOD,03F0087S_01F0147S,Weekday,凌晨,212,251,39,0.18396226415094338,穩定,3.53,4.18,0.65
L3_DAY_TYPE_TIME_PERIOD,03F0087S_01F0147S,Weekday,夜間,220,254,34,0.15454545454545454,穩定,3.67,4.23,0.57
L3_DAY_TYPE_TIME_PERIOD,03F0087S_01F0147S,Weekday,日間,234,417,183,0.782051282051282,不穩定,3.9,6.95,3.05
L3_DAY_TYPE_TIME_PERIOD,03F0087S_01F0147S,Weekday,早尖峰,382,750,368,0.9633507853403142,不穩定,6.37,12.5,6.13
L3_DAY_TYPE_TIME_PERIOD,03F0087S_01F0147S,Weekday,晚尖峰,231,501,270,1.1688311688311688,高風險,3.85,8.35,4.5
L3_DAY_TYPE_TIME_PERIOD,03F0087S_01F0147S,Weekend,凌晨,212,245,33,0.15566037735849056,穩定,3.53,4.08,0.55
L3_DAY_TYPE_TIME_PERIOD,03F0087S_01F0147S,Weekend,夜間,228,254,26,0.11403508771929824,穩定,3.8,4.23,0.43
L3_DAY_TYPE_TIME_PERIOD,03F0087S_01F0147S,Weekend,日間,223,248,25,0.11210762331838565,穩定,3.72,4.13,0.42
L3_DAY_TYPE_TIME_PERIOD,03F0087S_01F0147S,Weekend,早尖峰,216,239,23,0.10648148148148148,穩定,3.6,3.98,0.38
L3_DAY_TYPE_TIME_PERIOD,03F0087S_01F0147S,Weekend,晚尖峰,238,289,51,0.21428571428571427,穩定,3.97,4.82,0.85
L3_DAY_TYPE_TIME_PERIOD,03F0087S_01H0163S,Weekday,凌晨,262,305,43,0.16412213740458015,穩定,4.37,5.08,0.72
L3_DAY_TYPE_TIME_PERIOD,03F0087S_01H0163S,Weekday,夜間,270,300,30,0.1111111111111111,穩定,4.5,5.0,0.5
L3_DAY_TYPE_TIME_PERIOD,03F0087S_01H0163S,Weekday,日間,277,319,42,0.15162454873646208,穩定,4.62,5.32,0.7
L3_DAY_TYPE_TIME_PERIOD,03F0087S_01H0163S,Weekday,早尖峰,342,693,351,1.0263157894736843,高風險,5.7,11.55,5.85
L3_DAY_TYPE_TIME_PERIOD,03F0087S_01H0163S,Weekday,晚尖峰,278,311,33,0.11870503597122302,穩定,4.63,5.18,0.55
L3_DAY_TYPE_TIME_PERIOD,03F0087S_01H0163S,Weekend,凌晨,263,303,40,0.1520912547528517,穩定,4.38,5.05,0.67
L3_DAY_TYPE_TIME_PERIOD,03F0087S_01H0163S,Weekend,夜間,278,305,27,0.09712230215827339,穩定,4.63,5.08,0.45
L3_DAY_TYPE_TIME_PERIOD,03F0087S_01H0163S,Weekend,日間,274,296,22,0.08029197080291971,穩定,4.57,4.93,0.37
L3_DAY_TYPE_TIME_PERIOD,03F0087S_01H0163S,Weekend,早尖峰,265,284,19,0.07169811320754717,穩定,4.42,4.73,0.32
L3_DAY_TYPE_TIME_PERIOD,03F0087S_01H0163S,Weekend,晚尖峰,289,394,105,0.3633217993079585,普通,4.82,6.57,1.75
L3_DAY_TYPE_TIME_PERIOD,03F0087S_03F0116S,Weekday,凌晨,113,130,17,0.1504424778761062,穩定,1.88,2.17,0.28
L3_DAY_TYPE_TIME_PERIOD,03F0087S_03F0116S,Weekday,夜間,114,125,11,0.09649122807017543,穩定,1.9,2.08,0.18
L3_DAY_TYPE_TIME_PERIOD,03F0087S_03F0116S,Weekday,日間,113,128,15,0.13274336283185842,穩定,1.88,2.13,0.25
L3_DAY_TYPE_TIME_PERIOD,03F0087S_03F0116S,Weekday,早尖峰,114,145,31,0.2719298245614035,普通,1.9,2.42,0.52
L3_DAY_TYPE_TIME_PERIOD,03F0087S_03F0116S,Weekday,晚尖峰,113,125,12,0.10619469026548672,穩定,1.88,2.08,0.2
L3_DAY_TYPE_TIME_PERIOD,03F0087S_03F0116S,Weekend,凌晨,112,125,13,0.11607142857142858,穩定,1.87,2.08,0.22
L3_DAY_TYPE_TIME_PERIOD,03F0087S_03F0116S,Weekend,夜間,114,120,6,0.05263157894736842,穩定,1.9,2.0,0.1
L3_DAY_TYPE_TIME_PERIOD,03F0087S_03F0116S,Weekend,日間,112,121,9,0.08035714285714286,穩定,1.87,2.02,0.15
L3_DAY_TYPE_TIME_PERIOD,03F0087S_03F0116S,Weekend,早尖峰,111,121,10,0.09009009009009009,穩定,1.85,2.02,0.17
L3_DAY_TYPE_TIME_PERIOD,03F0087S_03F0116S,Weekend,晚尖峰,114,122,8,0.07017543859649122,穩定,1.9,2.03,0.13
L3_DAY_TYPE_TIME_PERIOD,03F0116N_01F0099N,Weekday,凌晨,92,107,15,0.16304347826086957,穩定,1.53,1.78,0.25
L3_DAY_TYPE_TIME_PERIOD,03F0116N_01F0099N,Weekday,夜間,103,212,109,1.058252427184466,高風險,1.72,3.53,1.82
L3_DAY_TYPE_TIME_PERIOD,03F0116N_01F0099N,Weekday,日間,107,193,86,0.8037383177570093,不穩定,1.78,3.22,1.43
L3_DAY_TYPE_TIME_PERIOD,03F0116N_01F0099N,Weekday,早尖峰,101,113,12,0.1188118811881188,穩定,1.68,1.88,0.2
L3_DAY_TYPE_TIME_PERIOD,03F0116N_01F0099N,Weekday,晚尖峰,131,361,230,1.7557251908396947,高風險,2.18,6.02,3.83
L3_DAY_TYPE_TIME_PERIOD,03F0116N_01F0099N,Weekend,凌晨,91,102,11,0.12087912087912088,穩定,1.52,1.7,0.18
L3_DAY_TYPE_TIME_PERIOD,03F0116N_01F0099N,Weekend,夜間,101,111,10,0.09900990099009901,穩定,1.68,1.85,0.17
L3_DAY_TYPE_TIME_PERIOD,03F0116N_01F0099N,Weekend,日間,131,427,296,2.2595419847328246,高風險,2.18,7.12,4.93
L3_DAY_TYPE_TIME_PERIOD,03F0116N_01F0099N,Weekend,早尖峰,97,125,28,0.28865979381443296,普通,1.62,2.08,0.47
L3_DAY_TYPE_TIME_PERIOD,03F0116N_01F0099N,Weekend,晚尖峰,107,300,193,1.8037383177570094,高風險,1.78,5.0,3.22
L3_DAY_TYPE_TIME_PERIOD,03F0116N_01F0147S,Weekday,凌晨,211,1523,1312,6.218009478672986,高風險,3.52,25.38,21.87
L3_DAY_TYPE_TIME_PERIOD,03F0116N_01F0147S,Weekday,夜間,217,248,31,0.14285714285714285,穩定,3.62,4.13,0.52
L3_DAY_TYPE_TIME_PERIOD,03F0116N_01F0147S,Weekday,日間,237,605,368,1.5527426160337552,高風險,3.95,10.08,6.13
L3_DAY_TYPE_TIME_PERIOD,03F0116N_01F0147S,Weekday,早尖峰,431,987,556,1.2900232018561484,高風險,7.18,16.45,9.27
L3_DAY_TYPE_TIME_PERIOD,03F0116N_01F0147S,Weekday,晚尖峰,251,675,424,1.6892430278884463,高風險,4.18,11.25,7.07
L3_DAY_TYPE_TIME_PERIOD,03F0116N_01F0147S,Weekend,凌晨,208,1205,997,4.793269230769231,高風險,3.47,20.08,16.62
L3_DAY_TYPE_TIME_PERIOD,03F0116N_01F0147S,Weekend,夜間,223,253,30,0.13452914798206278,穩定,3.72,4.22,0.5
L3_DAY_TYPE_TIME_PERIOD,03F0116N_01F0147S,Weekend,日間,225,260,35,0.15555555555555556,穩定,3.75,4.33,0.58
L3_DAY_TYPE_TIME_PERIOD,03F0116N_01F0147S,Weekend,早尖峰,212,245,33,0.15566037735849056,穩定,3.53,4.08,0.55
L3_DAY_TYPE_TIME_PERIOD,03F0116N_01F0147S,Weekend,晚尖峰,242,347,105,0.43388429752066116,普通,4.03,5.78,1.75
L3_DAY_TYPE_TIME_PERIOD,03F0116N_01H0163S,Weekday,凌晨,255,296,41,0.1607843137254902,穩定,4.25,4.93,0.68
L3_DAY_TYPE_TIME_PERIOD,03F0116N_01H0163S,Weekday,夜間,268,294,26,0.09701492537313433,穩定,4.47,4.9,0.43
L3_DAY_TYPE_TIME_PERIOD,03F0116N_01H0163S,Weekday,日間,286,452,166,0.5804195804195804,不穩定,4.77,7.53,2.77
L3_DAY_TYPE_TIME_PERIOD,03F0116N_01H0163S,Weekday,早尖峰,421,883,462,1.0973871733966747,高風險,7.02,14.72,7.7
L3_DAY_TYPE_TIME_PERIOD,03F0116N_01H0163S,Weekday,晚尖峰,303,619,316,1.0429042904290429,高風險,5.05,10.32,5.27
L3_DAY_TYPE_TIME_PERIOD,03F0116N_01H0163S,Weekend,凌晨,256,284,28,0.109375,穩定,4.27,4.73,0.47
L3_DAY_TYPE_TIME_PERIOD,03F0116N_01H0163S,Weekend,夜間,273,304,31,0.11355311355311355,穩定,4.55,5.07,0.52
L3_DAY_TYPE_TIME_PERIOD,03F0116N_01H0163S,Weekend,日間,277,307,30,0.10830324909747292,穩定,4.62,5.12,0.5
L3_DAY_TYPE_TIME_PERIOD,03F0116N_01H0163S,Weekend,早尖峰,263,284,21,0.07984790874524715,穩定,4.38,4.73,0.35
L3_DAY_TYPE_TIME_PERIOD,03F0116N_01H0163S,Weekend,晚尖峰,292,420,128,0.4383561643835616,普通,4.87,7.0,2.13
L3_DAY_TYPE_TIME_PERIOD,03F0116N_03F0054N,Weekday,凌晨,243,283,40,0.1646090534979424,穩定,4.05,4.72,0.67
L3_DAY_TYPE_TIME_PERIOD,03F0116N_03F0054N,Weekday,夜間,240,259,19,0.07916666666666666,穩定,4.0,4.32,0.32
L3_DAY_TYPE_TIME_PERIOD,03F0116N_03F0054N,Weekday,日間,244,269,25,0.10245901639344263,穩定,4.07,4.48,0.42
L3_DAY_TYPE_TIME_PERIOD,03F0116N_03F0054N,Weekday,早尖峰,239,269,30,0.12552301255230125,穩定,3.98,4.48,0.5
L3_DAY_TYPE_TIME_PERIOD,03F0116N_03F0054N,Weekday,晚尖峰,240,259,19,0.07916666666666666,穩定,4.0,4.32,0.32
L3_DAY_TYPE_TIME_PERIOD,03F0116N_03F0054N,Weekend,凌晨,240,268,28,0.11666666666666667,穩定,4.0,4.47,0.47
L3_DAY_TYPE_TIME_PERIOD,03F0116N_03F0054N,Weekend,夜間,240,255,15,0.0625,穩定,4.0,4.25,0.25
L3_DAY_TYPE_TIME_PERIOD,03F0116N_03F0054N,Weekend,日間,243,258,15,0.06172839506172839,穩定,4.05,4.3,0.25
L3_DAY_TYPE_TIME_PERIOD,03F0116N_03F0054N,Weekend,早尖峰,241,258,17,0.07053941908713693,穩定,4.02,4.3,0.28
L3_DAY_TYPE_TIME_PERIOD,03F0116N_03F0054N,Weekend,晚尖峰,239,254,15,0.06276150627615062,穩定,3.98,4.23,0.25
L3_DAY_TYPE_TIME_PERIOD,03F0116S_03F0136S,Weekday,凌晨,78,89,11,0.14102564102564102,穩定,1.3,1.48,0.18
L3_DAY_TYPE_TIME_PERIOD,03F0116S_03F0136S,Weekday,夜間,79,87,8,0.10126582278481013,穩定,1.32,1.45,0.13
L3_DAY_TYPE_TIME_PERIOD,03F0116S_03F0136S,Weekday,日間,80,91,11,0.1375,穩定,1.33,1.52,0.18
L3_DAY_TYPE_TIME_PERIOD,03F0116S_03F0136S,Weekday,早尖峰,80,97,17,0.2125,穩定,1.33,1.62,0.28
L3_DAY_TYPE_TIME_PERIOD,03F0116S_03F0136S,Weekday,晚尖峰,81,95,14,0.1728395061728395,穩定,1.35,1.58,0.23
L3_DAY_TYPE_TIME_PERIOD,03F0116S_03F0136S,Weekend,凌晨,77,84,7,0.09090909090909091,穩定,1.28,1.4,0.12
L3_DAY_TYPE_TIME_PERIOD,03F0116S_03F0136S,Weekend,夜間,80,84,4,0.05,穩定,1.33,1.4,0.07
L3_DAY_TYPE_TIME_PERIOD,03F0116S_03F0136S,Weekend,日間,79,96,17,0.21518987341772153,穩定,1.32,1.6,0.28
L3_DAY_TYPE_TIME_PERIOD,03F0116S_03F0136S,Weekend,早尖峰,77,97,20,0.2597402597402597,普通,1.28,1.62,0.33
L3_DAY_TYPE_TIME_PERIOD,03F0116S_03F0136S,Weekend,晚尖峰,81,87,6,0.07407407407407407,穩定,1.35,1.45,0.1
L3_DAY_TYPE_TIME_PERIOD,03F0136S_03F0158S,Weekday,凌晨,83,92,9,0.10843373493975904,穩定,1.38,1.53,0.15
L3_DAY_TYPE_TIME_PERIOD,03F0136S_03F0158S,Weekday,夜間,86,105,19,0.22093023255813954,穩定,1.43,1.75,0.32
L3_DAY_TYPE_TIME_PERIOD,03F0136S_03F0158S,Weekday,日間,87,100,13,0.14942528735632185,穩定,1.45,1.67,0.22
L3_DAY_TYPE_TIME_PERIOD,03F0136S_03F0158S,Weekday,早尖峰,85,94,9,0.10588235294117647,穩定,1.42,1.57,0.15
L3_DAY_TYPE_TIME_PERIOD,03F0136S_03F0158S,Weekday,晚尖峰,93,350,257,2.763440860215054,高風險,1.55,5.83,4.28
L3_DAY_TYPE_TIME_PERIOD,03F0136S_03F0158S,Weekend,凌晨,83,92,9,0.10843373493975904,穩定,1.38,1.53,0.15
L3_DAY_TYPE_TIME_PERIOD,03F0136S_03F0158S,Weekend,夜間,86,91,5,0.05813953488372093,穩定,1.43,1.52,0.08
L3_DAY_TYPE_TIME_PERIOD,03F0136S_03F0158S,Weekend,日間,88,115,27,0.3068181818181818,普通,1.47,1.92,0.45
L3_DAY_TYPE_TIME_PERIOD,03F0136S_03F0158S,Weekend,早尖峰,85,123,38,0.4470588235294118,普通,1.42,2.05,0.63
L3_DAY_TYPE_TIME_PERIOD,03F0136S_03F0158S,Weekend,晚尖峰,88,108,20,0.22727272727272727,穩定,1.47,1.8,0.33
L3_DAY_TYPE_TIME_PERIOD,03F0140N_03F0116N,Weekday,凌晨,94,106,12,0.1276595744680851,穩定,1.57,1.77,0.2
L3_DAY_TYPE_TIME_PERIOD,03F0140N_03F0116N,Weekday,夜間,98,110,12,0.12244897959183673,穩定,1.63,1.83,0.2
L3_DAY_TYPE_TIME_PERIOD,03F0140N_03F0116N,Weekday,日間,100,110,10,0.1,穩定,1.67,1.83,0.17
L3_DAY_TYPE_TIME_PERIOD,03F0140N_03F0116N,Weekday,早尖峰,98,120,22,0.22448979591836735,穩定,1.63,2.0,0.37
L3_DAY_TYPE_TIME_PERIOD,03F0140N_03F0116N,Weekday,晚尖峰,104,152,48,0.46153846153846156,普通,1.73,2.53,0.8
L3_DAY_TYPE_TIME_PERIOD,03F0140N_03F0116N,Weekend,凌晨,94,101,7,0.07446808510638298,穩定,1.57,1.68,0.12
L3_DAY_TYPE_TIME_PERIOD,03F0140N_03F0116N,Weekend,夜間,98,104,6,0.061224489795918366,穩定,1.63,1.73,0.1
L3_DAY_TYPE_TIME_PERIOD,03F0140N_03F0116N,Weekend,日間,99,110,11,0.1111111111111111,穩定,1.65,1.83,0.18
L3_DAY_TYPE_TIME_PERIOD,03F0140N_03F0116N,Weekend,早尖峰,95,101,6,0.06315789473684211,穩定,1.58,1.68,0.1
L3_DAY_TYPE_TIME_PERIOD,03F0140N_03F0116N,Weekend,晚尖峰,100,114,14,0.14,穩定,1.67,1.9,0.23
L3_DAY_TYPE_TIME_PERIOD,03F0150N_03F0140N,Weekday,凌晨,38,41,3,0.07894736842105263,穩定,0.63,0.68,0.05
L3_DAY_TYPE_TIME_PERIOD,03F0150N_03F0140N,Weekday,夜間,39,41,2,0.05128205128205128,穩定,0.65,0.68,0.03
L3_DAY_TYPE_TIME_PERIOD,03F0150N_03F0140N,Weekday,日間,39,42,3,0.07692307692307693,穩定,0.65,0.7,0.05
L3_DAY_TYPE_TIME_PERIOD,03F0150N_03F0140N,Weekday,早尖峰,39,44,5,0.1282051282051282,穩定,0.65,0.73,0.08
L3_DAY_TYPE_TIME_PERIOD,03F0150N_03F0140N,Weekday,晚尖峰,39,42,3,0.07692307692307693,穩定,0.65,0.7,0.05
L3_DAY_TYPE_TIME_PERIOD,03F0150N_03F0140N,Weekend,凌晨,38,40,2,0.05263157894736842,穩定,0.63,0.67,0.03
L3_DAY_TYPE_TIME_PERIOD,03F0150N_03F0140N,Weekend,夜間,39,41,2,0.05128205128205128,穩定,0.65,0.68,0.03
L3_DAY_TYPE_TIME_PERIOD,03F0150N_03F0140N,Weekend,日間,38,40,2,0.05263157894736842,穩定,0.63,0.67,0.03
L3_DAY_TYPE_TIME_PERIOD,03F0150N_03F0140N,Weekend,早尖峰,38,39,1,0.02631578947368421,穩定,0.63,0.65,0.02
L3_DAY_TYPE_TIME_PERIOD,03F0150N_03F0140N,Weekend,晚尖峰,39,41,2,0.05128205128205128,穩定,0.65,0.68,0.03
L3_DAY_TYPE_TIME_PERIOD,03F0158S_03F0201S,Weekday,凌晨,170,193,23,0.13529411764705881,穩定,2.83,3.22,0.38
L3_DAY_TYPE_TIME_PERIOD,03F0158S_03F0201S,Weekday,夜間,178,346,168,0.9438202247191011,不穩定,2.97,5.77,2.8
L3_DAY_TYPE_TIME_PERIOD,03F0158S_03F0201S,Weekday,日間,184,209,25,0.1358695652173913,穩定,3.07,3.48,0.42
L3_DAY_TYPE_TIME_PERIOD,03F0158S_03F0201S,Weekday,早尖峰,196,332,136,0.6938775510204082,不穩定,3.27,5.53,2.27
L3_DAY_TYPE_TIME_PERIOD,03F0158S_03F0201S,Weekday,晚尖峰,272,461,189,0.6948529411764706,不穩定,4.53,7.68,3.15
L3_DAY_TYPE_TIME_PERIOD,03F0158S_03F0201S,Weekend,凌晨,169,184,15,0.08875739644970414,穩定,2.82,3.07,0.25
L3_DAY_TYPE_TIME_PERIOD,03F0158S_03F0201S,Weekend,夜間,181,200,19,0.10497237569060773,穩定,3.02,3.33,0.32
L3_DAY_TYPE_TIME_PERIOD,03F0158S_03F0201S,Weekend,日間,179,196,17,0.09497206703910614,穩定,2.98,3.27,0.28
L3_DAY_TYPE_TIME_PERIOD,03F0158S_03F0201S,Weekend,早尖峰,171,182,11,0.06432748538011696,穩定,2.85,3.03,0.18
L3_DAY_TYPE_TIME_PERIOD,03F0158S_03F0201S,Weekend,晚尖峰,193,313,120,0.6217616580310881,不穩定,3.22,5.22,2.0
L3_DAY_TYPE_TIME_PERIOD,03F0158S_05F0000S,Weekday,凌晨,47,51,4,0.0851063829787234,穩定,0.78,0.85,0.07
L3_DAY_TYPE_TIME_PERIOD,03F0158S_05F0000S,Weekday,夜間,50,68,18,0.36,普通,0.83,1.13,0.3
L3_DAY_TYPE_TIME_PERIOD,03F0158S_05F0000S,Weekday,日間,51,121,70,1.3725490196078431,高風險,0.85,2.02,1.17
L3_DAY_TYPE_TIME_PERIOD,03F0158S_05F0000S,Weekday,早尖峰,49,53,4,0.08163265306122448,穩定,0.82,0.88,0.07
L3_DAY_TYPE_TIME_PERIOD,03F0158S_05F0000S,Weekday,晚尖峰,52,61,9,0.17307692307692307,穩定,0.87,1.02,0.15
L3_DAY_TYPE_TIME_PERIOD,03F0158S_05F0000S,Weekend,凌晨,47,58,11,0.23404255319148937,穩定,0.78,0.97,0.18
L3_DAY_TYPE_TIME_PERIOD,03F0158S_05F0000S,Weekend,夜間,49,53,4,0.08163265306122448,穩定,0.82,0.88,0.07
L3_DAY_TYPE_TIME_PERIOD,03F0158S_05F0000S,Weekend,日間,53,177,124,2.339622641509434,高風險,0.88,2.95,2.07
L3_DAY_TYPE_TIME_PERIOD,03F0158S_05F0000S,Weekend,早尖峰,52,165,113,2.173076923076923,高風險,0.87,2.75,1.88
L3_DAY_TYPE_TIME_PERIOD,03F0158S_05F0000S,Weekend,晚尖峰,50,130,80,1.6,高風險,0.83,2.17,1.33
L3_DAY_TYPE_TIME_PERIOD,03F0201N_03F0150N,Weekday,凌晨,198,221,23,0.11616161616161616,穩定,3.3,3.68,0.38
L3_DAY_TYPE_TIME_PERIOD,03F0201N_03F0150N,Weekday,夜間,204,227,23,0.11274509803921569,穩定,3.4,3.78,0.38
L3_DAY_TYPE_TIME_PERIOD,03F0201N_03F0150N,Weekday,日間,225,294,69,0.30666666666666664,普通,3.75,4.9,1.15
L3_DAY_TYPE_TIME_PERIOD,03F0201N_03F0150N,Weekday,早尖峰,272,289,17,0.0625,穩定,4.53,4.82,0.28
L3_DAY_TYPE_TIME_PERIOD,03F0201N_03F0150N,Weekday,晚尖峰,227,274,47,0.20704845814977973,穩定,3.78,4.57,0.78
L3_DAY_TYPE_TIME_PERIOD,03F0201N_03F0150N,Weekend,凌晨,196,213,17,0.08673469387755102,穩定,3.27,3.55,0.28
L3_DAY_TYPE_TIME_PERIOD,03F0201N_03F0150N,Weekend,夜間,204,214,10,0.049019607843137254,穩定,3.4,3.57,0.17
L3_DAY_TYPE_TIME_PERIOD,03F0201N_03F0150N,Weekend,日間,224,318,94,0.41964285714285715,普通,3.73,5.3,1.57
L3_DAY_TYPE_TIME_PERIOD,03F0201N_03F0150N,Weekend,早尖峰,206,262,56,0.27184466019417475,普通,3.43,4.37,0.93
L3_DAY_TYPE_TIME_PERIOD,03F0201N_03F0150N,Weekend,晚尖峰,214,259,45,0.2102803738317757,穩定,3.57,4.32,0.75
L3_DAY_TYPE_TIME_PERIOD,03F0201N_05F0000S,Weekday,凌晨,181,198,17,0.09392265193370165,穩定,3.02,3.3,0.28
L3_DAY_TYPE_TIME_PERIOD,03F0201N_05F0000S,Weekday,夜間,195,280,85,0.4358974358974359,普通,3.25,4.67,1.42
L3_DAY_TYPE_TIME_PERIOD,03F0201N_05F0000S,Weekday,日間,213,342,129,0.6056338028169014,不穩定,3.55,5.7,2.15
L3_DAY_TYPE_TIME_PERIOD,03F0201N_05F0000S,Weekday,早尖峰,220,271,51,0.2318181818181818,穩定,3.67,4.52,0.85
L3_DAY_TYPE_TIME_PERIOD,03F0201N_05F0000S,Weekday,晚尖峰,215,264,49,0.22790697674418606,穩定,3.58,4.4,0.82
L3_DAY_TYPE_TIME_PERIOD,03F0201N_05F0000S,Weekend,凌晨,183,236,53,0.2896174863387978,普通,3.05,3.93,0.88
L3_DAY_TYPE_TIME_PERIOD,03F0201N_05F0000S,Weekend,夜間,191,205,14,0.07329842931937172,穩定,3.18,3.42,0.23
L3_DAY_TYPE_TIME_PERIOD,03F0201N_05F0000S,Weekend,日間,226,1315,1089,4.81858407079646,高風險,3.77,21.92,18.15
L3_DAY_TYPE_TIME_PERIOD,03F0201N_05F0000S,Weekend,早尖峰,200,1287,1087,5.435,高風險,3.33,21.45,18.12
L3_DAY_TYPE_TIME_PERIOD,03F0201N_05F0000S,Weekend,晚尖峰,203,385,182,0.896551724137931,不穩定,3.38,6.42,3.03
L3_DAY_TYPE_TIME_PERIOD,03F0201S_03A0041N,Weekday,凌晨,67,78,11,0.16417910447761194,穩定,1.12,1.3,0.18
L3_DAY_TYPE_TIME_PERIOD,03F0201S_03A0041N,Weekday,夜間,73,90,17,0.2328767123287671,穩定,1.22,1.5,0.28
L3_DAY_TYPE_TIME_PERIOD,03F0201S_03A0041N,Weekday,日間,75,86,11,0.14666666666666667,穩定,1.25,1.43,0.18
L3_DAY_TYPE_TIME_PERIOD,03F0201S_03A0041N,Weekday,早尖峰,94,160,66,0.7021276595744681,不穩定,1.57,2.67,1.1
L3_DAY_TYPE_TIME_PERIOD,03F0201S_03A0041N,Weekday,晚尖峰,87,109,22,0.25287356321839083,普通,1.45,1.82,0.37
L3_DAY_TYPE_TIME_PERIOD,03F0201S_03A0041N,Weekend,凌晨,67,76,9,0.13432835820895522,穩定,1.12,1.27,0.15
L3_DAY_TYPE_TIME_PERIOD,03F0201S_03A0041N,Weekend,夜間,75,82,7,0.09333333333333334,穩定,1.25,1.37,0.12
L3_DAY_TYPE_TIME_PERIOD,03F0201S_03A0041N,Weekend,日間,74,81,7,0.0945945945945946,穩定,1.23,1.35,0.12
L3_DAY_TYPE_TIME_PERIOD,03F0201S_03A0041N,Weekend,早尖峰,70,76,6,0.08571428571428572,穩定,1.17,1.27,0.1
L3_DAY_TYPE_TIME_PERIOD,03F0201S_03A0041N,Weekend,晚尖峰,80,97,17,0.2125,穩定,1.33,1.62,0.28
L3_DAY_TYPE_TIME_PERIOD,03F0201S_03F0217S,Weekday,凌晨,61,67,6,0.09836065573770492,穩定,1.02,1.12,0.1
L3_DAY_TYPE_TIME_PERIOD,03F0201S_03F0217S,Weekday,夜間,64,142,78,1.21875,高風險,1.07,2.37,1.3
L3_DAY_TYPE_TIME_PERIOD,03F0201S_03F0217S,Weekday,日間,65,76,11,0.16923076923076924,穩定,1.08,1.27,0.18
L3_DAY_TYPE_TIME_PERIOD,03F0201S_03F0217S,Weekday,早尖峰,63,71,8,0.12698412698412698,穩定,1.05,1.18,0.13
L3_DAY_TYPE_TIME_PERIOD,03F0201S_03F0217S,Weekday,晚尖峰,94,171,77,0.8191489361702128,不穩定,1.57,2.85,1.28
L3_DAY_TYPE_TIME_PERIOD,03F0201S_03F0217S,Weekend,凌晨,61,65,4,0.06557377049180328,穩定,1.02,1.08,0.07
L3_DAY_TYPE_TIME_PERIOD,03F0201S_03F0217S,Weekend,夜間,65,73,8,0.12307692307692308,穩定,1.08,1.22,0.13
L3_DAY_TYPE_TIME_PERIOD,03F0201S_03F0217S,Weekend,日間,63,77,14,0.2222222222222222,穩定,1.05,1.28,0.23
L3_DAY_TYPE_TIME_PERIOD,03F0201S_03F0217S,Weekend,早尖峰,61,65,4,0.06557377049180328,穩定,1.02,1.08,0.07
L3_DAY_TYPE_TIME_PERIOD,03F0201S_03F0217S,Weekend,晚尖峰,71,151,80,1.1267605633802817,高風險,1.18,2.52,1.33
L3_DAY_TYPE_TIME_PERIOD,03F0217N_03A0041N,Weekday,凌晨,107,539,432,4.037383177570093,高風險,1.78,8.98,7.2
L3_DAY_TYPE_TIME_PERIOD,03F0217N_03A0041N,Weekday,夜間,112,125,13,0.11607142857142858,穩定,1.87,2.08,0.22
L3_DAY_TYPE_TIME_PERIOD,03F0217N_03A0041N,Weekday,日間,116,134,18,0.15517241379310345,穩定,1.93,2.23,0.3
L3_DAY_TYPE_TIME_PERIOD,03F0217N_03A0041N,Weekday,早尖峰,131,492,361,2.7557251908396947,高風險,2.18,8.2,6.02
L3_DAY_TYPE_TIME_PERIOD,03F0217N_03A0041N,Weekday,晚尖峰,118,132,14,0.11864406779661017,穩定,1.97,2.2,0.23
L3_DAY_TYPE_TIME_PERIOD,03F0217N_03A0041N,Weekend,凌晨,107,132,25,0.2336448598130841,穩定,1.78,2.2,0.42
L3_DAY_TYPE_TIME_PERIOD,03F0217N_03A0041N,Weekend,夜間,114,124,10,0.08771929824561403,穩定,1.9,2.07,0.17
L3_DAY_TYPE_TIME_PERIOD,03F0217N_03A0041N,Weekend,日間,114,129,15,0.13157894736842105,穩定,1.9,2.15,0.25
L3_DAY_TYPE_TIME_PERIOD,03F0217N_03A0041N,Weekend,早尖峰,111,125,14,0.12612612612612611,穩定,1.85,2.08,0.23
L3_DAY_TYPE_TIME_PERIOD,03F0217N_03A0041N,Weekend,晚尖峰,117,129,12,0.10256410256410256,穩定,1.95,2.15,0.2
L3_DAY_TYPE_TIME_PERIOD,03F0217N_03F0201N,Weekday,凌晨,58,65,7,0.1206896551724138,穩定,0.97,1.08,0.12
L3_DAY_TYPE_TIME_PERIOD,03F0217N_03F0201N,Weekday,夜間,60,66,6,0.1,穩定,1.0,1.1,0.1
L3_DAY_TYPE_TIME_PERIOD,03F0217N_03F0201N,Weekday,日間,62,335,273,4.403225806451613,高風險,1.03,5.58,4.55
L3_DAY_TYPE_TIME_PERIOD,03F0217N_03F0201N,Weekday,早尖峰,112,342,230,2.0535714285714284,高風險,1.87,5.7,3.83
L3_DAY_TYPE_TIME_PERIOD,03F0217N_03F0201N,Weekday,晚尖峰,63,101,38,0.6031746031746031,不穩定,1.05,1.68,0.63
L3_DAY_TYPE_TIME_PERIOD,03F0217N_03F0201N,Weekend,凌晨,58,63,5,0.08620689655172414,穩定,0.97,1.05,0.08
L3_DAY_TYPE_TIME_PERIOD,03F0217N_03F0201N,Weekend,夜間,59,63,4,0.06779661016949153,穩定,0.98,1.05,0.07
L3_DAY_TYPE_TIME_PERIOD,03F0217N_03F0201N,Weekend,日間,61,305,244,4.0,高風險,1.02,5.08,4.07
L3_DAY_TYPE_TIME_PERIOD,03F0217N_03F0201N,Weekend,早尖峰,59,119,60,1.0169491525423728,高風險,0.98,1.98,1.0
L3_DAY_TYPE_TIME_PERIOD,03F0217N_03F0201N,Weekend,晚尖峰,61,68,7,0.11475409836065574,穩定,1.02,1.13,0.12
L3_DAY_TYPE_TIME_PERIOD,03F0217S_03F0301S,Weekday,凌晨,321,355,34,0.1059190031152648,穩定,5.35,5.92,0.57
L3_DAY_TYPE_TIME_PERIOD,03F0217S_03F0301S,Weekday,夜間,339,412,73,0.2153392330383481,穩定,5.65,6.87,1.22
L3_DAY_TYPE_TIME_PERIOD,03F0217S_03F0301S,Weekday,日間,351,400,49,0.1396011396011396,穩定,5.85,6.67,0.82
L3_DAY_TYPE_TIME_PERIOD,03F0217S_03F0301S,Weekday,早尖峰,339,368,29,0.0855457227138643,穩定,5.65,6.13,0.48
L3_DAY_TYPE_TIME_PERIOD,03F0217S_03F0301S,Weekday,晚尖峰,403,820,417,1.034739454094293,高風險,6.72,13.67,6.95
L3_DAY_TYPE_TIME_PERIOD,03F0217S_03F0301S,Weekend,凌晨,321,342,21,0.06542056074766354,穩定,5.35,5.7,0.35
L3_DAY_TYPE_TIME_PERIOD,03F0217S_03F0301S,Weekend,夜間,344,382,38,0.11046511627906977,穩定,5.73,6.37,0.63
L3_DAY_TYPE_TIME_PERIOD,03F0217S_03F0301S,Weekend,日間,344,394,50,0.14534883720930233,穩定,5.73,6.57,0.83
L3_DAY_TYPE_TIME_PERIOD,03F0217S_03F0301S,Weekend,早尖峰,325,343,18,0.055384615384615386,穩定,5.42,5.72,0.3
L3_DAY_TYPE_TIME_PERIOD,03F0217S_03F0301S,Weekend,晚尖峰,379,640,261,0.6886543535620053,不穩定,6.32,10.67,4.35
L3_DAY_TYPE_TIME_PERIOD,03F0301N_03F0217N,Weekday,凌晨,332,371,39,0.11746987951807229,穩定,5.53,6.18,0.65
L3_DAY_TYPE_TIME_PERIOD,03F0301N_03F0217N,Weekday,夜間,338,371,33,0.09763313609467456,穩定,5.63,6.18,0.55
L3_DAY_TYPE_TIME_PERIOD,03F0301N_03F0217N,Weekday,日間,363,672,309,0.8512396694214877,不穩定,6.05,11.2,5.15
L3_DAY_TYPE_TIME_PERIOD,03F0301N_03F0217N,Weekday,早尖峰,563,827,264,0.4689165186500888,普通,9.38,13.78,4.4
L3_DAY_TYPE_TIME_PERIOD,03F0301N_03F0217N,Weekday,晚尖峰,356,385,29,0.08146067415730338,穩定,5.93,6.42,0.48
L3_DAY_TYPE_TIME_PERIOD,03F0301N_03F0217N,Weekend,凌晨,330,353,23,0.0696969696969697,穩定,5.5,5.88,0.38
L3_DAY_TYPE_TIME_PERIOD,03F0301N_03F0217N,Weekend,夜間,340,357,17,0.05,穩定,5.67,5.95,0.28
L3_DAY_TYPE_TIME_PERIOD,03F0301N_03F0217N,Weekend,日間,359,480,121,0.3370473537604457,普通,5.98,8.0,2.02
L3_DAY_TYPE_TIME_PERIOD,03F0301N_03F0217N,Weekend,早尖峰,343,452,109,0.3177842565597668,普通,5.72,7.53,1.82
L3_DAY_TYPE_TIME_PERIOD,03F0301N_03F0217N,Weekend,晚尖峰,350,373,23,0.06571428571428571,穩定,5.83,6.22,0.38
L3_DAY_TYPE_TIME_PERIOD,03F0301S_03F0337S,Weekday,凌晨,139,154,15,0.1079136690647482,穩定,2.32,2.57,0.25
L3_DAY_TYPE_TIME_PERIOD,03F0301S_03F0337S,Weekday,夜間,147,436,289,1.965986394557823,高風險,2.45,7.27,4.82
L3_DAY_TYPE_TIME_PERIOD,03F0301S_03F0337S,Weekday,日間,158,540,382,2.4177215189873418,高風險,2.63,9.0,6.37
L3_DAY_TYPE_TIME_PERIOD,03F0301S_03F0337S,Weekday,早尖峰,293,520,227,0.7747440273037542,不穩定,4.88,8.67,3.78
L3_DAY_TYPE_TIME_PERIOD,03F0301S_03F0337S,Weekday,晚尖峰,434,682,248,0.5714285714285714,不穩定,7.23,11.37,4.13
L3_DAY_TYPE_TIME_PERIOD,03F0301S_03F0337S,Weekend,凌晨,138,148,10,0.07246376811594203,穩定,2.3,2.47,0.17
L3_DAY_TYPE_TIME_PERIOD,03F0301S_03F0337S,Weekend,夜間,150,242,92,0.6133333333333333,不穩定,2.5,4.03,1.53
L3_DAY_TYPE_TIME_PERIOD,03F0301S_03F0337S,Weekend,日間,150,402,252,1.68,高風險,2.5,6.7,4.2
L3_DAY_TYPE_TIME_PERIOD,03F0301S_03F0337S,Weekend,早尖峰,141,152,11,0.07801418439716312,穩定,2.35,2.53,0.18
L3_DAY_TYPE_TIME_PERIOD,03F0301S_03F0337S,Weekend,晚尖峰,340,628,288,0.8470588235294118,不穩定,5.67,10.47,4.8
L3_DAY_TYPE_TIME_PERIOD,03F0337S_03F0385S,Weekday,凌晨,208,238,30,0.14423076923076922,穩定,3.47,3.97,0.5
L3_DAY_TYPE_TIME_PERIOD,03F0337S_03F0385S,Weekday,夜間,220,342,122,0.5545454545454546,不穩定,3.67,5.7,2.03
L3_DAY_TYPE_TIME_PERIOD,03F0337S_03F0385S,Weekday,日間,237,299,62,0.2616033755274262,普通,3.95,4.98,1.03
L3_DAY_TYPE_TIME_PERIOD,03F0337S_03F0385S,Weekday,早尖峰,249,284,35,0.14056224899598393,穩定,4.15,4.73,0.58
L3_DAY_TYPE_TIME_PERIOD,03F0337S_03F0385S,Weekday,晚尖峰,269,455,186,0.6914498141263941,不穩定,4.48,7.58,3.1
L3_DAY_TYPE_TIME_PERIOD,03F0337S_03F0385S,Weekend,凌晨,208,228,20,0.09615384615384616,穩定,3.47,3.8,0.33
L3_DAY_TYPE_TIME_PERIOD,03F0337S_03F0385S,Weekend,夜間,224,264,40,0.17857142857142858,穩定,3.73,4.4,0.67
L3_DAY_TYPE_TIME_PERIOD,03F0337S_03F0385S,Weekend,日間,228,288,60,0.2631578947368421,普通,3.8,4.8,1.0
L3_DAY_TYPE_TIME_PERIOD,03F0337S_03F0385S,Weekend,早尖峰,214,234,20,0.09345794392523364,穩定,3.57,3.9,0.33
L3_DAY_TYPE_TIME_PERIOD,03F0337S_03F0385S,Weekend,晚尖峰,260,330,70,0.2692307692307692,普通,4.33,5.5,1.17
L3_DAY_TYPE_TIME_PERIOD,03F0338N_03F0301N,Weekday,凌晨,139,156,17,0.1223021582733813,穩定,2.32,2.6,0.28
L3_DAY_TYPE_TIME_PERIOD,03F0338N_03F0301N,Weekday,夜間,142,165,23,0.1619718309859155,穩定,2.37,2.75,0.38
L3_DAY_TYPE_TIME_PERIOD,03F0338N_03F0301N,Weekday,日間,149,170,21,0.14093959731543623,穩定,2.48,2.83,0.35
L3_DAY_TYPE_TIME_PERIOD,03F0338N_03F0301N,Weekday,早尖峰,155,308,153,0.9870967741935484,不穩定,2.58,5.13,2.55
L3_DAY_TYPE_TIME_PERIOD,03F0338N_03F0301N,Weekday,晚尖峰,152,173,21,0.13815789473684212,穩定,2.53,2.88,0.35
L3_DAY_TYPE_TIME_PERIOD,03F0338N_03F0301N,Weekend,凌晨,138,148,10,0.07246376811594203,穩定,2.3,2.47,0.17
L3_DAY_TYPE_TIME_PERIOD,03F0338N_03F0301N,Weekend,夜間,144,153,9,0.0625,穩定,2.4,2.55,0.15
L3_DAY_TYPE_TIME_PERIOD,03F0338N_03F0301N,Weekend,日間,146,158,12,0.0821917808219178,穩定,2.43,2.63,0.2
L3_DAY_TYPE_TIME_PERIOD,03F0338N_03F0301N,Weekend,早尖峰,141,150,9,0.06382978723404255,穩定,2.35,2.5,0.15
L3_DAY_TYPE_TIME_PERIOD,03F0338N_03F0301N,Weekend,晚尖峰,147,161,14,0.09523809523809523,穩定,2.45,2.68,0.23
L3_DAY_TYPE_TIME_PERIOD,03F0385N_03F0338N,Weekday,凌晨,207,239,32,0.15458937198067632,穩定,3.45,3.98,0.53
L3_DAY_TYPE_TIME_PERIOD,03F0385N_03F0338N,Weekday,夜間,214,403,189,0.883177570093458,不穩定,3.57,6.72,3.15
L3_DAY_TYPE_TIME_PERIOD,03F0385N_03F0338N,Weekday,日間,232,785,553,2.3836206896551726,高風險,3.87,13.08,9.22
L3_DAY_TYPE_TIME_PERIOD,03F0385N_03F0338N,Weekday,早尖峰,439,796,357,0.8132118451025057,不穩定,7.32,13.27,5.95
L3_DAY_TYPE_TIME_PERIOD,03F0385N_03F0338N,Weekday,晚尖峰,326,636,310,0.950920245398773,不穩定,5.43,10.6,5.17
L3_DAY_TYPE_TIME_PERIOD,03F0385N_03F0338N,Weekend,凌晨,205,226,21,0.1024390243902439,穩定,3.42,3.77,0.35
L3_DAY_TYPE_TIME_PERIOD,03F0385N_03F0338N,Weekend,夜間,219,251,32,0.1461187214611872,穩定,3.65,4.18,0.53
L3_DAY_TYPE_TIME_PERIOD,03F0385N_03F0338N,Weekend,日間,228,584,356,1.5614035087719298,高風險,3.8,9.73,5.93
L3_DAY_TYPE_TIME_PERIOD,03F0385N_03F0338N,Weekend,早尖峰,211,232,21,0.0995260663507109,穩定,3.52,3.87,0.35
L3_DAY_TYPE_TIME_PERIOD,03F0385N_03F0338N,Weekend,晚尖峰,233,367,134,0.575107296137339,不穩定,3.88,6.12,2.23
L3_DAY_TYPE_TIME_PERIOD,03F0385S_03F0447S,Weekday,凌晨,189,227,38,0.20105820105820105,穩定,3.15,3.78,0.63
L3_DAY_TYPE_TIME_PERIOD,03F0385S_03F0447S,Weekday,夜間,203,714,511,2.5172413793103448,高風險,3.38,11.9,8.52
L3_DAY_TYPE_TIME_PERIOD,03F0385S_03F0447S,Weekday,日間,211,493,282,1.3364928909952607,高風險,3.52,8.22,4.7
L3_DAY_TYPE_TIME_PERIOD,03F0385S_03F0447S,Weekday,早尖峰,235,448,213,0.9063829787234042,不穩定,3.92,7.47,3.55
L3_DAY_TYPE_TIME_PERIOD,03F0385S_03F0447S,Weekday,晚尖峰,313,775,462,1.476038338658147,高風險,5.22,12.92,7.7
L3_DAY_TYPE_TIME_PERIOD,03F0385S_03F0447S,Weekend,凌晨,188,224,36,0.19148936170212766,穩定,3.13,3.73,0.6
L3_DAY_TYPE_TIME_PERIOD,03F0385S_03F0447S,Weekend,夜間,204,296,92,0.45098039215686275,普通,3.4,4.93,1.53
L3_DAY_TYPE_TIME_PERIOD,03F0385S_03F0447S,Weekend,日間,217,564,347,1.599078341013825,高風險,3.62,9.4,5.78
L3_DAY_TYPE_TIME_PERIOD,03F0385S_03F0447S,Weekend,早尖峰,196,279,83,0.42346938775510207,普通,3.27,4.65,1.38
L3_DAY_TYPE_TIME_PERIOD,03F0385S_03F0447S,Weekend,晚尖峰,290,727,437,1.506896551724138,高風險,4.83,12.12,7.28
L3_DAY_TYPE_TIME_PERIOD,03F0447N_03F0385N,Weekday,凌晨,186,229,43,0.23118279569892472,穩定,3.1,3.82,0.72
L3_DAY_TYPE_TIME_PERIOD,03F0447N_03F0385N,Weekday,夜間,193,253,60,0.31088082901554404,普通,3.22,4.22,1.0
L3_DAY_TYPE_TIME_PERIOD,03F0447N_03F0385N,Weekday,日間,206,385,179,0.8689320388349514,不穩定,3.43,6.42,2.98
L3_DAY_TYPE_TIME_PERIOD,03F0447N_03F0385N,Weekday,早尖峰,219,493,274,1.2511415525114156,高風險,3.65,8.22,4.57
L3_DAY_TYPE_TIME_PERIOD,03F0447N_03F0385N,Weekday,晚尖峰,232,442,210,0.9051724137931034,不穩定,3.87,7.37,3.5
L3_DAY_TYPE_TIME_PERIOD,03F0447N_03F0385N,Weekend,凌晨,184,223,39,0.21195652173913043,穩定,3.07,3.72,0.65
L3_DAY_TYPE_TIME_PERIOD,03F0447N_03F0385N,Weekend,夜間,206,251,45,0.21844660194174756,穩定,3.43,4.18,0.75
L3_DAY_TYPE_TIME_PERIOD,03F0447N_03F0385N,Weekend,日間,200,248,48,0.24,穩定,3.33,4.13,0.8
L3_DAY_TYPE_TIME_PERIOD,03F0447N_03F0385N,Weekend,早尖峰,187,225,38,0.20320855614973263,穩定,3.12,3.75,0.63
L3_DAY_TYPE_TIME_PERIOD,03F0447N_03F0385N,Weekend,晚尖峰,221,282,61,0.27601809954751133,普通,3.68,4.7,1.02
L3_DAY_TYPE_TIME_PERIOD,03F0447S_03F0498S,Weekday,凌晨,171,210,39,0.22807017543859648,穩定,2.85,3.5,0.65
L3_DAY_TYPE_TIME_PERIOD,03F0447S_03F0498S,Weekday,夜間,184,234,50,0.2717391304347826,普通,3.07,3.9,0.83
L3_DAY_TYPE_TIME_PERIOD,03F0447S_03F0498S,Weekday,日間,198,259,61,0.30808080808080807,普通,3.3,4.32,1.02
L3_DAY_TYPE_TIME_PERIOD,03F0447S_03F0498S,Weekday,早尖峰,213,245,32,0.15023474178403756,穩定,3.55,4.08,0.53
L3_DAY_TYPE_TIME_PERIOD,03F0447S_03F0498S,Weekday,晚尖峰,216,246,30,0.1388888888888889,穩定,3.6,4.1,0.5
L3_DAY_TYPE_TIME_PERIOD,03F0447S_03F0498S,Weekend,凌晨,171,194,23,0.13450292397660818,穩定,2.85,3.23,0.38
L3_DAY_TYPE_TIME_PERIOD,03F0447S_03F0498S,Weekend,夜間,186,224,38,0.20430107526881722,穩定,3.1,3.73,0.63
L3_DAY_TYPE_TIME_PERIOD,03F0447S_03F0498S,Weekend,日間,207,363,156,0.7536231884057971,不穩定,3.45,6.05,2.6
L3_DAY_TYPE_TIME_PERIOD,03F0447S_03F0498S,Weekend,早尖峰,182,248,66,0.3626373626373626,普通,3.03,4.13,1.1
L3_DAY_TYPE_TIME_PERIOD,03F0447S_03F0498S,Weekend,晚尖峰,221,249,28,0.12669683257918551,穩定,3.68,4.15,0.47
L3_DAY_TYPE_TIME_PERIOD,03F0498N_03F0447N,Weekday,凌晨,171,221,50,0.29239766081871343,普通,2.85,3.68,0.83
L3_DAY_TYPE_TIME_PERIOD,03F0498N_03F0447N,Weekday,夜間,179,266,87,0.4860335195530726,普通,2.98,4.43,1.45
L3_DAY_TYPE_TIME_PERIOD,03F0498N_03F0447N,Weekday,日間,192,400,208,1.0833333333333333,高風險,3.2,6.67,3.47
L3_DAY_TYPE_TIME_PERIOD,03F0498N_03F0447N,Weekday,早尖峰,218,440,222,1.018348623853211,高風險,3.63,7.33,3.7
L3_DAY_TYPE_TIME_PERIOD,03F0498N_03F0447N,Weekday,晚尖峰,255,475,220,0.8627450980392157,不穩定,4.25,7.92,3.67
L3_DAY_TYPE_TIME_PERIOD,03F0498N_03F0447N,Weekend,凌晨,169,195,26,0.15384615384615385,穩定,2.82,3.25,0.43
L3_DAY_TYPE_TIME_PERIOD,03F0498N_03F0447N,Weekend,夜間,192,325,133,0.6927083333333334,不穩定,3.2,5.42,2.22
L3_DAY_TYPE_TIME_PERIOD,03F0498N_03F0447N,Weekend,日間,190,421,231,1.2157894736842105,高風險,3.17,7.02,3.85
L3_DAY_TYPE_TIME_PERIOD,03F0498N_03F0447N,Weekend,早尖峰,173,194,21,0.12138728323699421,穩定,2.88,3.23,0.35
L3_DAY_TYPE_TIME_PERIOD,03F0498N_03F0447N,Weekend,晚尖峰,271,412,141,0.5202952029520295,不穩定,4.52,6.87,2.35
L3_DAY_TYPE_TIME_PERIOD,03F0498S_03F0525S,Weekday,凌晨,92,109,17,0.18478260869565216,穩定,1.53,1.82,0.28
L3_DAY_TYPE_TIME_PERIOD,03F0498S_03F0525S,Weekday,夜間,99,119,20,0.20202020202020202,穩定,1.65,1.98,0.33
L3_DAY_TYPE_TIME_PERIOD,03F0498S_03F0525S,Weekday,日間,107,251,144,1.3457943925233644,高風險,1.78,4.18,2.4
L3_DAY_TYPE_TIME_PERIOD,03F0498S_03F0525S,Weekday,早尖峰,106,185,79,0.7452830188679245,不穩定,1.77,3.08,1.32
L3_DAY_TYPE_TIME_PERIOD,03F0498S_03F0525S,Weekday,晚尖峰,105,128,23,0.21904761904761905,穩定,1.75,2.13,0.38
L3_DAY_TYPE_TIME_PERIOD,03F0498S_03F0525S,Weekend,凌晨,91,104,13,0.14285714285714285,穩定,1.52,1.73,0.22
L3_DAY_TYPE_TIME_PERIOD,03F0498S_03F0525S,Weekend,夜間,100,125,25,0.25,普通,1.67,2.08,0.42
L3_DAY_TYPE_TIME_PERIOD,03F0498S_03F0525S,Weekend,日間,103,456,353,3.4271844660194173,高風險,1.72,7.6,5.88
L3_DAY_TYPE_TIME_PERIOD,03F0498S_03F0525S,Weekend,早尖峰,98,236,138,1.4081632653061225,高風險,1.63,3.93,2.3
L3_DAY_TYPE_TIME_PERIOD,03F0498S_03F0525S,Weekend,晚尖峰,105,121,16,0.1523809523809524,穩定,1.75,2.02,0.27
L3_DAY_TYPE_TIME_PERIOD,03F0525N_03F0498N,Weekday,凌晨,91,110,19,0.2087912087912088,穩定,1.52,1.83,0.32
L3_DAY_TYPE_TIME_PERIOD,03F0525N_03F0498N,Weekday,夜間,95,126,31,0.3263157894736842,普通,1.58,2.1,0.52
L3_DAY_TYPE_TIME_PERIOD,03F0525N_03F0498N,Weekday,日間,98,119,21,0.21428571428571427,穩定,1.63,1.98,0.35
L3_DAY_TYPE_TIME_PERIOD,03F0525N_03F0498N,Weekday,早尖峰,98,198,100,1.0204081632653061,高風險,1.63,3.3,1.67
L3_DAY_TYPE_TIME_PERIOD,03F0525N_03F0498N,Weekday,晚尖峰,114,264,150,1.3157894736842106,高風險,1.9,4.4,2.5
L3_DAY_TYPE_TIME_PERIOD,03F0525N_03F0498N,Weekend,凌晨,90,104,14,0.15555555555555556,穩定,1.5,1.73,0.23
L3_DAY_TYPE_TIME_PERIOD,03F0525N_03F0498N,Weekend,夜間,102,210,108,1.0588235294117647,高風險,1.7,3.5,1.8
L3_DAY_TYPE_TIME_PERIOD,03F0525N_03F0498N,Weekend,日間,98,171,73,0.7448979591836735,不穩定,1.63,2.85,1.22
L3_DAY_TYPE_TIME_PERIOD,03F0525N_03F0498N,Weekend,早尖峰,91,101,10,0.10989010989010989,穩定,1.52,1.68,0.17
L3_DAY_TYPE_TIME_PERIOD,03F0525N_03F0498N,Weekend,晚尖峰,121,288,167,1.3801652892561984,高風險,2.02,4.8,2.78
L3_DAY_TYPE_TIME_PERIOD,03F0525S_01F0511N,Weekday,凌晨,573,2406,1833,3.1989528795811517,高風險,9.55,40.1,30.55
L3_DAY_TYPE_TIME_PERIOD,03F0525S_01F0511N,Weekday,夜間,584,1350,766,1.3116438356164384,高風險,9.73,22.5,12.77
L3_DAY_TYPE_TIME_PERIOD,03F0525S_01F0511N,Weekday,日間,654,1011,357,0.5458715596330275,不穩定,10.9,16.85,5.95
L3_DAY_TYPE_TIME_PERIOD,03F0525S_01F0511N,Weekday,早尖峰,751,1181,430,0.5725699067909454,不穩定,12.52,19.68,7.17
L3_DAY_TYPE_TIME_PERIOD,03F0525S_01F0511N,Weekday,晚尖峰,655,987,332,0.5068702290076336,不穩定,10.92,16.45,5.53
L3_DAY_TYPE_TIME_PERIOD,03F0525S_01F0511N,Weekend,凌晨,567,2212,1645,2.9012345679012346,高風險,9.45,36.87,27.42
L3_DAY_TYPE_TIME_PERIOD,03F0525S_01F0511N,Weekend,夜間,589,892,303,0.5144312393887945,不穩定,9.82,14.87,5.05
L3_DAY_TYPE_TIME_PERIOD,03F0525S_01F0511N,Weekend,日間,599,804,205,0.34223706176961605,普通,9.98,13.4,3.42
L3_DAY_TYPE_TIME_PERIOD,03F0525S_01F0511N,Weekend,早尖峰,564,1237,673,1.1932624113475176,高風險,9.4,20.62,11.22
L3_DAY_TYPE_TIME_PERIOD,03F0525S_01F0511N,Weekend,晚尖峰,618,757,139,0.22491909385113268,穩定,10.3,12.62,2.32
L3_DAY_TYPE_TIME_PERIOD,03F0525S_01F0532S,Weekday,凌晨,567,1760,1193,2.1040564373897706,高風險,9.45,29.33,19.88
L3_DAY_TYPE_TIME_PERIOD,03F0525S_01F0532S,Weekday,夜間,588,968,380,0.6462585034013606,不穩定,9.8,16.13,6.33
L3_DAY_TYPE_TIME_PERIOD,03F0525S_01F0532S,Weekday,日間,653,1191,538,0.8238897396630934,不穩定,10.88,19.85,8.97
L3_DAY_TYPE_TIME_PERIOD,03F0525S_01F0532S,Weekday,早尖峰,767,1270,503,0.6558018252933507,不穩定,12.78,21.17,8.38
L3_DAY_TYPE_TIME_PERIOD,03F0525S_01F0532S,Weekday,晚尖峰,676,1174,498,0.7366863905325444,不穩定,11.27,19.57,8.3
L3_DAY_TYPE_TIME_PERIOD,03F0525S_01F0532S,Weekend,凌晨,553,1666,1113,2.0126582278481013,高風險,9.22,27.77,18.55
L3_DAY_TYPE_TIME_PERIOD,03F0525S_01F0532S,Weekend,夜間,590,674,84,0.1423728813559322,穩定,9.83,11.23,1.4
L3_DAY_TYPE_TIME_PERIOD,03F0525S_01F0532S,Weekend,日間,608,1116,508,0.8355263157894737,不穩定,10.13,18.6,8.47
L3_DAY_TYPE_TIME_PERIOD,03F0525S_01F0532S,Weekend,早尖峰,575,1008,433,0.7530434782608696,不穩定,9.58,16.8,7.22
L3_DAY_TYPE_TIME_PERIOD,03F0525S_01F0532S,Weekend,晚尖峰,618,751,133,0.215210355987055,穩定,10.3,12.52,2.22
L3_DAY_TYPE_TIME_PERIOD,03F0525S_03F0559S,Weekday,凌晨,117,141,24,0.20512820512820512,穩定,1.95,2.35,0.4
L3_DAY_TYPE_TIME_PERIOD,03F0525S_03F0559S,Weekday,夜間,121,146,25,0.2066115702479339,穩定,2.02,2.43,0.42
L3_DAY_TYPE_TIME_PERIOD,03F0525S_03F0559S,Weekday,日間,134,248,114,0.8507462686567164,不穩定,2.23,4.13,1.9
L3_DAY_TYPE_TIME_PERIOD,03F0525S_03F0559S,Weekday,早尖峰,133,180,47,0.3533834586466165,普通,2.22,3.0,0.78
L3_DAY_TYPE_TIME_PERIOD,03F0525S_03F0559S,Weekday,晚尖峰,128,155,27,0.2109375,穩定,2.13,2.58,0.45
L3_DAY_TYPE_TIME_PERIOD,03F0525S_03F0559S,Weekend,凌晨,116,136,20,0.1724137931034483,穩定,1.93,2.27,0.33
L3_DAY_TYPE_TIME_PERIOD,03F0525S_03F0559S,Weekend,夜間,122,141,19,0.1557377049180328,穩定,2.03,2.35,0.32
L3_DAY_TYPE_TIME_PERIOD,03F0525S_03F0559S,Weekend,日間,131,556,425,3.2442748091603053,高風險,2.18,9.27,7.08
L3_DAY_TYPE_TIME_PERIOD,03F0525S_03F0559S,Weekend,早尖峰,126,387,261,2.0714285714285716,高風險,2.1,6.45,4.35
L3_DAY_TYPE_TIME_PERIOD,03F0525S_03F0559S,Weekend,晚尖峰,130,150,20,0.15384615384615385,穩定,2.17,2.5,0.33
L3_DAY_TYPE_TIME_PERIOD,03F0559N_01F0511N,Weekday,凌晨,545,1752,1207,2.214678899082569,高風險,9.08,29.2,20.12
L3_DAY_TYPE_TIME_PERIOD,03F0559N_01F0511N,Weekday,夜間,575,729,154,0.2678260869565217,普通,9.58,12.15,2.57
L3_DAY_TYPE_TIME_PERIOD,03F0559N_01F0511N,Weekday,日間,615,871,256,0.416260162601626,普通,10.25,14.52,4.27
L3_DAY_TYPE_TIME_PERIOD,03F0559N_01F0511N,Weekday,早尖峰,728,1090,362,0.49725274725274726,普通,12.13,18.17,6.03
L3_DAY_TYPE_TIME_PERIOD,03F0559N_01F0511N,Weekday,晚尖峰,656,859,203,0.3094512195121951,普通,10.93,14.32,3.38
L3_DAY_TYPE_TIME_PERIOD,03F0559N_01F0511N,Weekend,凌晨,539,1502,963,1.7866419294990723,高風險,8.98,25.03,16.05
L3_DAY_TYPE_TIME_PERIOD,03F0559N_01F0511N,Weekend,夜間,588,671,83,0.141156462585034,穩定,9.8,11.18,1.38
L3_DAY_TYPE_TIME_PERIOD,03F0559N_01F0511N,Weekend,日間,591,748,157,0.2656514382402707,普通,9.85,12.47,2.62
L3_DAY_TYPE_TIME_PERIOD,03F0559N_01F0511N,Weekend,早尖峰,555,645,90,0.16216216216216217,穩定,9.25,10.75,1.5
L3_DAY_TYPE_TIME_PERIOD,03F0559N_01F0511N,Weekend,晚尖峰,622,761,139,0.22347266881028938,穩定,10.37,12.68,2.32
L3_DAY_TYPE_TIME_PERIOD,03F0559N_01F0532S,Weekday,凌晨,2030,3289,1259,0.6201970443349754,不穩定,33.83,54.82,20.98
L3_DAY_TYPE_TIME_PERIOD,03F0559N_01F0532S,Weekday,夜間,1811,3200,1389,0.76697956929873,不穩定,30.18,53.33,23.15
L3_DAY_TYPE_TIME_PERIOD,03F0559N_01F0532S,Weekday,日間,1793,3220,1427,0.795872838817624,不穩定,29.88,53.67,23.78
L3_DAY_TYPE_TIME_PERIOD,03F0559N_01F0532S,Weekday,早尖峰,969,2997,2028,2.0928792569659445,高風險,16.15,49.95,33.8
L3_DAY_TYPE_TIME_PERIOD,03F0559N_01F0532S,Weekday,晚尖峰,1369,3172,1803,1.3170197224251279,高風險,22.82,52.87,30.05
L3_DAY_TYPE_TIME_PERIOD,03F0559N_01F0532S,Weekend,凌晨,1916,3236,1320,0.6889352818371608,不穩定,31.93,53.93,22.0
L3_DAY_TYPE_TIME_PERIOD,03F0559N_01F0532S,Weekend,夜間,1764,3119,1355,0.768140589569161,不穩定,29.4,51.98,22.58
L3_DAY_TYPE_TIME_PERIOD,03F0559N_01F0532S,Weekend,日間,1485,3092,1607,1.082154882154882,高風險,24.75,51.53,26.78
L3_DAY_TYPE_TIME_PERIOD,03F0559N_01F0532S,Weekend,早尖峰,1758,3201,1443,0.8208191126279863,不穩定,29.3,53.35,24.05
L3_DAY_TYPE_TIME_PERIOD,03F0559N_01F0532S,Weekend,晚尖峰,1333,3005,1672,1.2543135783945987,高風險,22.22,50.08,27.87
L3_DAY_TYPE_TIME_PERIOD,03F0559N_03F0525N,Weekday,凌晨,115,140,25,0.21739130434782608,穩定,1.92,2.33,0.42
L3_DAY_TYPE_TIME_PERIOD,03F0559N_03F0525N,Weekday,夜間,119,253,134,1.1260504201680672,高風險,1.98,4.22,2.23
L3_DAY_TYPE_TIME_PERIOD,03F0559N_03F0525N,Weekday,日間,122,147,25,0.20491803278688525,穩定,2.03,2.45,0.42
L3_DAY_TYPE_TIME_PERIOD,03F0559N_03F0525N,Weekday,早尖峰,119,141,22,0.18487394957983194,穩定,1.98,2.35,0.37
L3_DAY_TYPE_TIME_PERIOD,03F0559N_03F0525N,Weekday,晚尖峰,148,364,216,1.4594594594594594,高風險,2.47,6.07,3.6
L3_DAY_TYPE_TIME_PERIOD,03F0559N_03F0525N,Weekend,凌晨,113,136,23,0.20353982300884957,穩定,1.88,2.27,0.38
L3_DAY_TYPE_TIME_PERIOD,03F0559N_03F0525N,Weekend,夜間,129,315,186,1.441860465116279,高風險,2.15,5.25,3.1
L3_DAY_TYPE_TIME_PERIOD,03F0559N_03F0525N,Weekend,日間,123,172,49,0.3983739837398374,普通,2.05,2.87,0.82
L3_DAY_TYPE_TIME_PERIOD,03F0559N_03F0525N,Weekend,早尖峰,115,128,13,0.11304347826086956,穩定,1.92,2.13,0.22
L3_DAY_TYPE_TIME_PERIOD,03F0559N_03F0525N,Weekend,晚尖峰,148,371,223,1.5067567567567568,高風險,2.47,6.18,3.72
L3_DAY_TYPE_TIME_PERIOD,03F0559S_03F0648S,Weekday,凌晨,300,371,71,0.23666666666666666,穩定,5.0,6.18,1.18
L3_DAY_TYPE_TIME_PERIOD,03F0559S_03F0648S,Weekday,夜間,313,415,102,0.3258785942492013,普通,5.22,6.92,1.7
L3_DAY_TYPE_TIME_PERIOD,03F0559S_03F0648S,Weekday,日間,350,684,334,0.9542857142857143,不穩定,5.83,11.4,5.57
L3_DAY_TYPE_TIME_PERIOD,03F0559S_03F0648S,Weekday,早尖峰,372,644,272,0.7311827956989247,不穩定,6.2,10.73,4.53
L3_DAY_TYPE_TIME_PERIOD,03F0559S_03F0648S,Weekday,晚尖峰,331,478,147,0.44410876132930516,普通,5.52,7.97,2.45
L3_DAY_TYPE_TIME_PERIOD,03F0559S_03F0648S,Weekend,凌晨,297,358,61,0.2053872053872054,穩定,4.95,5.97,1.02
L3_DAY_TYPE_TIME_PERIOD,03F0559S_03F0648S,Weekend,夜間,312,347,35,0.11217948717948718,穩定,5.2,5.78,0.58
L3_DAY_TYPE_TIME_PERIOD,03F0559S_03F0648S,Weekend,日間,358,1209,851,2.377094972067039,高風險,5.97,20.15,14.18
L3_DAY_TYPE_TIME_PERIOD,03F0559S_03F0648S,Weekend,早尖峰,334,991,657,1.967065868263473,高風險,5.57,16.52,10.95
L3_DAY_TYPE_TIME_PERIOD,03F0559S_03F0648S,Weekend,晚尖峰,331,436,105,0.31722054380664655,普通,5.52,7.27,1.75
L3_DAY_TYPE_TIME_PERIOD,03F0648N_03F0559N,Weekday,凌晨,295,358,63,0.2135593220338983,穩定,4.92,5.97,1.05
L3_DAY_TYPE_TIME_PERIOD,03F0648N_03F0559N,Weekday,夜間,306,556,250,0.8169934640522876,不穩定,5.1,9.27,4.17
L3_DAY_TYPE_TIME_PERIOD,03F0648N_03F0559N,Weekday,日間,317,391,74,0.2334384858044164,穩定,5.28,6.52,1.23
L3_DAY_TYPE_TIME_PERIOD,03F0648N_03F0559N,Weekday,早尖峰,305,352,47,0.1540983606557377,穩定,5.08,5.87,0.78
L3_DAY_TYPE_TIME_PERIOD,03F0648N_03F0559N,Weekday,晚尖峰,388,975,587,1.5128865979381443,高風險,6.47,16.25,9.78
L3_DAY_TYPE_TIME_PERIOD,03F0648N_03F0559N,Weekend,凌晨,291,357,66,0.2268041237113402,穩定,4.85,5.95,1.1
L3_DAY_TYPE_TIME_PERIOD,03F0648N_03F0559N,Weekend,夜間,331,931,600,1.8126888217522659,高風險,5.52,15.52,10.0
L3_DAY_TYPE_TIME_PERIOD,03F0648N_03F0559N,Weekend,日間,324,624,300,0.9259259259259259,不穩定,5.4,10.4,5.0
L3_DAY_TYPE_TIME_PERIOD,03F0648N_03F0559N,Weekend,早尖峰,294,326,32,0.10884353741496598,穩定,4.9,5.43,0.53
L3_DAY_TYPE_TIME_PERIOD,03F0648N_03F0559N,Weekend,晚尖峰,552,1023,471,0.8532608695652174,不穩定,9.2,17.05,7.85
L3_DAY_TYPE_TIME_PERIOD,03F0648S_03F0698S,Weekday,凌晨,172,213,41,0.23837209302325582,穩定,2.87,3.55,0.68
L3_DAY_TYPE_TIME_PERIOD,03F0648S_03F0698S,Weekday,夜間,176,232,56,0.3181818181818182,普通,2.93,3.87,0.93
L3_DAY_TYPE_TIME_PERIOD,03F0648S_03F0698S,Weekday,日間,191,234,43,0.225130890052356,穩定,3.18,3.9,0.72
L3_DAY_TYPE_TIME_PERIOD,03F0648S_03F0698S,Weekday,早尖峰,200,250,50,0.25,普通,3.33,4.17,0.83
L3_DAY_TYPE_TIME_PERIOD,03F0648S_03F0698S,Weekday,晚尖峰,182,219,37,0.2032967032967033,穩定,3.03,3.65,0.62
L3_DAY_TYPE_TIME_PERIOD,03F0648S_03F0698S,Weekend,凌晨,170,208,38,0.2235294117647059,穩定,2.83,3.47,0.63
L3_DAY_TYPE_TIME_PERIOD,03F0648S_03F0698S,Weekend,夜間,175,195,20,0.11428571428571428,穩定,2.92,3.25,0.33
L3_DAY_TYPE_TIME_PERIOD,03F0648S_03F0698S,Weekend,日間,196,662,466,2.377551020408163,高風險,3.27,11.03,7.77
L3_DAY_TYPE_TIME_PERIOD,03F0648S_03F0698S,Weekend,早尖峰,192,477,285,1.484375,高風險,3.2,7.95,4.75
L3_DAY_TYPE_TIME_PERIOD,03F0648S_03F0698S,Weekend,晚尖峰,185,225,40,0.21621621621621623,穩定,3.08,3.75,0.67
L3_DAY_TYPE_TIME_PERIOD,03F0698N_03F0648N,Weekday,凌晨,171,209,38,0.2222222222222222,穩定,2.85,3.48,0.63
L3_DAY_TYPE_TIME_PERIOD,03F0698N_03F0648N,Weekday,夜間,175,214,39,0.22285714285714286,穩定,2.92,3.57,0.65
L3_DAY_TYPE_TIME_PERIOD,03F0698N_03F0648N,Weekday,日間,178,209,31,0.17415730337078653,穩定,2.97,3.48,0.52
L3_DAY_TYPE_TIME_PERIOD,03F0698N_03F0648N,Weekday,早尖峰,171,202,31,0.18128654970760233,穩定,2.85,3.37,0.52
L3_DAY_TYPE_TIME_PERIOD,03F0698N_03F0648N,Weekday,晚尖峰,200,543,343,1.715,高風險,3.33,9.05,5.72
L3_DAY_TYPE_TIME_PERIOD,03F0698N_03F0648N,Weekend,凌晨,167,219,52,0.31137724550898205,普通,2.78,3.65,0.87
L3_DAY_TYPE_TIME_PERIOD,03F0698N_03F0648N,Weekend,夜間,190,670,480,2.526315789473684,高風險,3.17,11.17,8.0
L3_DAY_TYPE_TIME_PERIOD,03F0698N_03F0648N,Weekend,日間,183,494,311,1.6994535519125684,高風險,3.05,8.23,5.18
L3_DAY_TYPE_TIME_PERIOD,03F0698N_03F0648N,Weekend,早尖峰,168,192,24,0.14285714285714285,穩定,2.8,3.2,0.4
L3_DAY_TYPE_TIME_PERIOD,03F0698N_03F0648N,Weekend,晚尖峰,297,841,544,1.8316498316498318,高風險,4.95,14.02,9.07
L3_DAY_TYPE_TIME_PERIOD,03F0698S_03F0746S,Weekday,凌晨,163,260,97,0.5950920245398773,不穩定,2.72,4.33,1.62
L3_DAY_TYPE_TIME_PERIOD,03F0698S_03F0746S,Weekday,夜間,164,214,50,0.3048780487804878,普通,2.73,3.57,0.83
L3_DAY_TYPE_TIME_PERIOD,03F0698S_03F0746S,Weekday,日間,172,244,72,0.4186046511627907,普通,2.87,4.07,1.2
L3_DAY_TYPE_TIME_PERIOD,03F0698S_03F0746S,Weekday,早尖峰,174,206,32,0.1839080459770115,穩定,2.9,3.43,0.53
L3_DAY_TYPE_TIME_PERIOD,03F0698S_03F0746S,Weekday,晚尖峰,166,205,39,0.23493975903614459,穩定,2.77,3.42,0.65
L3_DAY_TYPE_TIME_PERIOD,03F0698S_03F0746S,Weekend,凌晨,160,212,52,0.325,普通,2.67,3.53,0.87
L3_DAY_TYPE_TIME_PERIOD,03F0698S_03F0746S,Weekend,夜間,163,177,14,0.08588957055214724,穩定,2.72,2.95,0.23
L3_DAY_TYPE_TIME_PERIOD,03F0698S_03F0746S,Weekend,日間,175,506,331,1.8914285714285715,高風險,2.92,8.43,5.52
L3_DAY_TYPE_TIME_PERIOD,03F0698S_03F0746S,Weekend,早尖峰,174,287,113,0.6494252873563219,不穩定,2.9,4.78,1.88
L3_DAY_TYPE_TIME_PERIOD,03F0698S_03F0746S,Weekend,晚尖峰,168,198,30,0.17857142857142858,穩定,2.8,3.3,0.5
L3_DAY_TYPE_TIME_PERIOD,03F0746N_03F0698N,Weekday,凌晨,162,261,99,0.6111111111111112,不穩定,2.7,4.35,1.65
L3_DAY_TYPE_TIME_PERIOD,03F0746N_03F0698N,Weekday,夜間,165,207,42,0.2545454545454545,普通,2.75,3.45,0.7
L3_DAY_TYPE_TIME_PERIOD,03F0746N_03F0698N,Weekday,日間,166,217,51,0.3072289156626506,普通,2.77,3.62,0.85
L3_DAY_TYPE_TIME_PERIOD,03F0746N_03F0698N,Weekday,早尖峰,160,215,55,0.34375,普通,2.67,3.58,0.92
L3_DAY_TYPE_TIME_PERIOD,03F0746N_03F0698N,Weekday,晚尖峰,181,492,311,1.718232044198895,高風險,3.02,8.2,5.18
L3_DAY_TYPE_TIME_PERIOD,03F0746N_03F0698N,Weekend,凌晨,159,266,107,0.6729559748427673,不穩定,2.65,4.43,1.78
L3_DAY_TYPE_TIME_PERIOD,03F0746N_03F0698N,Weekend,夜間,176,498,322,1.8295454545454546,高風險,2.93,8.3,5.37
L3_DAY_TYPE_TIME_PERIOD,03F0746N_03F0698N,Weekend,日間,169,399,230,1.3609467455621302,高風險,2.82,6.65,3.83
L3_DAY_TYPE_TIME_PERIOD,03F0746N_03F0698N,Weekend,早尖峰,159,184,25,0.15723270440251572,穩定,2.65,3.07,0.42
L3_DAY_TYPE_TIME_PERIOD,03F0746N_03F0698N,Weekend,晚尖峰,272,831,559,2.0551470588235294,高風險,4.53,13.85,9.32
L3_DAY_TYPE_TIME_PERIOD,03F0746S_03F0783S,Weekday,凌晨,122,147,25,0.20491803278688525,穩定,2.03,2.45,0.42
L3_DAY_TYPE_TIME_PERIOD,03F0746S_03F0783S,Weekday,夜間,122,144,22,0.18032786885245902,穩定,2.03,2.4,0.37
L3_DAY_TYPE_TIME_PERIOD,03F0746S_03F0783S,Weekday,日間,126,144,18,0.14285714285714285,穩定,2.1,2.4,0.3
L3_DAY_TYPE_TIME_PERIOD,03F0746S_03F0783S,Weekday,早尖峰,127,142,15,0.11811023622047244,穩定,2.12,2.37,0.25
L3_DAY_TYPE_TIME_PERIOD,03F0746S_03F0783S,Weekday,晚尖峰,124,143,19,0.1532258064516129,穩定,2.07,2.38,0.32
L3_DAY_TYPE_TIME_PERIOD,03F0746S_03F0783S,Weekend,凌晨,120,142,22,0.18333333333333332,穩定,2.0,2.37,0.37
L3_DAY_TYPE_TIME_PERIOD,03F0746S_03F0783S,Weekend,夜間,122,130,8,0.06557377049180328,穩定,2.03,2.17,0.13
L3_DAY_TYPE_TIME_PERIOD,03F0746S_03F0783S,Weekend,日間,128,160,32,0.25,普通,2.13,2.67,0.53
L3_DAY_TYPE_TIME_PERIOD,03F0746S_03F0783S,Weekend,早尖峰,127,156,29,0.2283464566929134,穩定,2.12,2.6,0.48
L3_DAY_TYPE_TIME_PERIOD,03F0746S_03F0783S,Weekend,晚尖峰,125,143,18,0.144,穩定,2.08,2.38,0.3
L3_DAY_TYPE_TIME_PERIOD,03F0783N_03F0746N,Weekday,凌晨,127,168,41,0.3228346456692913,普通,2.12,2.8,0.68
L3_DAY_TYPE_TIME_PERIOD,03F0783N_03F0746N,Weekday,夜間,127,150,23,0.18110236220472442,穩定,2.12,2.5,0.38
L3_DAY_TYPE_TIME_PERIOD,03F0783N_03F0746N,Weekday,日間,128,153,25,0.1953125,穩定,2.13,2.55,0.42
L3_DAY_TYPE_TIME_PERIOD,03F0783N_03F0746N,Weekday,早尖峰,123,155,32,0.2601626016260163,普通,2.05,2.58,0.53
L3_DAY_TYPE_TIME_PERIOD,03F0783N_03F0746N,Weekday,晚尖峰,132,158,26,0.19696969696969696,穩定,2.2,2.63,0.43
L3_DAY_TYPE_TIME_PERIOD,03F0783N_03F0746N,Weekend,凌晨,125,221,96,0.768,不穩定,2.08,3.68,1.6
L3_DAY_TYPE_TIME_PERIOD,03F0783N_03F0746N,Weekend,夜間,133,309,176,1.3233082706766917,高風險,2.22,5.15,2.93
L3_DAY_TYPE_TIME_PERIOD,03F0783N_03F0746N,Weekend,日間,129,200,71,0.5503875968992248,不穩定,2.15,3.33,1.18
L3_DAY_TYPE_TIME_PERIOD,03F0783N_03F0746N,Weekend,早尖峰,123,147,24,0.1951219512195122,穩定,2.05,2.45,0.4
L3_DAY_TYPE_TIME_PERIOD,03F0783N_03F0746N,Weekend,晚尖峰,141,514,373,2.645390070921986,高風險,2.35,8.57,6.22
L3_DAY_TYPE_TIME_PERIOD,03F0783S_03F0846S,Weekday,凌晨,211,257,46,0.21800947867298578,穩定,3.52,4.28,0.77
L3_DAY_TYPE_TIME_PERIOD,03F0783S_03F0846S,Weekday,夜間,212,252,40,0.18867924528301888,穩定,3.53,4.2,0.67
L3_DAY_TYPE_TIME_PERIOD,03F0783S_03F0846S,Weekday,日間,220,252,32,0.14545454545454545,穩定,3.67,4.2,0.53
L3_DAY_TYPE_TIME_PERIOD,03F0783S_03F0846S,Weekday,早尖峰,222,248,26,0.11711711711711711,穩定,3.7,4.13,0.43
L3_DAY_TYPE_TIME_PERIOD,03F0783S_03F0846S,Weekday,晚尖峰,216,251,35,0.16203703703703703,穩定,3.6,4.18,0.58
L3_DAY_TYPE_TIME_PERIOD,03F0783S_03F0846S,Weekend,凌晨,208,248,40,0.19230769230769232,穩定,3.47,4.13,0.67
L3_DAY_TYPE_TIME_PERIOD,03F0783S_03F0846S,Weekend,夜間,212,228,16,0.07547169811320754,穩定,3.53,3.8,0.27
L3_DAY_TYPE_TIME_PERIOD,03F0783S_03F0846S,Weekend,日間,223,282,59,0.2645739910313901,普通,3.72,4.7,0.98
L3_DAY_TYPE_TIME_PERIOD,03F0783S_03F0846S,Weekend,早尖峰,220,253,33,0.15,穩定,3.67,4.22,0.55
L3_DAY_TYPE_TIME_PERIOD,03F0783S_03F0846S,Weekend,晚尖峰,219,257,38,0.1735159817351598,穩定,3.65,4.28,0.63
L3_DAY_TYPE_TIME_PERIOD,03F0846N_03F0783N,Weekday,凌晨,211,266,55,0.26066350710900477,普通,3.52,4.43,0.92
L3_DAY_TYPE_TIME_PERIOD,03F0846N_03F0783N,Weekday,夜間,211,249,38,0.18009478672985782,穩定,3.52,4.15,0.63
L3_DAY_TYPE_TIME_PERIOD,03F0846N_03F0783N,Weekday,日間,214,252,38,0.17757009345794392,穩定,3.57,4.2,0.63
L3_DAY_TYPE_TIME_PERIOD,03F0846N_03F0783N,Weekday,早尖峰,208,253,45,0.21634615384615385,穩定,3.47,4.22,0.75
L3_DAY_TYPE_TIME_PERIOD,03F0846N_03F0783N,Weekday,晚尖峰,223,254,31,0.13901345291479822,穩定,3.72,4.23,0.52
L3_DAY_TYPE_TIME_PERIOD,03F0846N_03F0783N,Weekend,凌晨,207,265,58,0.28019323671497587,普通,3.45,4.42,0.97
L3_DAY_TYPE_TIME_PERIOD,03F0846N_03F0783N,Weekend,夜間,221,297,76,0.3438914027149321,普通,3.68,4.95,1.27
L3_DAY_TYPE_TIME_PERIOD,03F0846N_03F0783N,Weekend,日間,217,254,37,0.17050691244239632,穩定,3.62,4.23,0.62
L3_DAY_TYPE_TIME_PERIOD,03F0846N_03F0783N,Weekend,早尖峰,208,237,29,0.13942307692307693,穩定,3.47,3.95,0.48
L3_DAY_TYPE_TIME_PERIOD,03F0846N_03F0783N,Weekend,晚尖峰,235,349,114,0.4851063829787234,普通,3.92,5.82,1.9
L3_DAY_TYPE_TIME_PERIOD,03F0846S_03F0961S,Weekday,凌晨,388,483,95,0.24484536082474226,穩定,6.47,8.05,1.58
L3_DAY_TYPE_TIME_PERIOD,03F0846S_03F0961S,Weekday,夜間,386,470,84,0.21761658031088082,穩定,6.43,7.83,1.4
L3_DAY_TYPE_TIME_PERIOD,03F0846S_03F0961S,Weekday,日間,398,468,70,0.17587939698492464,穩定,6.63,7.8,1.17
L3_DAY_TYPE_TIME_PERIOD,03F0846S_03F0961S,Weekday,早尖峰,403,488,85,0.2109181141439206,穩定,6.72,8.13,1.42
L3_DAY_TYPE_TIME_PERIOD,03F0846S_03F0961S,Weekday,晚尖峰,390,465,75,0.19230769230769232,穩定,6.5,7.75,1.25
L3_DAY_TYPE_TIME_PERIOD,03F0846S_03F0961S,Weekend,凌晨,379,469,90,0.23746701846965698,穩定,6.32,7.82,1.5
L3_DAY_TYPE_TIME_PERIOD,03F0846S_03F0961S,Weekend,夜間,383,411,28,0.0731070496083551,穩定,6.38,6.85,0.47
L3_DAY_TYPE_TIME_PERIOD,03F0846S_03F0961S,Weekend,日間,402,479,77,0.19154228855721392,穩定,6.7,7.98,1.28
L3_DAY_TYPE_TIME_PERIOD,03F0846S_03F0961S,Weekend,早尖峰,398,470,72,0.18090452261306533,穩定,6.63,7.83,1.2
L3_DAY_TYPE_TIME_PERIOD,03F0846S_03F0961S,Weekend,晚尖峰,394,458,64,0.16243654822335024,穩定,6.57,7.63,1.07
L3_DAY_TYPE_TIME_PERIOD,03F0961N_03F0846N,Weekday,凌晨,390,488,98,0.2512820512820513,普通,6.5,8.13,1.63
L3_DAY_TYPE_TIME_PERIOD,03F0961N_03F0846N,Weekday,夜間,386,466,80,0.20725388601036268,穩定,6.43,7.77,1.33
L3_DAY_TYPE_TIME_PERIOD,03F0961N_03F0846N,Weekday,日間,389,460,71,0.18251928020565553,穩定,6.48,7.67,1.18
L3_DAY_TYPE_TIME_PERIOD,03F0961N_03F0846N,Weekday,早尖峰,380,462,82,0.21578947368421053,穩定,6.33,7.7,1.37
L3_DAY_TYPE_TIME_PERIOD,03F0961N_03F0846N,Weekday,晚尖峰,406,529,123,0.30295566502463056,普通,6.77,8.82,2.05
L3_DAY_TYPE_TIME_PERIOD,03F0961N_03F0846N,Weekend,凌晨,379,511,132,0.3482849604221636,普通,6.32,8.52,2.2
L3_DAY_TYPE_TIME_PERIOD,03F0961N_03F0846N,Weekend,夜間,404,535,131,0.32425742574257427,普通,6.73,8.92,2.18
L3_DAY_TYPE_TIME_PERIOD,03F0961N_03F0846N,Weekend,日間,393,560,167,0.42493638676844786,普通,6.55,9.33,2.78
L3_DAY_TYPE_TIME_PERIOD,03F0961N_03F0846N,Weekend,早尖峰,378,432,54,0.14285714285714285,穩定,6.3,7.2,0.9
L3_DAY_TYPE_TIME_PERIOD,03F0961N_03F0846N,Weekend,晚尖峰,433,723,290,0.6697459584295612,不穩定,7.22,12.05,4.83
L3_DAY_TYPE_TIME_PERIOD,03F0961S_03F0996S,Weekday,凌晨,120,144,24,0.2,穩定,2.0,2.4,0.4
L3_DAY_TYPE_TIME_PERIOD,03F0961S_03F0996S,Weekday,夜間,120,140,20,0.16666666666666666,穩定,2.0,2.33,0.33
L3_DAY_TYPE_TIME_PERIOD,03F0961S_03F0996S,Weekday,日間,121,139,18,0.1487603305785124,穩定,2.02,2.32,0.3
L3_DAY_TYPE_TIME_PERIOD,03F0961S_03F0996S,Weekday,早尖峰,123,162,39,0.3170731707317073,普通,2.05,2.7,0.65
L3_DAY_TYPE_TIME_PERIOD,03F0961S_03F0996S,Weekday,晚尖峰,121,141,20,0.1652892561983471,穩定,2.02,2.35,0.33
L3_DAY_TYPE_TIME_PERIOD,03F0961S_03F0996S,Weekend,凌晨,117,139,22,0.18803418803418803,穩定,1.95,2.32,0.37
L3_DAY_TYPE_TIME_PERIOD,03F0961S_03F0996S,Weekend,夜間,119,128,9,0.07563025210084033,穩定,1.98,2.13,0.15
L3_DAY_TYPE_TIME_PERIOD,03F0961S_03F0996S,Weekend,日間,122,151,29,0.23770491803278687,穩定,2.03,2.52,0.48
L3_DAY_TYPE_TIME_PERIOD,03F0961S_03F0996S,Weekend,早尖峰,120,135,15,0.125,穩定,2.0,2.25,0.25
L3_DAY_TYPE_TIME_PERIOD,03F0961S_03F0996S,Weekend,晚尖峰,121,133,12,0.09917355371900827,穩定,2.02,2.22,0.2
L3_DAY_TYPE_TIME_PERIOD,03F0996N_03F0961N,Weekday,凌晨,124,161,37,0.29838709677419356,普通,2.07,2.68,0.62
L3_DAY_TYPE_TIME_PERIOD,03F0996N_03F0961N,Weekday,夜間,122,149,27,0.22131147540983606,穩定,2.03,2.48,0.45
L3_DAY_TYPE_TIME_PERIOD,03F0996N_03F0961N,Weekday,日間,123,150,27,0.21951219512195122,穩定,2.05,2.5,0.45
L3_DAY_TYPE_TIME_PERIOD,03F0996N_03F0961N,Weekday,早尖峰,122,152,30,0.2459016393442623,穩定,2.03,2.53,0.5
L3_DAY_TYPE_TIME_PERIOD,03F0996N_03F0961N,Weekday,晚尖峰,127,148,21,0.16535433070866143,穩定,2.12,2.47,0.35
L3_DAY_TYPE_TIME_PERIOD,03F0996N_03F0961N,Weekend,凌晨,119,241,122,1.0252100840336134,高風險,1.98,4.02,2.03
L3_DAY_TYPE_TIME_PERIOD,03F0996N_03F0961N,Weekend,夜間,126,263,137,1.0873015873015872,高風險,2.1,4.38,2.28
L3_DAY_TYPE_TIME_PERIOD,03F0996N_03F0961N,Weekend,日間,124,173,49,0.3951612903225806,普通,2.07,2.88,0.82
L3_DAY_TYPE_TIME_PERIOD,03F0996N_03F0961N,Weekend,早尖峰,120,138,18,0.15,穩定,2.0,2.3,0.3
L3_DAY_TYPE_TIME_PERIOD,03F0996N_03F0961N,Weekend,晚尖峰,134,263,129,0.9626865671641791,不穩定,2.23,4.38,2.15
L3_DAY_TYPE_TIME_PERIOD,03F0996S_01F0979N,Weekday,凌晨,88,858,770,8.75,高風險,1.47,14.3,12.83
L3_DAY_TYPE_TIME_PERIOD,03F0996S_01F0979N,Weekday,夜間,91,104,13,0.14285714285714285,穩定,1.52,1.73,0.22
L3_DAY_TYPE_TIME_PERIOD,03F0996S_01F0979N,Weekday,日間,92,137,45,0.4891304347826087,普通,1.53,2.28,0.75
L3_DAY_TYPE_TIME_PERIOD,03F0996S_01F0979N,Weekday,早尖峰,218,727,509,2.334862385321101,高風險,3.63,12.12,8.48
L3_DAY_TYPE_TIME_PERIOD,03F0996S_01F0979N,Weekday,晚尖峰,95,120,25,0.2631578947368421,普通,1.58,2.0,0.42
L3_DAY_TYPE_TIME_PERIOD,03F0996S_01F0979N,Weekend,凌晨,87,789,702,8.068965517241379,高風險,1.45,13.15,11.7
L3_DAY_TYPE_TIME_PERIOD,03F0996S_01F0979N,Weekend,夜間,93,176,83,0.8924731182795699,不穩定,1.55,2.93,1.38
L3_DAY_TYPE_TIME_PERIOD,03F0996S_01F0979N,Weekend,日間,92,118,26,0.2826086956521739,普通,1.53,1.97,0.43
L3_DAY_TYPE_TIME_PERIOD,03F0996S_01F0979N,Weekend,早尖峰,88,100,12,0.13636363636363635,穩定,1.47,1.67,0.2
L3_DAY_TYPE_TIME_PERIOD,03F0996S_01F0979N,Weekend,晚尖峰,97,235,138,1.422680412371134,高風險,1.62,3.92,2.3
L3_DAY_TYPE_TIME_PERIOD,03F0996S_01F1045S,Weekday,凌晨,241,283,42,0.17427385892116182,穩定,4.02,4.72,0.7
L3_DAY_TYPE_TIME_PERIOD,03F0996S_01F1045S,Weekday,夜間,248,411,163,0.657258064516129,不穩定,4.13,6.85,2.72
L3_DAY_TYPE_TIME_PERIOD,03F0996S_01F1045S,Weekday,日間,248,273,25,0.10080645161290322,穩定,4.13,4.55,0.42
L3_DAY_TYPE_TIME_PERIOD,03F0996S_01F1045S,Weekday,早尖峰,245,274,29,0.11836734693877551,穩定,4.08,4.57,0.48
L3_DAY_TYPE_TIME_PERIOD,03F0996S_01F1045S,Weekday,晚尖峰,251,295,44,0.1752988047808765,穩定,4.18,4.92,0.73
L3_DAY_TYPE_TIME_PERIOD,03F0996S_01F1045S,Weekend,凌晨,239,279,40,0.16736401673640167,穩定,3.98,4.65,0.67
L3_DAY_TYPE_TIME_PERIOD,03F0996S_01F1045S,Weekend,夜間,246,261,15,0.06097560975609756,穩定,4.1,4.35,0.25
L3_DAY_TYPE_TIME_PERIOD,03F0996S_01F1045S,Weekend,日間,254,531,277,1.0905511811023623,高風險,4.23,8.85,4.62
L3_DAY_TYPE_TIME_PERIOD,03F0996S_01F1045S,Weekend,早尖峰,248,340,92,0.3709677419354839,普通,4.13,5.67,1.53
L3_DAY_TYPE_TIME_PERIOD,03F0996S_01F1045S,Weekend,晚尖峰,249,356,107,0.42971887550200805,普通,4.15,5.93,1.78
L3_DAY_TYPE_TIME_PERIOD,03F0996S_03F1022S,Weekday,凌晨,90,110,20,0.2222222222222222,穩定,1.5,1.83,0.33
L3_DAY_TYPE_TIME_PERIOD,03F0996S_03F1022S,Weekday,夜間,89,108,19,0.21348314606741572,穩定,1.48,1.8,0.32
L3_DAY_TYPE_TIME_PERIOD,03F0996S_03F1022S,Weekday,日間,90,105,15,0.16666666666666666,穩定,1.5,1.75,0.25
L3_DAY_TYPE_TIME_PERIOD,03F0996S_03F1022S,Weekday,早尖峰,89,103,14,0.15730337078651685,穩定,1.48,1.72,0.23
L3_DAY_TYPE_TIME_PERIOD,03F0996S_03F1022S,Weekday,晚尖峰,92,209,117,1.2717391304347827,高風險,1.53,3.48,1.95
L3_DAY_TYPE_TIME_PERIOD,03F0996S_03F1022S,Weekend,凌晨,87,106,19,0.21839080459770116,穩定,1.45,1.77,0.32
L3_DAY_TYPE_TIME_PERIOD,03F0996S_03F1022S,Weekend,夜間,88,95,7,0.07954545454545454,穩定,1.47,1.58,0.12
L3_DAY_TYPE_TIME_PERIOD,03F0996S_03F1022S,Weekend,日間,90,111,21,0.23333333333333334,穩定,1.5,1.85,0.35
L3_DAY_TYPE_TIME_PERIOD,03F0996S_03F1022S,Weekend,早尖峰,89,103,14,0.15730337078651685,穩定,1.48,1.72,0.23
L3_DAY_TYPE_TIME_PERIOD,03F0996S_03F1022S,Weekend,晚尖峰,90,110,20,0.2222222222222222,穩定,1.5,1.83,0.33
L3_DAY_TYPE_TIME_PERIOD,03F1022N_01F0979N,Weekday,凌晨,136,156,20,0.14705882352941177,穩定,2.27,2.6,0.33
L3_DAY_TYPE_TIME_PERIOD,03F1022N_01F0979N,Weekday,夜間,136,161,25,0.18382352941176472,穩定,2.27,2.68,0.42
L3_DAY_TYPE_TIME_PERIOD,03F1022N_01F0979N,Weekday,日間,140,173,33,0.2357142857142857,穩定,2.33,2.88,0.55
L3_DAY_TYPE_TIME_PERIOD,03F1022N_01F0979N,Weekday,早尖峰,212,1116,904,4.264150943396227,高風險,3.53,18.6,15.07
L3_DAY_TYPE_TIME_PERIOD,03F1022N_01F0979N,Weekday,晚尖峰,146,191,45,0.3082191780821918,普通,2.43,3.18,0.75
L3_DAY_TYPE_TIME_PERIOD,03F1022N_01F0979N,Weekend,凌晨,127,161,34,0.2677165354330709,普通,2.12,2.68,0.57
L3_DAY_TYPE_TIME_PERIOD,03F1022N_01F0979N,Weekend,夜間,142,334,192,1.352112676056338,高風險,2.37,5.57,3.2
L3_DAY_TYPE_TIME_PERIOD,03F1022N_01F0979N,Weekend,日間,136,195,59,0.4338235294117647,普通,2.27,3.25,0.98
L3_DAY_TYPE_TIME_PERIOD,03F1022N_01F0979N,Weekend,早尖峰,128,144,16,0.125,穩定,2.13,2.4,0.27
L3_DAY_TYPE_TIME_PERIOD,03F1022N_01F0979N,Weekend,晚尖峰,153,618,465,3.0392156862745097,高風險,2.55,10.3,7.75
L3_DAY_TYPE_TIME_PERIOD,03F1022N_01F1045S,Weekday,凌晨,244,2540,2296,9.40983606557377,高風險,4.07,42.33,38.27
L3_DAY_TYPE_TIME_PERIOD,03F1022N_01F1045S,Weekday,夜間,255,1544,1289,5.0549019607843135,高風險,4.25,25.73,21.48
L3_DAY_TYPE_TIME_PERIOD,03F1022N_01F1045S,Weekday,日間,256,1706,1450,5.6640625,高風險,4.27,28.43,24.17
L3_DAY_TYPE_TIME_PERIOD,03F1022N_01F1045S,Weekday,早尖峰,278,1665,1387,4.989208633093525,高風險,4.63,27.75,23.12
L3_DAY_TYPE_TIME_PERIOD,03F1022N_01F1045S,Weekday,晚尖峰,264,1300,1036,3.9242424242424243,高風險,4.4,21.67,17.27
L3_DAY_TYPE_TIME_PERIOD,03F1022N_01F1045S,Weekend,凌晨,241,2014,1773,7.356846473029045,高風險,4.02,33.57,29.55
L3_DAY_TYPE_TIME_PERIOD,03F1022N_01F1045S,Weekend,夜間,253,1444,1191,4.707509881422925,高風險,4.22,24.07,19.85
L3_DAY_TYPE_TIME_PERIOD,03F1022N_01F1045S,Weekend,日間,258,549,291,1.127906976744186,高風險,4.3,9.15,4.85
L3_DAY_TYPE_TIME_PERIOD,03F1022N_01F1045S,Weekend,早尖峰,251,1082,831,3.310756972111554,高風險,4.18,18.03,13.85
L3_DAY_TYPE_TIME_PERIOD,03F1022N_01F1045S,Weekend,晚尖峰,259,917,658,2.5405405405405403,高風險,4.32,15.28,10.97
L3_DAY_TYPE_TIME_PERIOD,03F1022N_03F0996N,Weekday,凌晨,90,109,19,0.2111111111111111,穩定,1.5,1.82,0.32
L3_DAY_TYPE_TIME_PERIOD,03F1022N_03F0996N,Weekday,夜間,87,103,16,0.1839080459770115,穩定,1.45,1.72,0.27
L3_DAY_TYPE_TIME_PERIOD,03F1022N_03F0996N,Weekday,日間,88,104,16,0.18181818181818182,穩定,1.47,1.73,0.27
L3_DAY_TYPE_TIME_PERIOD,03F1022N_03F0996N,Weekday,早尖峰,95,121,26,0.2736842105263158,普通,1.58,2.02,0.43
L3_DAY_TYPE_TIME_PERIOD,03F1022N_03F0996N,Weekday,晚尖峰,89,103,14,0.15730337078651685,穩定,1.48,1.72,0.23
L3_DAY_TYPE_TIME_PERIOD,03F1022N_03F0996N,Weekend,凌晨,86,475,389,4.523255813953488,高風險,1.43,7.92,6.48
L3_DAY_TYPE_TIME_PERIOD,03F1022N_03F0996N,Weekend,夜間,89,522,433,4.865168539325842,高風險,1.48,8.7,7.22
L3_DAY_TYPE_TIME_PERIOD,03F1022N_03F0996N,Weekend,日間,87,107,20,0.22988505747126436,穩定,1.45,1.78,0.33
L3_DAY_TYPE_TIME_PERIOD,03F1022N_03F0996N,Weekend,早尖峰,86,100,14,0.16279069767441862,穩定,1.43,1.67,0.23
L3_DAY_TYPE_TIME_PERIOD,03F1022N_03F0996N,Weekend,晚尖峰,93,435,342,3.6774193548387095,高風險,1.55,7.25,5.7
L3_DAY_TYPE_TIME_PERIOD,03F1022S_03F1051S,Weekday,凌晨,101,119,18,0.1782178217821782,穩定,1.68,1.98,0.3
L3_DAY_TYPE_TIME_PERIOD,03F1022S_03F1051S,Weekday,夜間,97,121,24,0.24742268041237114,穩定,1.62,2.02,0.4
L3_DAY_TYPE_TIME_PERIOD,03F1022S_03F1051S,Weekday,日間,99,115,16,0.16161616161616163,穩定,1.65,1.92,0.27
L3_DAY_TYPE_TIME_PERIOD,03F1022S_03F1051S,Weekday,早尖峰,97,113,16,0.16494845360824742,穩定,1.62,1.88,0.27
L3_DAY_TYPE_TIME_PERIOD,03F1022S_03F1051S,Weekday,晚尖峰,103,131,28,0.27184466019417475,普通,1.72,2.18,0.47
L3_DAY_TYPE_TIME_PERIOD,03F1022S_03F1051S,Weekend,凌晨,94,119,25,0.26595744680851063,普通,1.57,1.98,0.42
L3_DAY_TYPE_TIME_PERIOD,03F1022S_03F1051S,Weekend,夜間,95,106,11,0.11578947368421053,穩定,1.58,1.77,0.18
L3_DAY_TYPE_TIME_PERIOD,03F1022S_03F1051S,Weekend,日間,99,143,44,0.4444444444444444,普通,1.65,2.38,0.73
L3_DAY_TYPE_TIME_PERIOD,03F1022S_03F1051S,Weekend,早尖峰,98,119,21,0.21428571428571427,穩定,1.63,1.98,0.35
L3_DAY_TYPE_TIME_PERIOD,03F1022S_03F1051S,Weekend,晚尖峰,98,125,27,0.2755102040816326,普通,1.63,2.08,0.45
L3_DAY_TYPE_TIME_PERIOD,03F1051N_03F1022N,Weekday,凌晨,105,125,20,0.19047619047619047,穩定,1.75,2.08,0.33
L3_DAY_TYPE_TIME_PERIOD,03F1051N_03F1022N,Weekday,夜間,100,124,24,0.24,穩定,1.67,2.07,0.4
L3_DAY_TYPE_TIME_PERIOD,03F1051N_03F1022N,Weekday,日間,102,122,20,0.19607843137254902,穩定,1.7,2.03,0.33
L3_DAY_TYPE_TIME_PERIOD,03F1051N_03F1022N,Weekday,早尖峰,105,143,38,0.3619047619047619,普通,1.75,2.38,0.63
L3_DAY_TYPE_TIME_PERIOD,03F1051N_03F1022N,Weekday,晚尖峰,106,147,41,0.3867924528301887,普通,1.77,2.45,0.68
L3_DAY_TYPE_TIME_PERIOD,03F1051N_03F1022N,Weekend,凌晨,97,138,41,0.422680412371134,普通,1.62,2.3,0.68
L3_DAY_TYPE_TIME_PERIOD,03F1051N_03F1022N,Weekend,夜間,105,241,136,1.2952380952380953,高風險,1.75,4.02,2.27
L3_DAY_TYPE_TIME_PERIOD,03F1051N_03F1022N,Weekend,日間,101,139,38,0.37623762376237624,普通,1.68,2.32,0.63
L3_DAY_TYPE_TIME_PERIOD,03F1051N_03F1022N,Weekend,早尖峰,97,116,19,0.1958762886597938,穩定,1.62,1.93,0.32
L3_DAY_TYPE_TIME_PERIOD,03F1051N_03F1022N,Weekend,晚尖峰,112,205,93,0.8303571428571429,不穩定,1.87,3.42,1.55
L3_DAY_TYPE_TIME_PERIOD,03F1051S_03F1128S,Weekday,凌晨,276,323,47,0.17028985507246377,穩定,4.6,5.38,0.78
L3_DAY_TYPE_TIME_PERIOD,03F1051S_03F1128S,Weekday,夜間,260,337,77,0.29615384615384616,普通,4.33,5.62,1.28
L3_DAY_TYPE_TIME_PERIOD,03F1051S_03F1128S,Weekday,日間,264,312,48,0.18181818181818182,穩定,4.4,5.2,0.8
L3_DAY_TYPE_TIME_PERIOD,03F1051S_03F1128S,Weekday,早尖峰,261,309,48,0.1839080459770115,穩定,4.35,5.15,0.8
L3_DAY_TYPE_TIME_PERIOD,03F1051S_03F1128S,Weekday,晚尖峰,269,338,69,0.25650557620817843,普通,4.48,5.63,1.15
L3_DAY_TYPE_TIME_PERIOD,03F1051S_03F1128S,Weekend,凌晨,255,329,74,0.2901960784313726,普通,4.25,5.48,1.23
L3_DAY_TYPE_TIME_PERIOD,03F1051S_03F1128S,Weekend,夜間,256,282,26,0.1015625,穩定,4.27,4.7,0.43
L3_DAY_TYPE_TIME_PERIOD,03F1051S_03F1128S,Weekend,日間,268,638,370,1.3805970149253732,高風險,4.47,10.63,6.17
L3_DAY_TYPE_TIME_PERIOD,03F1051S_03F1128S,Weekend,早尖峰,264,416,152,0.5757575757575758,不穩定,4.4,6.93,2.53
L3_DAY_TYPE_TIME_PERIOD,03F1051S_03F1128S,Weekend,晚尖峰,263,359,96,0.3650190114068441,普通,4.38,5.98,1.6
L3_DAY_TYPE_TIME_PERIOD,03F1128N_03F1051N,Weekday,凌晨,279,324,45,0.16129032258064516,穩定,4.65,5.4,0.75
L3_DAY_TYPE_TIME_PERIOD,03F1128N_03F1051N,Weekday,夜間,259,317,58,0.22393822393822393,穩定,4.32,5.28,0.97
L3_DAY_TYPE_TIME_PERIOD,03F1128N_03F1051N,Weekday,日間,261,309,48,0.1839080459770115,穩定,4.35,5.15,0.8
L3_DAY_TYPE_TIME_PERIOD,03F1128N_03F1051N,Weekday,早尖峰,260,308,48,0.18461538461538463,穩定,4.33,5.13,0.8
L3_DAY_TYPE_TIME_PERIOD,03F1128N_03F1051N,Weekday,晚尖峰,264,310,46,0.17424242424242425,穩定,4.4,5.17,0.77
L3_DAY_TYPE_TIME_PERIOD,03F1128N_03F1051N,Weekend,凌晨,254,335,81,0.3188976377952756,普通,4.23,5.58,1.35
L3_DAY_TYPE_TIME_PERIOD,03F1128N_03F1051N,Weekend,夜間,270,598,328,1.2148148148148148,高風險,4.5,9.97,5.47
L3_DAY_TYPE_TIME_PERIOD,03F1128N_03F1051N,Weekend,日間,261,304,43,0.16475095785440613,穩定,4.35,5.07,0.72
L3_DAY_TYPE_TIME_PERIOD,03F1128N_03F1051N,Weekend,早尖峰,253,301,48,0.18972332015810275,穩定,4.22,5.02,0.8
L3_DAY_TYPE_TIME_PERIOD,03F1128N_03F1051N,Weekend,晚尖峰,282,443,161,0.5709219858156028,不穩定,4.7,7.38,2.68
L3_DAY_TYPE_TIME_PERIOD,03F1128S_03F1161S,Weekday,凌晨,122,138,16,0.13114754098360656,穩定,2.03,2.3,0.27
L3_DAY_TYPE_TIME_PERIOD,03F1128S_03F1161S,Weekday,夜間,110,138,28,0.2545454545454545,普通,1.83,2.3,0.47
L3_DAY_TYPE_TIME_PERIOD,03F1128S_03F1161S,Weekday,日間,112,134,22,0.19642857142857142,穩定,1.87,2.23,0.37
L3_DAY_TYPE_TIME_PERIOD,03F1128S_03F1161S,Weekday,早尖峰,110,131,21,0.19090909090909092,穩定,1.83,2.18,0.35
L3_DAY_TYPE_TIME_PERIOD,03F1128S_03F1161S,Weekday,晚尖峰,113,142,29,0.25663716814159293,普通,1.88,2.37,0.48
L3_DAY_TYPE_TIME_PERIOD,03F1128S_03F1161S,Weekend,凌晨,108,139,31,0.28703703703703703,普通,1.8,2.32,0.52
L3_DAY_TYPE_TIME_PERIOD,03F1128S_03F1161S,Weekend,夜間,108,127,19,0.17592592592592593,穩定,1.8,2.12,0.32
L3_DAY_TYPE_TIME_PERIOD,03F1128S_03F1161S,Weekend,日間,114,179,65,0.5701754385964912,不穩定,1.9,2.98,1.08
L3_DAY_TYPE_TIME_PERIOD,03F1128S_03F1161S,Weekend,早尖峰,112,134,22,0.19642857142857142,穩定,1.87,2.23,0.37
L3_DAY_TYPE_TIME_PERIOD,03F1128S_03F1161S,Weekend,晚尖峰,111,137,26,0.23423423423423423,穩定,1.85,2.28,0.43
L3_DAY_TYPE_TIME_PERIOD,03F1161N_03F1128N,Weekday,凌晨,126,142,16,0.12698412698412698,穩定,2.1,2.37,0.27
L3_DAY_TYPE_TIME_PERIOD,03F1161N_03F1128N,Weekday,夜間,111,140,29,0.26126126126126126,普通,1.85,2.33,0.48
L3_DAY_TYPE_TIME_PERIOD,03F1161N_03F1128N,Weekday,日間,114,137,23,0.20175438596491227,穩定,1.9,2.28,0.38
L3_DAY_TYPE_TIME_PERIOD,03F1161N_03F1128N,Weekday,早尖峰,112,137,25,0.22321428571428573,穩定,1.87,2.28,0.42
L3_DAY_TYPE_TIME_PERIOD,03F1161N_03F1128N,Weekday,晚尖峰,114,136,22,0.19298245614035087,穩定,1.9,2.27,0.37
L3_DAY_TYPE_TIME_PERIOD,03F1161N_03F1128N,Weekend,凌晨,110,164,54,0.4909090909090909,普通,1.83,2.73,0.9
L3_DAY_TYPE_TIME_PERIOD,03F1161N_03F1128N,Weekend,夜間,117,280,163,1.393162393162393,高風險,1.95,4.67,2.72
L3_DAY_TYPE_TIME_PERIOD,03F1161N_03F1128N,Weekend,日間,114,215,101,0.8859649122807017,不穩定,1.9,3.58,1.68
L3_DAY_TYPE_TIME_PERIOD,03F1161N_03F1128N,Weekend,早尖峰,110,134,24,0.21818181818181817,穩定,1.83,2.23,0.4
L3_DAY_TYPE_TIME_PERIOD,03F1161N_03F1128N,Weekend,晚尖峰,135,303,168,1.2444444444444445,高風險,2.25,5.05,2.8
L3_DAY_TYPE_TIME_PERIOD,03F1161S_03F1215S,Weekday,凌晨,198,225,27,0.13636363636363635,穩定,3.3,3.75,0.45
L3_DAY_TYPE_TIME_PERIOD,03F1161S_03F1215S,Weekday,夜間,178,223,45,0.25280898876404495,普通,2.97,3.72,0.75
L3_DAY_TYPE_TIME_PERIOD,03F1161S_03F1215S,Weekday,日間,180,216,36,0.2,穩定,3.0,3.6,0.6
L3_DAY_TYPE_TIME_PERIOD,03F1161S_03F1215S,Weekday,早尖峰,177,213,36,0.2033898305084746,穩定,2.95,3.55,0.6
L3_DAY_TYPE_TIME_PERIOD,03F1161S_03F1215S,Weekday,晚尖峰,180,219,39,0.21666666666666667,穩定,3.0,3.65,0.65
L3_DAY_TYPE_TIME_PERIOD,03F1161S_03F1215S,Weekend,凌晨,175,228,53,0.3028571428571429,普通,2.92,3.8,0.88
L3_DAY_TYPE_TIME_PERIOD,03F1161S_03F1215S,Weekend,夜間,175,205,30,0.17142857142857143,穩定,2.92,3.42,0.5
L3_DAY_TYPE_TIME_PERIOD,03F1161S_03F1215S,Weekend,日間,182,360,178,0.978021978021978,不穩定,3.03,6.0,2.97
L3_DAY_TYPE_TIME_PERIOD,03F1161S_03F1215S,Weekend,早尖峰,180,220,40,0.2222222222222222,穩定,3.0,3.67,0.67
L3_DAY_TYPE_TIME_PERIOD,03F1161S_03F1215S,Weekend,晚尖峰,179,225,46,0.2569832402234637,普通,2.98,3.75,0.77
L3_DAY_TYPE_TIME_PERIOD,03F1215N_03F1161N,Weekday,凌晨,191,224,33,0.17277486910994763,穩定,3.18,3.73,0.55
L3_DAY_TYPE_TIME_PERIOD,03F1215N_03F1161N,Weekday,夜間,175,219,44,0.25142857142857145,普通,2.92,3.65,0.73
L3_DAY_TYPE_TIME_PERIOD,03F1215N_03F1161N,Weekday,日間,177,215,38,0.21468926553672316,穩定,2.95,3.58,0.63
L3_DAY_TYPE_TIME_PERIOD,03F1215N_03F1161N,Weekday,早尖峰,174,215,41,0.23563218390804597,穩定,2.9,3.58,0.68
L3_DAY_TYPE_TIME_PERIOD,03F1215N_03F1161N,Weekday,晚尖峰,177,213,36,0.2033898305084746,穩定,2.95,3.55,0.6
L3_DAY_TYPE_TIME_PERIOD,03F1215N_03F1161N,Weekend,凌晨,174,537,363,2.086206896551724,高風險,2.9,8.95,6.05
L3_DAY_TYPE_TIME_PERIOD,03F1215N_03F1161N,Weekend,夜間,181,651,470,2.596685082872928,高風險,3.02,10.85,7.83
L3_DAY_TYPE_TIME_PERIOD,03F1215N_03F1161N,Weekend,日間,178,457,279,1.5674157303370786,高風險,2.97,7.62,4.65
L3_DAY_TYPE_TIME_PERIOD,03F1215N_03F1161N,Weekend,早尖峰,173,211,38,0.21965317919075145,穩定,2.88,3.52,0.63
L3_DAY_TYPE_TIME_PERIOD,03F1215N_03F1161N,Weekend,晚尖峰,195,735,540,2.769230769230769,高風險,3.25,12.25,9.0
L3_DAY_TYPE_TIME_PERIOD,03F1215S_03F1257S,Weekday,凌晨,155,243,88,0.567741935483871,不穩定,2.58,4.05,1.47
L3_DAY_TYPE_TIME_PERIOD,03F1215S_03F1257S,Weekday,夜間,137,178,41,0.29927007299270075,普通,2.28,2.97,0.68
L3_DAY_TYPE_TIME_PERIOD,03F1215S_03F1257S,Weekday,日間,139,198,59,0.4244604316546763,普通,2.32,3.3,0.98
L3_DAY_TYPE_TIME_PERIOD,03F1215S_03F1257S,Weekday,早尖峰,136,178,42,0.3088235294117647,普通,2.27,2.97,0.7
L3_DAY_TYPE_TIME_PERIOD,03F1215S_03F1257S,Weekday,晚尖峰,138,173,35,0.2536231884057971,普通,2.3,2.88,0.58
L3_DAY_TYPE_TIME_PERIOD,03F1215S_03F1257S,Weekend,凌晨,134,209,75,0.5597014925373134,不穩定,2.23,3.48,1.25
L3_DAY_TYPE_TIME_PERIOD,03F1215S_03F1257S,Weekend,夜間,134,159,25,0.1865671641791045,穩定,2.23,2.65,0.42
L3_DAY_TYPE_TIME_PERIOD,03F1215S_03F1257S,Weekend,日間,140,186,46,0.32857142857142857,普通,2.33,3.1,0.77
L3_DAY_TYPE_TIME_PERIOD,03F1215S_03F1257S,Weekend,早尖峰,138,172,34,0.2463768115942029,穩定,2.3,2.87,0.57
L3_DAY_TYPE_TIME_PERIOD,03F1215S_03F1257S,Weekend,晚尖峰,138,173,35,0.2536231884057971,普通,2.3,2.88,0.58
L3_DAY_TYPE_TIME_PERIOD,03F1257N_03F1215N,Weekday,凌晨,148,231,83,0.5608108108108109,不穩定,2.47,3.85,1.38
L3_DAY_TYPE_TIME_PERIOD,03F1257N_03F1215N,Weekday,夜間,133,192,59,0.44360902255639095,普通,2.22,3.2,0.98
L3_DAY_TYPE_TIME_PERIOD,03F1257N_03F1215N,Weekday,日間,134,190,56,0.417910447761194,普通,2.23,3.17,0.93
L3_DAY_TYPE_TIME_PERIOD,03F1257N_03F1215N,Weekday,早尖峰,132,206,74,0.5606060606060606,不穩定,2.2,3.43,1.23
L3_DAY_TYPE_TIME_PERIOD,03F1257N_03F1215N,Weekday,晚尖峰,134,178,44,0.3283582089552239,普通,2.23,2.97,0.73
L3_DAY_TYPE_TIME_PERIOD,03F1257N_03F1215N,Weekend,凌晨,132,234,102,0.7727272727272727,不穩定,2.2,3.9,1.7
L3_DAY_TYPE_TIME_PERIOD,03F1257N_03F1215N,Weekend,夜間,136,453,317,2.3308823529411766,高風險,2.27,7.55,5.28
L3_DAY_TYPE_TIME_PERIOD,03F1257N_03F1215N,Weekend,日間,134,254,120,0.8955223880597015,不穩定,2.23,4.23,2.0
L3_DAY_TYPE_TIME_PERIOD,03F1257N_03F1215N,Weekend,早尖峰,131,171,40,0.3053435114503817,普通,2.18,2.85,0.67
L3_DAY_TYPE_TIME_PERIOD,03F1257N_03F1215N,Weekend,晚尖峰,143,498,355,2.4825174825174825,高風險,2.38,8.3,5.92
L3_DAY_TYPE_TIME_PERIOD,03F1257S_03F1332S,Weekday,凌晨,282,318,36,0.1276595744680851,穩定,4.7,5.3,0.6
L3_DAY_TYPE_TIME_PERIOD,03F1257S_03F1332S,Weekday,夜間,248,311,63,0.2540322580645161,普通,4.13,5.18,1.05
L3_DAY_TYPE_TIME_PERIOD,03F1257S_03F1332S,Weekday,日間,250,304,54,0.216,穩定,4.17,5.07,0.9
L3_DAY_TYPE_TIME_PERIOD,03F1257S_03F1332S,Weekday,早尖峰,245,302,57,0.23265306122448978,穩定,4.08,5.03,0.95
L3_DAY_TYPE_TIME_PERIOD,03F1257S_03F1332S,Weekday,晚尖峰,250,308,58,0.232,穩定,4.17,5.13,0.97
L3_DAY_TYPE_TIME_PERIOD,03F1257S_03F1332S,Weekend,凌晨,245,316,71,0.2897959183673469,普通,4.08,5.27,1.18
L3_DAY_TYPE_TIME_PERIOD,03F1257S_03F1332S,Weekend,夜間,244,289,45,0.18442622950819673,穩定,4.07,4.82,0.75
L3_DAY_TYPE_TIME_PERIOD,03F1257S_03F1332S,Weekend,日間,252,304,52,0.20634920634920634,穩定,4.2,5.07,0.87
L3_DAY_TYPE_TIME_PERIOD,03F1257S_03F1332S,Weekend,早尖峰,248,290,42,0.1693548387096774,穩定,4.13,4.83,0.7
L3_DAY_TYPE_TIME_PERIOD,03F1257S_03F1332S,Weekend,晚尖峰,249,305,56,0.2248995983935743,穩定,4.15,5.08,0.93
L3_DAY_TYPE_TIME_PERIOD,03F1332N_03F1257N,Weekday,凌晨,275,314,39,0.14181818181818182,穩定,4.58,5.23,0.65
L3_DAY_TYPE_TIME_PERIOD,03F1332N_03F1257N,Weekday,夜間,245,307,62,0.2530612244897959,普通,4.08,5.12,1.03
L3_DAY_TYPE_TIME_PERIOD,03F1332N_03F1257N,Weekday,日間,249,303,54,0.21686746987951808,穩定,4.15,5.05,0.9
L3_DAY_TYPE_TIME_PERIOD,03F1332N_03F1257N,Weekday,早尖峰,245,303,58,0.23673469387755103,穩定,4.08,5.05,0.97
L3_DAY_TYPE_TIME_PERIOD,03F1332N_03F1257N,Weekday,晚尖峰,248,299,51,0.2056451612903226,穩定,4.13,4.98,0.85
L3_DAY_TYPE_TIME_PERIOD,03F1332N_03F1257N,Weekend,凌晨,244,343,99,0.4057377049180328,普通,4.07,5.72,1.65
L3_DAY_TYPE_TIME_PERIOD,03F1332N_03F1257N,Weekend,夜間,252,638,386,1.5317460317460319,高風險,4.2,10.63,6.43
L3_DAY_TYPE_TIME_PERIOD,03F1332N_03F1257N,Weekend,日間,249,344,95,0.3815261044176707,普通,4.15,5.73,1.58
L3_DAY_TYPE_TIME_PERIOD,03F1332N_03F1257N,Weekend,早尖峰,243,297,54,0.2222222222222222,穩定,4.05,4.95,0.9
L3_DAY_TYPE_TIME_PERIOD,03F1332N_03F1257N,Weekend,晚尖峰,261,774,513,1.9655172413793103,高風險,4.35,12.9,8.55
L3_DAY_TYPE_TIME_PERIOD,03F1332S_03F1395S,Weekday,凌晨,236,268,32,0.13559322033898305,穩定,3.93,4.47,0.53
L3_DAY_TYPE_TIME_PERIOD,03F1332S_03F1395S,Weekday,夜間,209,263,54,0.2583732057416268,普通,3.48,4.38,0.9
L3_DAY_TYPE_TIME_PERIOD,03F1332S_03F1395S,Weekday,日間,211,256,45,0.2132701421800948,穩定,3.52,4.27,0.75
L3_DAY_TYPE_TIME_PERIOD,03F1332S_03F1395S,Weekday,早尖峰,206,253,47,0.22815533980582525,穩定,3.43,4.22,0.78
L3_DAY_TYPE_TIME_PERIOD,03F1332S_03F1395S,Weekday,晚尖峰,211,260,49,0.23222748815165878,穩定,3.52,4.33,0.82
L3_DAY_TYPE_TIME_PERIOD,03F1332S_03F1395S,Weekend,凌晨,207,267,60,0.2898550724637681,普通,3.45,4.45,1.0
L3_DAY_TYPE_TIME_PERIOD,03F1332S_03F1395S,Weekend,夜間,206,244,38,0.18446601941747573,穩定,3.43,4.07,0.63
L3_DAY_TYPE_TIME_PERIOD,03F1332S_03F1395S,Weekend,日間,212,258,46,0.2169811320754717,穩定,3.53,4.3,0.77
L3_DAY_TYPE_TIME_PERIOD,03F1332S_03F1395S,Weekend,早尖峰,209,247,38,0.18181818181818182,穩定,3.48,4.12,0.63
L3_DAY_TYPE_TIME_PERIOD,03F1332S_03F1395S,Weekend,晚尖峰,210,260,50,0.23809523809523808,穩定,3.5,4.33,0.83
L3_DAY_TYPE_TIME_PERIOD,03F1395N_03F1332N,Weekday,凌晨,231,270,39,0.16883116883116883,穩定,3.85,4.5,0.65
L3_DAY_TYPE_TIME_PERIOD,03F1395N_03F1332N,Weekday,夜間,208,263,55,0.2644230769230769,普通,3.47,4.38,0.92
L3_DAY_TYPE_TIME_PERIOD,03F1395N_03F1332N,Weekday,日間,210,258,48,0.22857142857142856,穩定,3.5,4.3,0.8
L3_DAY_TYPE_TIME_PERIOD,03F1395N_03F1332N,Weekday,早尖峰,206,257,51,0.24757281553398058,穩定,3.43,4.28,0.85
L3_DAY_TYPE_TIME_PERIOD,03F1395N_03F1332N,Weekday,晚尖峰,209,254,45,0.215311004784689,穩定,3.48,4.23,0.75
L3_DAY_TYPE_TIME_PERIOD,03F1395N_03F1332N,Weekend,凌晨,207,289,82,0.3961352657004831,普通,3.45,4.82,1.37
L3_DAY_TYPE_TIME_PERIOD,03F1395N_03F1332N,Weekend,夜間,213,396,183,0.8591549295774648,不穩定,3.55,6.6,3.05
L3_DAY_TYPE_TIME_PERIOD,03F1395N_03F1332N,Weekend,日間,209,255,46,0.22009569377990432,穩定,3.48,4.25,0.77
L3_DAY_TYPE_TIME_PERIOD,03F1395N_03F1332N,Weekend,早尖峰,205,253,48,0.23414634146341465,穩定,3.42,4.22,0.8
L3_DAY_TYPE_TIME_PERIOD,03F1395N_03F1332N,Weekend,晚尖峰,219,550,331,1.5114155251141552,高風險,3.65,9.17,5.52
L3_DAY_TYPE_TIME_PERIOD,03F1395S_03F1485S,Weekday,凌晨,334,376,42,0.12574850299401197,穩定,5.57,6.27,0.7
L3_DAY_TYPE_TIME_PERIOD,03F1395S_03F1485S,Weekday,夜間,296,370,74,0.25,普通,4.93,6.17,1.23
L3_DAY_TYPE_TIME_PERIOD,03F1395S_03F1485S,Weekday,日間,298,359,61,0.20469798657718122,穩定,4.97,5.98,1.02
L3_DAY_TYPE_TIME_PERIOD,03F1395S_03F1485S,Weekday,早尖峰,292,355,63,0.21575342465753425,穩定,4.87,5.92,1.05
L3_DAY_TYPE_TIME_PERIOD,03F1395S_03F1485S,Weekday,晚尖峰,299,365,66,0.22073578595317725,穩定,4.98,6.08,1.1
L3_DAY_TYPE_TIME_PERIOD,03F1395S_03F1485S,Weekend,凌晨,293,373,80,0.27303754266211605,普通,4.88,6.22,1.33
L3_DAY_TYPE_TIME_PERIOD,03F1395S_03F1485S,Weekend,夜間,292,343,51,0.17465753424657535,穩定,4.87,5.72,0.85
L3_DAY_TYPE_TIME_PERIOD,03F1395S_03F1485S,Weekend,日間,300,357,57,0.19,穩定,5.0,5.95,0.95
L3_DAY_TYPE_TIME_PERIOD,03F1395S_03F1485S,Weekend,早尖峰,296,342,46,0.1554054054054054,穩定,4.93,5.7,0.77
L3_DAY_TYPE_TIME_PERIOD,03F1395S_03F1485S,Weekend,晚尖峰,299,387,88,0.29431438127090304,普通,4.98,6.45,1.47
L3_DAY_TYPE_TIME_PERIOD,03F1485N_03F1395N,Weekday,凌晨,324,376,52,0.16049382716049382,穩定,5.4,6.27,0.87
L3_DAY_TYPE_TIME_PERIOD,03F1485N_03F1395N,Weekday,夜間,292,369,77,0.2636986301369863,普通,4.87,6.15,1.28
L3_DAY_TYPE_TIME_PERIOD,03F1485N_03F1395N,Weekday,日間,296,363,67,0.22635135135135134,穩定,4.93,6.05,1.12
L3_DAY_TYPE_TIME_PERIOD,03F1485N_03F1395N,Weekday,早尖峰,293,362,69,0.2354948805460751,穩定,4.88,6.03,1.15
L3_DAY_TYPE_TIME_PERIOD,03F1485N_03F1395N,Weekday,晚尖峰,295,360,65,0.22033898305084745,穩定,4.92,6.0,1.08
L3_DAY_TYPE_TIME_PERIOD,03F1485N_03F1395N,Weekend,凌晨,291,379,88,0.3024054982817869,普通,4.85,6.32,1.47
L3_DAY_TYPE_TIME_PERIOD,03F1485N_03F1395N,Weekend,夜間,299,414,115,0.38461538461538464,普通,4.98,6.9,1.92
L3_DAY_TYPE_TIME_PERIOD,03F1485N_03F1395N,Weekend,日間,296,390,94,0.31756756756756754,普通,4.93,6.5,1.57
L3_DAY_TYPE_TIME_PERIOD,03F1485N_03F1395N,Weekend,早尖峰,291,352,61,0.20962199312714777,穩定,4.85,5.87,1.02
L3_DAY_TYPE_TIME_PERIOD,03F1485N_03F1395N,Weekend,晚尖峰,309,633,324,1.0485436893203883,高風險,5.15,10.55,5.4
L3_DAY_TYPE_TIME_PERIOD,03F1485S_03F1633S,Weekday,凌晨,561,691,130,0.23172905525846701,穩定,9.35,11.52,2.17
L3_DAY_TYPE_TIME_PERIOD,03F1485S_03F1633S,Weekday,夜間,489,647,158,0.3231083844580777,普通,8.15,10.78,2.63
L3_DAY_TYPE_TIME_PERIOD,03F1485S_03F1633S,Weekday,日間,493,639,146,0.2961460446247465,普通,8.22,10.65,2.43
L3_DAY_TYPE_TIME_PERIOD,03F1485S_03F1633S,Weekday,早尖峰,482,633,151,0.3132780082987552,普通,8.03,10.55,2.52
L3_DAY_TYPE_TIME_PERIOD,03F1485S_03F1633S,Weekday,晚尖峰,498,661,163,0.3273092369477912,普通,8.3,11.02,2.72
L3_DAY_TYPE_TIME_PERIOD,03F1485S_03F1633S,Weekend,凌晨,480,657,177,0.36875,普通,8.0,10.95,2.95
L3_DAY_TYPE_TIME_PERIOD,03F1485S_03F1633S,Weekend,夜間,482,587,105,0.21784232365145229,穩定,8.03,9.78,1.75
L3_DAY_TYPE_TIME_PERIOD,03F1485S_03F1633S,Weekend,日間,499,670,171,0.342685370741483,普通,8.32,11.17,2.85
L3_DAY_TYPE_TIME_PERIOD,03F1485S_03F1633S,Weekend,早尖峰,486,599,113,0.23251028806584362,穩定,8.1,9.98,1.88
L3_DAY_TYPE_TIME_PERIOD,03F1485S_03F1633S,Weekend,晚尖峰,502,1146,644,1.2828685258964143,高風險,8.37,19.1,10.73
L3_DAY_TYPE_TIME_PERIOD,03F1633N_03F1485N,Weekday,凌晨,536,690,154,0.2873134328358209,普通,8.93,11.5,2.57
L3_DAY_TYPE_TIME_PERIOD,03F1633N_03F1485N,Weekday,夜間,476,652,176,0.3697478991596639,普通,7.93,10.87,2.93
L3_DAY_TYPE_TIME_PERIOD,03F1633N_03F1485N,Weekday,日間,484,647,163,0.3367768595041322,普通,8.07,10.78,2.72
L3_DAY_TYPE_TIME_PERIOD,03F1633N_03F1485N,Weekday,早尖峰,479,651,172,0.35908141962421714,普通,7.98,10.85,2.87
L3_DAY_TYPE_TIME_PERIOD,03F1633N_03F1485N,Weekday,晚尖峰,481,628,147,0.30561330561330563,普通,8.02,10.47,2.45
L3_DAY_TYPE_TIME_PERIOD,03F1633N_03F1485N,Weekend,凌晨,474,652,178,0.3755274261603376,普通,7.9,10.87,2.97
L3_DAY_TYPE_TIME_PERIOD,03F1633N_03F1485N,Weekend,夜間,485,640,155,0.31958762886597936,普通,8.08,10.67,2.58
L3_DAY_TYPE_TIME_PERIOD,03F1633N_03F1485N,Weekend,日間,486,665,179,0.3683127572016461,普通,8.1,11.08,2.98
L3_DAY_TYPE_TIME_PERIOD,03F1633N_03F1485N,Weekend,早尖峰,475,602,127,0.2673684210526316,普通,7.92,10.03,2.12
L3_DAY_TYPE_TIME_PERIOD,03F1633N_03F1485N,Weekend,晚尖峰,500,825,325,0.65,不穩定,8.33,13.75,5.42
L3_DAY_TYPE_TIME_PERIOD,03F1633S_03F1651S,Weekday,凌晨,64,74,10,0.15625,穩定,1.07,1.23,0.17
L3_DAY_TYPE_TIME_PERIOD,03F1633S_03F1651S,Weekday,夜間,58,73,15,0.25862068965517243,普通,0.97,1.22,0.25
L3_DAY_TYPE_TIME_PERIOD,03F1633S_03F1651S,Weekday,日間,59,71,12,0.2033898305084746,穩定,0.98,1.18,0.2
L3_DAY_TYPE_TIME_PERIOD,03F1633S_03F1651S,Weekday,早尖峰,58,70,12,0.20689655172413793,穩定,0.97,1.17,0.2
L3_DAY_TYPE_TIME_PERIOD,03F1633S_03F1651S,Weekday,晚尖峰,60,75,15,0.25,普通,1.0,1.25,0.25
L3_DAY_TYPE_TIME_PERIOD,03F1633S_03F1651S,Weekend,凌晨,57,73,16,0.2807017543859649,普通,0.95,1.22,0.27
L3_DAY_TYPE_TIME_PERIOD,03F1633S_03F1651S,Weekend,夜間,58,68,10,0.1724137931034483,穩定,0.97,1.13,0.17
L3_DAY_TYPE_TIME_PERIOD,03F1633S_03F1651S,Weekend,日間,59,71,12,0.2033898305084746,穩定,0.98,1.18,0.2
L3_DAY_TYPE_TIME_PERIOD,03F1633S_03F1651S,Weekend,早尖峰,58,67,9,0.15517241379310345,穩定,0.97,1.12,0.15
L3_DAY_TYPE_TIME_PERIOD,03F1633S_03F1651S,Weekend,晚尖峰,61,211,150,2.459016393442623,高風險,1.02,3.52,2.5
L3_DAY_TYPE_TIME_PERIOD,03F1651N_03F1633N,Weekday,凌晨,63,74,11,0.1746031746031746,穩定,1.05,1.23,0.18
L3_DAY_TYPE_TIME_PERIOD,03F1651N_03F1633N,Weekday,夜間,58,73,15,0.25862068965517243,普通,0.97,1.22,0.25
L3_DAY_TYPE_TIME_PERIOD,03F1651N_03F1633N,Weekday,日間,60,71,11,0.18333333333333332,穩定,1.0,1.18,0.18
L3_DAY_TYPE_TIME_PERIOD,03F1651N_03F1633N,Weekday,早尖峰,59,71,12,0.2033898305084746,穩定,0.98,1.18,0.2
L3_DAY_TYPE_TIME_PERIOD,03F1651N_03F1633N,Weekday,晚尖峰,59,71,12,0.2033898305084746,穩定,0.98,1.18,0.2
L3_DAY_TYPE_TIME_PERIOD,03F1651N_03F1633N,Weekend,凌晨,58,73,15,0.25862068965517243,普通,0.97,1.22,0.25
L3_DAY_TYPE_TIME_PERIOD,03F1651N_03F1633N,Weekend,夜間,59,73,14,0.23728813559322035,穩定,0.98,1.22,0.23
L3_DAY_TYPE_TIME_PERIOD,03F1651N_03F1633N,Weekend,日間,60,82,22,0.36666666666666664,普通,1.0,1.37,0.37
L3_DAY_TYPE_TIME_PERIOD,03F1651N_03F1633N,Weekend,早尖峰,58,69,11,0.1896551724137931,穩定,0.97,1.15,0.18
L3_DAY_TYPE_TIME_PERIOD,03F1651N_03F1633N,Weekend,晚尖峰,61,155,94,1.540983606557377,高風險,1.02,2.58,1.57
L3_DAY_TYPE_TIME_PERIOD,03F1651S_01F1621N,Weekday,凌晨,2649,3388,739,0.2789731974329936,普通,44.15,56.47,12.32
L3_DAY_TYPE_TIME_PERIOD,03F1651S_01F1621N,Weekday,夜間,2323,3366,1043,0.4489883770985794,普通,38.72,56.1,17.38
L3_DAY_TYPE_TIME_PERIOD,03F1651S_01F1621N,Weekday,日間,1813,3316,1503,0.8290126861555432,不穩定,30.22,55.27,25.05
L3_DAY_TYPE_TIME_PERIOD,03F1651S_01F1621N,Weekday,早尖峰,1985,3315,1330,0.6700251889168766,不穩定,33.08,55.25,22.17
L3_DAY_TYPE_TIME_PERIOD,03F1651S_01F1621N,Weekday,晚尖峰,960,3299,2339,2.4364583333333334,高風險,16.0,54.98,38.98
L3_DAY_TYPE_TIME_PERIOD,03F1651S_01F1621N,Weekend,凌晨,2563,3372,809,0.31564572766289506,普通,42.72,56.2,13.48
L3_DAY_TYPE_TIME_PERIOD,03F1651S_01F1621N,Weekend,夜間,1953,3329,1376,0.7045570916538658,不穩定,32.55,55.48,22.93
L3_DAY_TYPE_TIME_PERIOD,03F1651S_01F1621N,Weekend,日間,1030,3248,2218,2.153398058252427,高風險,17.17,54.13,36.97
L3_DAY_TYPE_TIME_PERIOD,03F1651S_01F1621N,Weekend,早尖峰,2114,3320,1206,0.5704824976348155,不穩定,35.23,55.33,20.1
L3_DAY_TYPE_TIME_PERIOD,03F1651S_01F1621N,Weekend,晚尖峰,946,3254,2308,2.4397463002114166,高風險,15.77,54.23,38.47
L3_DAY_TYPE_TIME_PERIOD,03F1651S_01F1664S,Weekday,凌晨,533,695,162,0.30393996247654786,普通,8.88,11.58,2.7
L3_DAY_TYPE_TIME_PERIOD,03F1651S_01F1664S,Weekday,夜間,536,623,87,0.1623134328358209,穩定,8.93,10.38,1.45
L3_DAY_TYPE_TIME_PERIOD,03F1651S_01F1664S,Weekday,日間,553,637,84,0.1518987341772152,穩定,9.22,10.62,1.4
L3_DAY_TYPE_TIME_PERIOD,03F1651S_01F1664S,Weekday,早尖峰,546,657,111,0.2032967032967033,穩定,9.1,10.95,1.85
L3_DAY_TYPE_TIME_PERIOD,03F1651S_01F1664S,Weekday,晚尖峰,578,1085,507,0.8771626297577855,不穩定,9.63,18.08,8.45
L3_DAY_TYPE_TIME_PERIOD,03F1651S_01F1664S,Weekend,凌晨,522,640,118,0.2260536398467433,穩定,8.7,10.67,1.97
L3_DAY_TYPE_TIME_PERIOD,03F1651S_01F1664S,Weekend,夜間,545,657,112,0.20550458715596331,穩定,9.08,10.95,1.87
L3_DAY_TYPE_TIME_PERIOD,03F1651S_01F1664S,Weekend,日間,549,869,320,0.5828779599271403,不穩定,9.15,14.48,5.33
L3_DAY_TYPE_TIME_PERIOD,03F1651S_01F1664S,Weekend,早尖峰,527,602,75,0.14231499051233396,穩定,8.78,10.03,1.25
L3_DAY_TYPE_TIME_PERIOD,03F1651S_01F1664S,Weekend,晚尖峰,606,1075,469,0.7739273927392739,不穩定,10.1,17.92,7.82
L3_DAY_TYPE_TIME_PERIOD,03F1651S_03F1710S,Weekday,凌晨,217,249,32,0.14746543778801843,穩定,3.62,4.15,0.53
L3_DAY_TYPE_TIME_PERIOD,03F1651S_03F1710S,Weekday,夜間,196,244,48,0.24489795918367346,穩定,3.27,4.07,0.8
L3_DAY_TYPE_TIME_PERIOD,03F1651S_03F1710S,Weekday,日間,199,237,38,0.19095477386934673,穩定,3.32,3.95,0.63
L3_DAY_TYPE_TIME_PERIOD,03F1651S_03F1710S,Weekday,早尖峰,194,235,41,0.211340206185567,穩定,3.23,3.92,0.68
L3_DAY_TYPE_TIME_PERIOD,03F1651S_03F1710S,Weekday,晚尖峰,201,243,42,0.208955223880597,穩定,3.35,4.05,0.7
L3_DAY_TYPE_TIME_PERIOD,03F1651S_03F1710S,Weekend,凌晨,193,245,52,0.2694300518134715,普通,3.22,4.08,0.87
L3_DAY_TYPE_TIME_PERIOD,03F1651S_03F1710S,Weekend,夜間,195,230,35,0.1794871794871795,穩定,3.25,3.83,0.58
L3_DAY_TYPE_TIME_PERIOD,03F1651S_03F1710S,Weekend,日間,199,233,34,0.1708542713567839,穩定,3.32,3.88,0.57
L3_DAY_TYPE_TIME_PERIOD,03F1651S_03F1710S,Weekend,早尖峰,195,225,30,0.15384615384615385,穩定,3.25,3.75,0.5
L3_DAY_TYPE_TIME_PERIOD,03F1651S_03F1710S,Weekend,晚尖峰,203,254,51,0.2512315270935961,普通,3.38,4.23,0.85
L3_DAY_TYPE_TIME_PERIOD,03F1710N_01F1621N,Weekday,凌晨,606,1316,710,1.1716171617161717,高風險,10.1,21.93,11.83
L3_DAY_TYPE_TIME_PERIOD,03F1710N_01F1621N,Weekday,夜間,600,754,154,0.25666666666666665,普通,10.0,12.57,2.57
L3_DAY_TYPE_TIME_PERIOD,03F1710N_01F1621N,Weekday,日間,623,972,349,0.5601926163723917,不穩定,10.38,16.2,5.82
L3_DAY_TYPE_TIME_PERIOD,03F1710N_01F1621N,Weekday,早尖峰,611,799,188,0.3076923076923077,普通,10.18,13.32,3.13
L3_DAY_TYPE_TIME_PERIOD,03F1710N_01F1621N,Weekday,晚尖峰,620,802,182,0.29354838709677417,普通,10.33,13.37,3.03
L3_DAY_TYPE_TIME_PERIOD,03F1710N_01F1621N,Weekend,凌晨,592,1526,934,1.5777027027027026,高風險,9.87,25.43,15.57
L3_DAY_TYPE_TIME_PERIOD,03F1710N_01F1621N,Weekend,夜間,618,1001,383,0.6197411003236246,不穩定,10.3,16.68,6.38
L3_DAY_TYPE_TIME_PERIOD,03F1710N_01F1621N,Weekend,日間,645,943,298,0.462015503875969,普通,10.75,15.72,4.97
L3_DAY_TYPE_TIME_PERIOD,03F1710N_01F1621N,Weekend,早尖峰,587,684,97,0.16524701873935263,穩定,9.78,11.4,1.62
L3_DAY_TYPE_TIME_PERIOD,03F1710N_01F1621N,Weekend,晚尖峰,692,1116,424,0.6127167630057804,不穩定,11.53,18.6,7.07
L3_DAY_TYPE_TIME_PERIOD,03F1710N_01F1664S,Weekday,凌晨,475,2708,2233,4.701052631578947,高風險,7.92,45.13,37.22
L3_DAY_TYPE_TIME_PERIOD,03F1710N_01F1664S,Weekday,夜間,482,1686,1204,2.4979253112033195,高風險,8.03,28.1,20.07
L3_DAY_TYPE_TIME_PERIOD,03F1710N_01F1664S,Weekday,日間,500,2075,1575,3.15,高風險,8.33,34.58,26.25
L3_DAY_TYPE_TIME_PERIOD,03F1710N_01F1664S,Weekday,早尖峰,483,643,160,0.33126293995859213,普通,8.05,10.72,2.67
L3_DAY_TYPE_TIME_PERIOD,03F1710N_01F1664S,Weekday,晚尖峰,517,1645,1128,2.1818181818181817,高風險,8.62,27.42,18.8
L3_DAY_TYPE_TIME_PERIOD,03F1710N_01F1664S,Weekend,凌晨,469,2225,1756,3.744136460554371,高風險,7.82,37.08,29.27
L3_DAY_TYPE_TIME_PERIOD,03F1710N_01F1664S,Weekend,夜間,488,1544,1056,2.1639344262295084,高風險,8.13,25.73,17.6
L3_DAY_TYPE_TIME_PERIOD,03F1710N_01F1664S,Weekend,日間,493,1733,1240,2.5152129817444218,高風險,8.22,28.88,20.67
L3_DAY_TYPE_TIME_PERIOD,03F1710N_01F1664S,Weekend,早尖峰,467,1568,1101,2.3576017130620985,高風險,7.78,26.13,18.35
L3_DAY_TYPE_TIME_PERIOD,03F1710N_01F1664S,Weekend,晚尖峰,536,1647,1111,2.0727611940298507,高風險,8.93,27.45,18.52
L3_DAY_TYPE_TIME_PERIOD,03F1710N_03F1651N,Weekday,凌晨,209,242,33,0.15789473684210525,穩定,3.48,4.03,0.55
L3_DAY_TYPE_TIME_PERIOD,03F1710N_03F1651N,Weekday,夜間,196,236,40,0.20408163265306123,穩定,3.27,3.93,0.67
L3_DAY_TYPE_TIME_PERIOD,03F1710N_03F1651N,Weekday,日間,199,234,35,0.17587939698492464,穩定,3.32,3.9,0.58
L3_DAY_TYPE_TIME_PERIOD,03F1710N_03F1651N,Weekday,早尖峰,196,234,38,0.19387755102040816,穩定,3.27,3.9,0.63
L3_DAY_TYPE_TIME_PERIOD,03F1710N_03F1651N,Weekday,晚尖峰,199,233,34,0.1708542713567839,穩定,3.32,3.88,0.57
L3_DAY_TYPE_TIME_PERIOD,03F1710N_03F1651N,Weekend,凌晨,193,240,47,0.24352331606217617,穩定,3.22,4.0,0.78
L3_DAY_TYPE_TIME_PERIOD,03F1710N_03F1651N,Weekend,夜間,198,248,50,0.25252525252525254,普通,3.3,4.13,0.83
L3_DAY_TYPE_TIME_PERIOD,03F1710N_03F1651N,Weekend,日間,199,410,211,1.0603015075376885,高風險,3.32,6.83,3.52
L3_DAY_TYPE_TIME_PERIOD,03F1710N_03F1651N,Weekend,早尖峰,194,227,33,0.17010309278350516,穩定,3.23,3.78,0.55
L3_DAY_TYPE_TIME_PERIOD,03F1710N_03F1651N,Weekend,晚尖峰,205,605,400,1.951219512195122,高風險,3.42,10.08,6.67
L3_DAY_TYPE_TIME_PERIOD,03F1710S_03F1739S,Weekday,凌晨,107,129,22,0.205607476635514,穩定,1.78,2.15,0.37
L3_DAY_TYPE_TIME_PERIOD,03F1710S_03F1739S,Weekday,夜間,96,121,25,0.2604166666666667,普通,1.6,2.02,0.42
L3_DAY_TYPE_TIME_PERIOD,03F1710S_03F1739S,Weekday,日間,97,119,22,0.2268041237113402,穩定,1.62,1.98,0.37
L3_DAY_TYPE_TIME_PERIOD,03F1710S_03F1739S,Weekday,早尖峰,95,118,23,0.24210526315789474,穩定,1.58,1.97,0.38
L3_DAY_TYPE_TIME_PERIOD,03F1710S_03F1739S,Weekday,晚尖峰,98,119,21,0.21428571428571427,穩定,1.63,1.98,0.35
L3_DAY_TYPE_TIME_PERIOD,03F1710S_03F1739S,Weekend,凌晨,95,125,30,0.3157894736842105,普通,1.58,2.08,0.5
L3_DAY_TYPE_TIME_PERIOD,03F1710S_03F1739S,Weekend,夜間,95,108,13,0.1368421052631579,穩定,1.58,1.8,0.22
L3_DAY_TYPE_TIME_PERIOD,03F1710S_03F1739S,Weekend,日間,96,111,15,0.15625,穩定,1.6,1.85,0.25
L3_DAY_TYPE_TIME_PERIOD,03F1710S_03F1739S,Weekend,早尖峰,95,114,19,0.2,穩定,1.58,1.9,0.32
L3_DAY_TYPE_TIME_PERIOD,03F1710S_03F1739S,Weekend,晚尖峰,98,111,13,0.1326530612244898,穩定,1.63,1.85,0.22
L3_DAY_TYPE_TIME_PERIOD,03F1739N_03F1710N,Weekday,凌晨,103,122,19,0.18446601941747573,穩定,1.72,2.03,0.32
L3_DAY_TYPE_TIME_PERIOD,03F1739N_03F1710N,Weekday,夜間,97,117,20,0.20618556701030927,穩定,1.62,1.95,0.33
L3_DAY_TYPE_TIME_PERIOD,03F1739N_03F1710N,Weekday,日間,98,116,18,0.1836734693877551,穩定,1.63,1.93,0.3
L3_DAY_TYPE_TIME_PERIOD,03F1739N_03F1710N,Weekday,早尖峰,96,115,19,0.19791666666666666,穩定,1.6,1.92,0.32
L3_DAY_TYPE_TIME_PERIOD,03F1739N_03F1710N,Weekday,晚尖峰,98,115,17,0.17346938775510204,穩定,1.63,1.92,0.28
L3_DAY_TYPE_TIME_PERIOD,03F1739N_03F1710N,Weekend,凌晨,96,120,24,0.25,普通,1.6,2.0,0.4
L3_DAY_TYPE_TIME_PERIOD,03F1739N_03F1710N,Weekend,夜間,98,112,14,0.14285714285714285,穩定,1.63,1.87,0.23
L3_DAY_TYPE_TIME_PERIOD,03F1739N_03F1710N,Weekend,日間,98,121,23,0.23469387755102042,穩定,1.63,2.02,0.38
L3_DAY_TYPE_TIME_PERIOD,03F1739N_03F1710N,Weekend,早尖峰,96,112,16,0.16666666666666666,穩定,1.6,1.87,0.27
L3_DAY_TYPE_TIME_PERIOD,03F1739N_03F1710N,Weekend,晚尖峰,100,136,36,0.36,普通,1.67,2.27,0.6
L3_DAY_TYPE_TIME_PERIOD,03F1739S_03F1779S,Weekday,凌晨,150,173,23,0.15333333333333332,穩定,2.5,2.88,0.38
L3_DAY_TYPE_TIME_PERIOD,03F1739S_03F1779S,Weekday,夜間,134,167,33,0.2462686567164179,穩定,2.23,2.78,0.55
L3_DAY_TYPE_TIME_PERIOD,03F1739S_03F1779S,Weekday,日間,136,163,27,0.19852941176470587,穩定,2.27,2.72,0.45
L3_DAY_TYPE_TIME_PERIOD,03F1739S_03F1779S,Weekday,早尖峰,133,163,30,0.22556390977443608,穩定,2.22,2.72,0.5
L3_DAY_TYPE_TIME_PERIOD,03F1739S_03F1779S,Weekday,晚尖峰,137,165,28,0.20437956204379562,穩定,2.28,2.75,0.47
L3_DAY_TYPE_TIME_PERIOD,03F1739S_03F1779S,Weekend,凌晨,132,168,36,0.2727272727272727,普通,2.2,2.8,0.6
L3_DAY_TYPE_TIME_PERIOD,03F1739S_03F1779S,Weekend,夜間,133,153,20,0.15037593984962405,穩定,2.22,2.55,0.33
L3_DAY_TYPE_TIME_PERIOD,03F1739S_03F1779S,Weekend,日間,135,156,21,0.15555555555555556,穩定,2.25,2.6,0.35
L3_DAY_TYPE_TIME_PERIOD,03F1739S_03F1779S,Weekend,早尖峰,133,155,22,0.16541353383458646,穩定,2.22,2.58,0.37
L3_DAY_TYPE_TIME_PERIOD,03F1739S_03F1779S,Weekend,晚尖峰,138,157,19,0.13768115942028986,穩定,2.3,2.62,0.32
L3_DAY_TYPE_TIME_PERIOD,03F1779N_03F1739N,Weekday,凌晨,143,163,20,0.13986013986013987,穩定,2.38,2.72,0.33
L3_DAY_TYPE_TIME_PERIOD,03F1779N_03F1739N,Weekday,夜間,131,159,28,0.21374045801526717,穩定,2.18,2.65,0.47
L3_DAY_TYPE_TIME_PERIOD,03F1779N_03F1739N,Weekday,日間,133,156,23,0.17293233082706766,穩定,2.22,2.6,0.38
L3_DAY_TYPE_TIME_PERIOD,03F1779N_03F1739N,Weekday,早尖峰,132,156,24,0.18181818181818182,穩定,2.2,2.6,0.4
L3_DAY_TYPE_TIME_PERIOD,03F1779N_03F1739N,Weekday,晚尖峰,133,155,22,0.16541353383458646,穩定,2.22,2.58,0.37
L3_DAY_TYPE_TIME_PERIOD,03F1779N_03F1739N,Weekend,凌晨,130,160,30,0.23076923076923078,穩定,2.17,2.67,0.5
L3_DAY_TYPE_TIME_PERIOD,03F1779N_03F1739N,Weekend,夜間,132,152,20,0.15151515151515152,穩定,2.2,2.53,0.33
L3_DAY_TYPE_TIME_PERIOD,03F1779N_03F1739N,Weekend,日間,133,188,55,0.41353383458646614,普通,2.22,3.13,0.92
L3_DAY_TYPE_TIME_PERIOD,03F1779N_03F1739N,Weekend,早尖峰,130,151,21,0.16153846153846155,穩定,2.17,2.52,0.35
L3_DAY_TYPE_TIME_PERIOD,03F1779N_03F1739N,Weekend,晚尖峰,136,177,41,0.3014705882352941,普通,2.27,2.95,0.68
L3_DAY_TYPE_TIME_PERIOD,03F1779S_03F1860S,Weekday,凌晨,302,341,39,0.1291390728476821,穩定,5.03,5.68,0.65
L3_DAY_TYPE_TIME_PERIOD,03F1779S_03F1860S,Weekday,夜間,272,333,61,0.22426470588235295,穩定,4.53,5.55,1.02
L3_DAY_TYPE_TIME_PERIOD,03F1779S_03F1860S,Weekday,日間,273,330,57,0.2087912087912088,穩定,4.55,5.5,0.95
L3_DAY_TYPE_TIME_PERIOD,03F1779S_03F1860S,Weekday,早尖峰,269,328,59,0.21933085501858737,穩定,4.48,5.47,0.98
L3_DAY_TYPE_TIME_PERIOD,03F1779S_03F1860S,Weekday,晚尖峰,277,340,63,0.22743682310469315,穩定,4.62,5.67,1.05
L3_DAY_TYPE_TIME_PERIOD,03F1779S_03F1860S,Weekend,凌晨,267,333,66,0.24719101123595505,穩定,4.45,5.55,1.1
L3_DAY_TYPE_TIME_PERIOD,03F1779S_03F1860S,Weekend,夜間,271,308,37,0.13653136531365315,穩定,4.52,5.13,0.62
L3_DAY_TYPE_TIME_PERIOD,03F1779S_03F1860S,Weekend,日間,271,322,51,0.1881918819188192,穩定,4.52,5.37,0.85
L3_DAY_TYPE_TIME_PERIOD,03F1779S_03F1860S,Weekend,早尖峰,268,316,48,0.1791044776119403,穩定,4.47,5.27,0.8
L3_DAY_TYPE_TIME_PERIOD,03F1779S_03F1860S,Weekend,晚尖峰,275,316,41,0.14909090909090908,穩定,4.58,5.27,0.68
L3_DAY_TYPE_TIME_PERIOD,03F1860N_03F1779N,Weekday,凌晨,308,383,75,0.2435064935064935,穩定,5.13,6.38,1.25
L3_DAY_TYPE_TIME_PERIOD,03F1860N_03F1779N,Weekday,夜間,275,367,92,0.33454545454545453,普通,4.58,6.12,1.53
L3_DAY_TYPE_TIME_PERIOD,03F1860N_03F1779N,Weekday,日間,281,355,74,0.26334519572953735,普通,4.68,5.92,1.23
L3_DAY_TYPE_TIME_PERIOD,03F1860N_03F1779N,Weekday,早尖峰,278,359,81,0.29136690647482016,普通,4.63,5.98,1.35
L3_DAY_TYPE_TIME_PERIOD,03F1860N_03F1779N,Weekday,晚尖峰,280,350,70,0.25,普通,4.67,5.83,1.17
L3_DAY_TYPE_TIME_PERIOD,03F1860N_03F1779N,Weekend,凌晨,272,363,91,0.33455882352941174,普通,4.53,6.05,1.52
L3_DAY_TYPE_TIME_PERIOD,03F1860N_03F1779N,Weekend,夜間,278,329,51,0.18345323741007194,穩定,4.63,5.48,0.85
L3_DAY_TYPE_TIME_PERIOD,03F1860N_03F1779N,Weekend,日間,280,391,111,0.3964285714285714,普通,4.67,6.52,1.85
L3_DAY_TYPE_TIME_PERIOD,03F1860N_03F1779N,Weekend,早尖峰,272,339,67,0.24632352941176472,穩定,4.53,5.65,1.12
L3_DAY_TYPE_TIME_PERIOD,03F1860N_03F1779N,Weekend,晚尖峰,288,357,69,0.23958333333333334,穩定,4.8,5.95,1.15
L3_DAY_TYPE_TIME_PERIOD,03F1860S_03F1944S,Weekday,凌晨,305,350,45,0.14754098360655737,穩定,5.08,5.83,0.75
L3_DAY_TYPE_TIME_PERIOD,03F1860S_03F1944S,Weekday,夜間,279,376,97,0.34767025089605735,普通,4.65,6.27,1.62
L3_DAY_TYPE_TIME_PERIOD,03F1860S_03F1944S,Weekday,日間,285,345,60,0.21052631578947367,穩定,4.75,5.75,1.0
L3_DAY_TYPE_TIME_PERIOD,03F1860S_03F1944S,Weekday,早尖峰,278,338,60,0.2158273381294964,穩定,4.63,5.63,1.0
L3_DAY_TYPE_TIME_PERIOD,03F1860S_03F1944S,Weekday,晚尖峰,294,600,306,1.0408163265306123,高風險,4.9,10.0,5.1
L3_DAY_TYPE_TIME_PERIOD,03F1860S_03F1944S,Weekend,凌晨,272,346,74,0.27205882352941174,普通,4.53,5.77,1.23
L3_DAY_TYPE_TIME_PERIOD,03F1860S_03F1944S,Weekend,夜間,278,334,56,0.2014388489208633,穩定,4.63,5.57,0.93
L3_DAY_TYPE_TIME_PERIOD,03F1860S_03F1944S,Weekend,日間,282,588,306,1.0851063829787233,高風險,4.7,9.8,5.1
L3_DAY_TYPE_TIME_PERIOD,03F1860S_03F1944S,Weekend,早尖峰,277,475,198,0.7148014440433214,不穩定,4.62,7.92,3.3
L3_DAY_TYPE_TIME_PERIOD,03F1860S_03F1944S,Weekend,晚尖峰,286,475,189,0.6608391608391608,不穩定,4.77,7.92,3.15
L3_DAY_TYPE_TIME_PERIOD,03F1941N_03F1860N,Weekday,凌晨,281,333,52,0.18505338078291814,穩定,4.68,5.55,0.87
L3_DAY_TYPE_TIME_PERIOD,03F1941N_03F1860N,Weekday,夜間,266,325,59,0.22180451127819548,穩定,4.43,5.42,0.98
L3_DAY_TYPE_TIME_PERIOD,03F1941N_03F1860N,Weekday,日間,273,324,51,0.18681318681318682,穩定,4.55,5.4,0.85
L3_DAY_TYPE_TIME_PERIOD,03F1941N_03F1860N,Weekday,早尖峰,274,327,53,0.19343065693430658,穩定,4.57,5.45,0.88
L3_DAY_TYPE_TIME_PERIOD,03F1941N_03F1860N,Weekday,晚尖峰,273,323,50,0.18315018315018314,穩定,4.55,5.38,0.83
L3_DAY_TYPE_TIME_PERIOD,03F1941N_03F1860N,Weekend,凌晨,263,325,62,0.23574144486692014,穩定,4.38,5.42,1.03
L3_DAY_TYPE_TIME_PERIOD,03F1941N_03F1860N,Weekend,夜間,271,321,50,0.18450184501845018,穩定,4.52,5.35,0.83
L3_DAY_TYPE_TIME_PERIOD,03F1941N_03F1860N,Weekend,日間,272,350,78,0.2867647058823529,普通,4.53,5.83,1.3
L3_DAY_TYPE_TIME_PERIOD,03F1941N_03F1860N,Weekend,早尖峰,263,310,47,0.17870722433460076,穩定,4.38,5.17,0.78
L3_DAY_TYPE_TIME_PERIOD,03F1941N_03F1860N,Weekend,晚尖峰,284,420,136,0.4788732394366197,普通,4.73,7.0,2.27
L3_DAY_TYPE_TIME_PERIOD,03F1944S_01F1906N,Weekday,凌晨,226,2323,2097,9.278761061946902,高風險,3.77,38.72,34.95
L3_DAY_TYPE_TIME_PERIOD,03F1944S_01F1906N,Weekday,夜間,228,368,140,0.6140350877192983,不穩定,3.8,6.13,2.33
L3_DAY_TYPE_TIME_PERIOD,03F1944S_01F1906N,Weekday,日間,242,301,59,0.24380165289256198,穩定,4.03,5.02,0.98
L3_DAY_TYPE_TIME_PERIOD,03F1944S_01F1906N,Weekday,早尖峰,230,264,34,0.14782608695652175,穩定,3.83,4.4,0.57
L3_DAY_TYPE_TIME_PERIOD,03F1944S_01F1906N,Weekday,晚尖峰,247,350,103,0.41700404858299595,普通,4.12,5.83,1.72
L3_DAY_TYPE_TIME_PERIOD,03F1944S_01F1906N,Weekend,凌晨,219,1921,1702,7.771689497716895,高風險,3.65,32.02,28.37
L3_DAY_TYPE_TIME_PERIOD,03F1944S_01F1906N,Weekend,夜間,229,275,46,0.20087336244541484,穩定,3.82,4.58,0.77
L3_DAY_TYPE_TIME_PERIOD,03F1944S_01F1906N,Weekend,日間,232,390,158,0.6810344827586207,不穩定,3.87,6.5,2.63
L3_DAY_TYPE_TIME_PERIOD,03F1944S_01F1906N,Weekend,早尖峰,223,309,86,0.38565022421524664,普通,3.72,5.15,1.43
L3_DAY_TYPE_TIME_PERIOD,03F1944S_01F1906N,Weekend,晚尖峰,244,372,128,0.5245901639344263,不穩定,4.07,6.2,2.13
L3_DAY_TYPE_TIME_PERIOD,03F1944S_01F1960S,Weekday,凌晨,263,288,25,0.09505703422053231,穩定,4.38,4.8,0.42
L3_DAY_TYPE_TIME_PERIOD,03F1944S_01F1960S,Weekday,夜間,258,411,153,0.5930232558139535,不穩定,4.3,6.85,2.55
L3_DAY_TYPE_TIME_PERIOD,03F1944S_01F1960S,Weekday,日間,274,384,110,0.40145985401459855,普通,4.57,6.4,1.83
L3_DAY_TYPE_TIME_PERIOD,03F1944S_01F1960S,Weekday,早尖峰,261,291,30,0.11494252873563218,穩定,4.35,4.85,0.5
L3_DAY_TYPE_TIME_PERIOD,03F1944S_01F1960S,Weekday,晚尖峰,280,441,161,0.575,不穩定,4.67,7.35,2.68
L3_DAY_TYPE_TIME_PERIOD,03F1944S_01F1960S,Weekend,凌晨,238,310,72,0.3025210084033613,普通,3.97,5.17,1.2
L3_DAY_TYPE_TIME_PERIOD,03F1944S_01F1960S,Weekend,夜間,251,311,60,0.23904382470119523,穩定,4.18,5.18,1.0
L3_DAY_TYPE_TIME_PERIOD,03F1944S_01F1960S,Weekend,日間,265,898,633,2.388679245283019,高風險,4.42,14.97,10.55
L3_DAY_TYPE_TIME_PERIOD,03F1944S_01F1960S,Weekend,早尖峰,251,689,438,1.745019920318725,高風險,4.18,11.48,7.3
L3_DAY_TYPE_TIME_PERIOD,03F1944S_01F1960S,Weekend,晚尖峰,272,490,218,0.8014705882352942,不穩定,4.53,8.17,3.63
L3_DAY_TYPE_TIME_PERIOD,03F1944S_03F1991S,Weekday,凌晨,157,198,41,0.2611464968152866,普通,2.62,3.3,0.68
L3_DAY_TYPE_TIME_PERIOD,03F1944S_03F1991S,Weekday,夜間,155,190,35,0.22580645161290322,穩定,2.58,3.17,0.58
L3_DAY_TYPE_TIME_PERIOD,03F1944S_03F1991S,Weekday,日間,160,193,33,0.20625,穩定,2.67,3.22,0.55
L3_DAY_TYPE_TIME_PERIOD,03F1944S_03F1991S,Weekday,早尖峰,156,190,34,0.21794871794871795,穩定,2.6,3.17,0.57
L3_DAY_TYPE_TIME_PERIOD,03F1944S_03F1991S,Weekday,晚尖峰,165,204,39,0.23636363636363636,穩定,2.75,3.4,0.65
L3_DAY_TYPE_TIME_PERIOD,03F1944S_03F1991S,Weekend,凌晨,152,181,29,0.19078947368421054,穩定,2.53,3.02,0.48
L3_DAY_TYPE_TIME_PERIOD,03F1944S_03F1991S,Weekend,夜間,156,173,17,0.10897435897435898,穩定,2.6,2.88,0.28
L3_DAY_TYPE_TIME_PERIOD,03F1944S_03F1991S,Weekend,日間,157,198,41,0.2611464968152866,普通,2.62,3.3,0.68
L3_DAY_TYPE_TIME_PERIOD,03F1944S_03F1991S,Weekend,早尖峰,154,191,37,0.24025974025974026,穩定,2.57,3.18,0.62
L3_DAY_TYPE_TIME_PERIOD,03F1944S_03F1991S,Weekend,晚尖峰,160,195,35,0.21875,穩定,2.67,3.25,0.58
L3_DAY_TYPE_TIME_PERIOD,03F1991S_03F2066S,Weekday,凌晨,251,316,65,0.2589641434262948,普通,4.18,5.27,1.08
L3_DAY_TYPE_TIME_PERIOD,03F1991S_03F2066S,Weekday,夜間,248,290,42,0.1693548387096774,穩定,4.13,4.83,0.7
L3_DAY_TYPE_TIME_PERIOD,03F1991S_03F2066S,Weekday,日間,257,303,46,0.17898832684824903,穩定,4.28,5.05,0.77
L3_DAY_TYPE_TIME_PERIOD,03F1991S_03F2066S,Weekday,早尖峰,251,302,51,0.20318725099601595,穩定,4.18,5.03,0.85
L3_DAY_TYPE_TIME_PERIOD,03F1991S_03F2066S,Weekday,晚尖峰,261,309,48,0.1839080459770115,穩定,4.35,5.15,0.8
L3_DAY_TYPE_TIME_PERIOD,03F1991S_03F2066S,Weekend,凌晨,243,288,45,0.18518518518518517,穩定,4.05,4.8,0.75
L3_DAY_TYPE_TIME_PERIOD,03F1991S_03F2066S,Weekend,夜間,249,266,17,0.06827309236947791,穩定,4.15,4.43,0.28
L3_DAY_TYPE_TIME_PERIOD,03F1991S_03F2066S,Weekend,日間,251,321,70,0.2788844621513944,普通,4.18,5.35,1.17
L3_DAY_TYPE_TIME_PERIOD,03F1991S_03F2066S,Weekend,早尖峰,248,288,40,0.16129032258064516,穩定,4.13,4.8,0.67
L3_DAY_TYPE_TIME_PERIOD,03F1991S_03F2066S,Weekend,晚尖峰,253,280,27,0.1067193675889328,穩定,4.22,4.67,0.45
L3_DAY_TYPE_TIME_PERIOD,03F1992N_01F1906N,Weekday,凌晨,236,2020,1784,7.559322033898305,高風險,3.93,33.67,29.73
L3_DAY_TYPE_TIME_PERIOD,03F1992N_01F1906N,Weekday,夜間,238,1158,920,3.865546218487395,高風險,3.97,19.3,15.33
L3_DAY_TYPE_TIME_PERIOD,03F1992N_01F1906N,Weekday,日間,249,287,38,0.15261044176706828,穩定,4.15,4.78,0.63
L3_DAY_TYPE_TIME_PERIOD,03F1992N_01F1906N,Weekday,早尖峰,244,278,34,0.13934426229508196,穩定,4.07,4.63,0.57
L3_DAY_TYPE_TIME_PERIOD,03F1992N_01F1906N,Weekday,晚尖峰,248,285,37,0.14919354838709678,穩定,4.13,4.75,0.62
L3_DAY_TYPE_TIME_PERIOD,03F1992N_01F1906N,Weekend,凌晨,228,1686,1458,6.394736842105263,高風險,3.8,28.1,24.3
L3_DAY_TYPE_TIME_PERIOD,03F1992N_01F1906N,Weekend,夜間,239,277,38,0.1589958158995816,穩定,3.98,4.62,0.63
L3_DAY_TYPE_TIME_PERIOD,03F1992N_01F1906N,Weekend,日間,238,288,50,0.21008403361344538,穩定,3.97,4.8,0.83
L3_DAY_TYPE_TIME_PERIOD,03F1992N_01F1906N,Weekend,早尖峰,231,274,43,0.18614718614718614,穩定,3.85,4.57,0.72
L3_DAY_TYPE_TIME_PERIOD,03F1992N_01F1906N,Weekend,晚尖峰,246,308,62,0.25203252032520324,普通,4.1,5.13,1.03
L3_DAY_TYPE_TIME_PERIOD,03F1992N_01F1960S,Weekday,凌晨,255,307,52,0.20392156862745098,穩定,4.25,5.12,0.87
L3_DAY_TYPE_TIME_PERIOD,03F1992N_01F1960S,Weekday,夜間,265,306,41,0.15471698113207547,穩定,4.42,5.1,0.68
L3_DAY_TYPE_TIME_PERIOD,03F1992N_01F1960S,Weekday,日間,282,335,53,0.1879432624113475,穩定,4.7,5.58,0.88
L3_DAY_TYPE_TIME_PERIOD,03F1992N_01F1960S,Weekday,早尖峰,271,303,32,0.11808118081180811,穩定,4.52,5.05,0.53
L3_DAY_TYPE_TIME_PERIOD,03F1992N_01F1960S,Weekday,晚尖峰,281,376,95,0.33807829181494664,普通,4.68,6.27,1.58
L3_DAY_TYPE_TIME_PERIOD,03F1992N_01F1960S,Weekend,凌晨,250,292,42,0.168,穩定,4.17,4.87,0.7
L3_DAY_TYPE_TIME_PERIOD,03F1992N_01F1960S,Weekend,夜間,266,288,22,0.08270676691729323,穩定,4.43,4.8,0.37
L3_DAY_TYPE_TIME_PERIOD,03F1992N_01F1960S,Weekend,日間,272,754,482,1.7720588235294117,高風險,4.53,12.57,8.03
L3_DAY_TYPE_TIME_PERIOD,03F1992N_01F1960S,Weekend,早尖峰,261,501,240,0.9195402298850575,不穩定,4.35,8.35,4.0
L3_DAY_TYPE_TIME_PERIOD,03F1992N_01F1960S,Weekend,晚尖峰,278,408,130,0.4676258992805755,普通,4.63,6.8,2.17
L3_DAY_TYPE_TIME_PERIOD,03F1992N_03F1941N,Weekday,凌晨,170,209,39,0.22941176470588234,穩定,2.83,3.48,0.65
L3_DAY_TYPE_TIME_PERIOD,03F1992N_03F1941N,Weekday,夜間,168,191,23,0.13690476190476192,穩定,2.8,3.18,0.38
L3_DAY_TYPE_TIME_PERIOD,03F1992N_03F1941N,Weekday,日間,173,207,34,0.19653179190751446,穩定,2.88,3.45,0.57
L3_DAY_TYPE_TIME_PERIOD,03F1992N_03F1941N,Weekday,早尖峰,173,211,38,0.21965317919075145,穩定,2.88,3.52,0.63
L3_DAY_TYPE_TIME_PERIOD,03F1992N_03F1941N,Weekday,晚尖峰,172,204,32,0.18604651162790697,穩定,2.87,3.4,0.53
L3_DAY_TYPE_TIME_PERIOD,03F1992N_03F1941N,Weekend,凌晨,165,197,32,0.19393939393939394,穩定,2.75,3.28,0.53
L3_DAY_TYPE_TIME_PERIOD,03F1992N_03F1941N,Weekend,夜間,169,191,22,0.1301775147928994,穩定,2.82,3.18,0.37
L3_DAY_TYPE_TIME_PERIOD,03F1992N_03F1941N,Weekend,日間,170,319,149,0.8764705882352941,不穩定,2.83,5.32,2.48
L3_DAY_TYPE_TIME_PERIOD,03F1992N_03F1941N,Weekend,早尖峰,166,194,28,0.1686746987951807,穩定,2.77,3.23,0.47
L3_DAY_TYPE_TIME_PERIOD,03F1992N_03F1941N,Weekend,晚尖峰,175,354,179,1.022857142857143,高風險,2.92,5.9,2.98
L3_DAY_TYPE_TIME_PERIOD,03F2066N_03F1992N,Weekday,凌晨,249,306,57,0.2289156626506024,穩定,4.15,5.1,0.95
L3_DAY_TYPE_TIME_PERIOD,03F2066N_03F1992N,Weekday,夜間,246,286,40,0.16260162601626016,穩定,4.1,4.77,0.67
L3_DAY_TYPE_TIME_PERIOD,03F2066N_03F1992N,Weekday,日間,256,301,45,0.17578125,穩定,4.27,5.02,0.75
L3_DAY_TYPE_TIME_PERIOD,03F2066N_03F1992N,Weekday,早尖峰,252,300,48,0.19047619047619047,穩定,4.2,5.0,0.8
L3_DAY_TYPE_TIME_PERIOD,03F2066N_03F1992N,Weekday,晚尖峰,258,301,43,0.16666666666666666,穩定,4.3,5.02,0.72
L3_DAY_TYPE_TIME_PERIOD,03F2066N_03F1992N,Weekend,凌晨,242,290,48,0.19834710743801653,穩定,4.03,4.83,0.8
L3_DAY_TYPE_TIME_PERIOD,03F2066N_03F1992N,Weekend,夜間,248,278,30,0.12096774193548387,穩定,4.13,4.63,0.5
L3_DAY_TYPE_TIME_PERIOD,03F2066N_03F1992N,Weekend,日間,249,280,31,0.12449799196787148,穩定,4.15,4.67,0.52
L3_DAY_TYPE_TIME_PERIOD,03F2066N_03F1992N,Weekend,早尖峰,244,286,42,0.1721311475409836,穩定,4.07,4.77,0.7
L3_DAY_TYPE_TIME_PERIOD,03F2066N_03F1992N,Weekend,晚尖峰,260,289,29,0.11153846153846154,穩定,4.33,4.82,0.48
L3_DAY_TYPE_TIME_PERIOD,03F2066S_03F2079S,Weekday,凌晨,45,56,11,0.24444444444444444,穩定,0.75,0.93,0.18
L3_DAY_TYPE_TIME_PERIOD,03F2066S_03F2079S,Weekday,夜間,46,52,6,0.13043478260869565,穩定,0.77,0.87,0.1
L3_DAY_TYPE_TIME_PERIOD,03F2066S_03F2079S,Weekday,日間,47,55,8,0.1702127659574468,穩定,0.78,0.92,0.13
L3_DAY_TYPE_TIME_PERIOD,03F2066S_03F2079S,Weekday,早尖峰,46,54,8,0.17391304347826086,穩定,0.77,0.9,0.13
L3_DAY_TYPE_TIME_PERIOD,03F2066S_03F2079S,Weekday,晚尖峰,49,56,7,0.14285714285714285,穩定,0.82,0.93,0.12
L3_DAY_TYPE_TIME_PERIOD,03F2066S_03F2079S,Weekend,凌晨,45,51,6,0.13333333333333333,穩定,0.75,0.85,0.1
L3_DAY_TYPE_TIME_PERIOD,03F2066S_03F2079S,Weekend,夜間,47,50,3,0.06382978723404255,穩定,0.78,0.83,0.05
L3_DAY_TYPE_TIME_PERIOD,03F2066S_03F2079S,Weekend,日間,47,132,85,1.8085106382978724,高風險,0.78,2.2,1.42
L3_DAY_TYPE_TIME_PERIOD,03F2066S_03F2079S,Weekend,早尖峰,46,53,7,0.15217391304347827,穩定,0.77,0.88,0.12
L3_DAY_TYPE_TIME_PERIOD,03F2066S_03F2079S,Weekend,晚尖峰,47,52,5,0.10638297872340426,穩定,0.78,0.87,0.08
L3_DAY_TYPE_TIME_PERIOD,03F2078N_03F2066N,Weekday,凌晨,42,51,9,0.21428571428571427,穩定,0.7,0.85,0.15
L3_DAY_TYPE_TIME_PERIOD,03F2078N_03F2066N,Weekday,夜間,43,47,4,0.09302325581395349,穩定,0.72,0.78,0.07
L3_DAY_TYPE_TIME_PERIOD,03F2078N_03F2066N,Weekday,日間,44,50,6,0.13636363636363635,穩定,0.73,0.83,0.1
L3_DAY_TYPE_TIME_PERIOD,03F2078N_03F2066N,Weekday,早尖峰,43,50,7,0.16279069767441862,穩定,0.72,0.83,0.12
L3_DAY_TYPE_TIME_PERIOD,03F2078N_03F2066N,Weekday,晚尖峰,45,50,5,0.1111111111111111,穩定,0.75,0.83,0.08
L3_DAY_TYPE_TIME_PERIOD,03F2078N_03F2066N,Weekend,凌晨,42,48,6,0.14285714285714285,穩定,0.7,0.8,0.1
L3_DAY_TYPE_TIME_PERIOD,03F2078N_03F2066N,Weekend,夜間,44,51,7,0.1590909090909091,穩定,0.73,0.85,0.12
L3_DAY_TYPE_TIME_PERIOD,03F2078N_03F2066N,Weekend,日間,43,49,6,0.13953488372093023,穩定,0.72,0.82,0.1
L3_DAY_TYPE_TIME_PERIOD,03F2078N_03F2066N,Weekend,早尖峰,42,48,6,0.14285714285714285,穩定,0.7,0.8,0.1
L3_DAY_TYPE_TIME_PERIOD,03F2078N_03F2066N,Weekend,晚尖峰,47,55,8,0.1702127659574468,穩定,0.78,0.92,0.13
L3_DAY_TYPE_TIME_PERIOD,03F2079S_03F2100S,Weekday,凌晨,71,88,17,0.23943661971830985,穩定,1.18,1.47,0.28
L3_DAY_TYPE_TIME_PERIOD,03F2079S_03F2100S,Weekday,夜間,72,81,9,0.125,穩定,1.2,1.35,0.15
L3_DAY_TYPE_TIME_PERIOD,03F2079S_03F2100S,Weekday,日間,74,86,12,0.16216216216216217,穩定,1.23,1.43,0.2
L3_DAY_TYPE_TIME_PERIOD,03F2079S_03F2100S,Weekday,早尖峰,72,86,14,0.19444444444444445,穩定,1.2,1.43,0.23
L3_DAY_TYPE_TIME_PERIOD,03F2079S_03F2100S,Weekday,晚尖峰,76,88,12,0.15789473684210525,穩定,1.27,1.47,0.2
L3_DAY_TYPE_TIME_PERIOD,03F2079S_03F2100S,Weekend,凌晨,69,81,12,0.17391304347826086,穩定,1.15,1.35,0.2
L3_DAY_TYPE_TIME_PERIOD,03F2079S_03F2100S,Weekend,夜間,73,78,5,0.0684931506849315,穩定,1.22,1.3,0.08
L3_DAY_TYPE_TIME_PERIOD,03F2079S_03F2100S,Weekend,日間,74,274,200,2.7027027027027026,高風險,1.23,4.57,3.33
L3_DAY_TYPE_TIME_PERIOD,03F2079S_03F2100S,Weekend,早尖峰,72,98,26,0.3611111111111111,普通,1.2,1.63,0.43
L3_DAY_TYPE_TIME_PERIOD,03F2079S_03F2100S,Weekend,晚尖峰,73,81,8,0.1095890410958904,穩定,1.22,1.35,0.13
L3_DAY_TYPE_TIME_PERIOD,03F2100N_03F2078N,Weekday,凌晨,76,92,16,0.21052631578947367,穩定,1.27,1.53,0.27
L3_DAY_TYPE_TIME_PERIOD,03F2100N_03F2078N,Weekday,夜間,76,86,10,0.13157894736842105,穩定,1.27,1.43,0.17
L3_DAY_TYPE_TIME_PERIOD,03F2100N_03F2078N,Weekday,日間,79,92,13,0.16455696202531644,穩定,1.32,1.53,0.22
L3_DAY_TYPE_TIME_PERIOD,03F2100N_03F2078N,Weekday,早尖峰,78,90,12,0.15384615384615385,穩定,1.3,1.5,0.2
L3_DAY_TYPE_TIME_PERIOD,03F2100N_03F2078N,Weekday,晚尖峰,82,97,15,0.18292682926829268,穩定,1.37,1.62,0.25
L3_DAY_TYPE_TIME_PERIOD,03F2100N_03F2078N,Weekend,凌晨,74,87,13,0.17567567567567569,穩定,1.23,1.45,0.22
L3_DAY_TYPE_TIME_PERIOD,03F2100N_03F2078N,Weekend,夜間,78,97,19,0.24358974358974358,穩定,1.3,1.62,0.32
L3_DAY_TYPE_TIME_PERIOD,03F2100N_03F2078N,Weekend,日間,78,95,17,0.21794871794871795,穩定,1.3,1.58,0.28
L3_DAY_TYPE_TIME_PERIOD,03F2100N_03F2078N,Weekend,早尖峰,75,86,11,0.14666666666666667,穩定,1.25,1.43,0.18
L3_DAY_TYPE_TIME_PERIOD,03F2100N_03F2078N,Weekend,晚尖峰,88,106,18,0.20454545454545456,穩定,1.47,1.77,0.3
L3_DAY_TYPE_TIME_PERIOD,03F2100S_03F2129S,Weekday,凌晨,99,123,24,0.24242424242424243,穩定,1.65,2.05,0.4
L3_DAY_TYPE_TIME_PERIOD,03F2100S_03F2129S,Weekday,夜間,101,113,12,0.1188118811881188,穩定,1.68,1.88,0.2
L3_DAY_TYPE_TIME_PERIOD,03F2100S_03F2129S,Weekday,日間,104,121,17,0.16346153846153846,穩定,1.73,2.02,0.28
L3_DAY_TYPE_TIME_PERIOD,03F2100S_03F2129S,Weekday,早尖峰,102,120,18,0.17647058823529413,穩定,1.7,2.0,0.3
L3_DAY_TYPE_TIME_PERIOD,03F2100S_03F2129S,Weekday,晚尖峰,104,121,17,0.16346153846153846,穩定,1.73,2.02,0.28
L3_DAY_TYPE_TIME_PERIOD,03F2100S_03F2129S,Weekend,凌晨,97,112,15,0.15463917525773196,穩定,1.62,1.87,0.25
L3_DAY_TYPE_TIME_PERIOD,03F2100S_03F2129S,Weekend,夜間,101,108,7,0.06930693069306931,穩定,1.68,1.8,0.12
L3_DAY_TYPE_TIME_PERIOD,03F2100S_03F2129S,Weekend,日間,108,321,213,1.9722222222222223,高風險,1.8,5.35,3.55
L3_DAY_TYPE_TIME_PERIOD,03F2100S_03F2129S,Weekend,早尖峰,103,199,96,0.9320388349514563,不穩定,1.72,3.32,1.6
L3_DAY_TYPE_TIME_PERIOD,03F2100S_03F2129S,Weekend,晚尖峰,103,116,13,0.1262135922330097,穩定,1.72,1.93,0.22
L3_DAY_TYPE_TIME_PERIOD,03F2125N_03F2100N,Weekday,凌晨,81,98,17,0.20987654320987653,穩定,1.35,1.63,0.28
L3_DAY_TYPE_TIME_PERIOD,03F2125N_03F2100N,Weekday,夜間,83,93,10,0.12048192771084337,穩定,1.38,1.55,0.17
L3_DAY_TYPE_TIME_PERIOD,03F2125N_03F2100N,Weekday,日間,85,98,13,0.15294117647058825,穩定,1.42,1.63,0.22
L3_DAY_TYPE_TIME_PERIOD,03F2125N_03F2100N,Weekday,早尖峰,83,96,13,0.1566265060240964,穩定,1.38,1.6,0.22
L3_DAY_TYPE_TIME_PERIOD,03F2125N_03F2100N,Weekday,晚尖峰,89,177,88,0.9887640449438202,不穩定,1.48,2.95,1.47
L3_DAY_TYPE_TIME_PERIOD,03F2125N_03F2100N,Weekend,凌晨,80,93,13,0.1625,穩定,1.33,1.55,0.22
L3_DAY_TYPE_TIME_PERIOD,03F2125N_03F2100N,Weekend,夜間,86,130,44,0.5116279069767442,不穩定,1.43,2.17,0.73
L3_DAY_TYPE_TIME_PERIOD,03F2125N_03F2100N,Weekend,日間,85,117,32,0.3764705882352941,普通,1.42,1.95,0.53
L3_DAY_TYPE_TIME_PERIOD,03F2125N_03F2100N,Weekend,早尖峰,81,92,11,0.13580246913580246,穩定,1.35,1.53,0.18
L3_DAY_TYPE_TIME_PERIOD,03F2125N_03F2100N,Weekend,晚尖峰,97,267,170,1.7525773195876289,高風險,1.62,4.45,2.83
L3_DAY_TYPE_TIME_PERIOD,03F2129S_03F2152S,Weekday,凌晨,77,94,17,0.22077922077922077,穩定,1.28,1.57,0.28
L3_DAY_TYPE_TIME_PERIOD,03F2129S_03F2152S,Weekday,夜間,78,86,8,0.10256410256410256,穩定,1.3,1.43,0.13
L3_DAY_TYPE_TIME_PERIOD,03F2129S_03F2152S,Weekday,日間,81,93,12,0.14814814814814814,穩定,1.35,1.55,0.2
L3_DAY_TYPE_TIME_PERIOD,03F2129S_03F2152S,Weekday,早尖峰,80,91,11,0.1375,穩定,1.33,1.52,0.18
L3_DAY_TYPE_TIME_PERIOD,03F2129S_03F2152S,Weekday,晚尖峰,81,92,11,0.13580246913580246,穩定,1.35,1.53,0.18
L3_DAY_TYPE_TIME_PERIOD,03F2129S_03F2152S,Weekend,凌晨,76,86,10,0.13157894736842105,穩定,1.27,1.43,0.17
L3_DAY_TYPE_TIME_PERIOD,03F2129S_03F2152S,Weekend,夜間,79,83,4,0.05063291139240506,穩定,1.32,1.38,0.07
L3_DAY_TYPE_TIME_PERIOD,03F2129S_03F2152S,Weekend,日間,84,108,24,0.2857142857142857,普通,1.4,1.8,0.4
L3_DAY_TYPE_TIME_PERIOD,03F2129S_03F2152S,Weekend,早尖峰,80,98,18,0.225,穩定,1.33,1.63,0.3
L3_DAY_TYPE_TIME_PERIOD,03F2129S_03F2152S,Weekend,晚尖峰,81,90,9,0.1111111111111111,穩定,1.35,1.5,0.15
L3_DAY_TYPE_TIME_PERIOD,03F2152S_03F2194S,Weekday,凌晨,140,171,31,0.22142857142857142,穩定,2.33,2.85,0.52
L3_DAY_TYPE_TIME_PERIOD,03F2152S_03F2194S,Weekday,夜間,141,152,11,0.07801418439716312,穩定,2.35,2.53,0.18
L3_DAY_TYPE_TIME_PERIOD,03F2152S_03F2194S,Weekday,日間,144,164,20,0.1388888888888889,穩定,2.4,2.73,0.33
L3_DAY_TYPE_TIME_PERIOD,03F2152S_03F2194S,Weekday,早尖峰,142,162,20,0.14084507042253522,穩定,2.37,2.7,0.33
L3_DAY_TYPE_TIME_PERIOD,03F2152S_03F2194S,Weekday,晚尖峰,143,160,17,0.11888111888111888,穩定,2.38,2.67,0.28
L3_DAY_TYPE_TIME_PERIOD,03F2152S_03F2194S,Weekend,凌晨,138,156,18,0.13043478260869565,穩定,2.3,2.6,0.3
L3_DAY_TYPE_TIME_PERIOD,03F2152S_03F2194S,Weekend,夜間,142,148,6,0.04225352112676056,穩定,2.37,2.47,0.1
L3_DAY_TYPE_TIME_PERIOD,03F2152S_03F2194S,Weekend,日間,145,166,21,0.14482758620689656,穩定,2.42,2.77,0.35
L3_DAY_TYPE_TIME_PERIOD,03F2152S_03F2194S,Weekend,早尖峰,142,157,15,0.1056338028169014,穩定,2.37,2.62,0.25
L3_DAY_TYPE_TIME_PERIOD,03F2152S_03F2194S,Weekend,晚尖峰,144,154,10,0.06944444444444445,穩定,2.4,2.57,0.17
L3_DAY_TYPE_TIME_PERIOD,03F2153N_03F2125N,Weekday,凌晨,93,113,20,0.21505376344086022,穩定,1.55,1.88,0.33
L3_DAY_TYPE_TIME_PERIOD,03F2153N_03F2125N,Weekday,夜間,96,106,10,0.10416666666666667,穩定,1.6,1.77,0.17
L3_DAY_TYPE_TIME_PERIOD,03F2153N_03F2125N,Weekday,日間,98,112,14,0.14285714285714285,穩定,1.63,1.87,0.23
L3_DAY_TYPE_TIME_PERIOD,03F2153N_03F2125N,Weekday,早尖峰,95,111,16,0.16842105263157894,穩定,1.58,1.85,0.27
L3_DAY_TYPE_TIME_PERIOD,03F2153N_03F2125N,Weekday,晚尖峰,103,129,26,0.2524271844660194,普通,1.72,2.15,0.43
L3_DAY_TYPE_TIME_PERIOD,03F2153N_03F2125N,Weekend,凌晨,92,106,14,0.15217391304347827,穩定,1.53,1.77,0.23
L3_DAY_TYPE_TIME_PERIOD,03F2153N_03F2125N,Weekend,夜間,101,161,60,0.594059405940594,不穩定,1.68,2.68,1.0
L3_DAY_TYPE_TIME_PERIOD,03F2153N_03F2125N,Weekend,日間,99,138,39,0.3939393939393939,普通,1.65,2.3,0.65
L3_DAY_TYPE_TIME_PERIOD,03F2153N_03F2125N,Weekend,早尖峰,94,105,11,0.11702127659574468,穩定,1.57,1.75,0.18
L3_DAY_TYPE_TIME_PERIOD,03F2153N_03F2125N,Weekend,晚尖峰,115,204,89,0.7739130434782608,不穩定,1.92,3.4,1.48
L3_DAY_TYPE_TIME_PERIOD,03F2194N_03F2153N,Weekday,凌晨,138,166,28,0.2028985507246377,穩定,2.3,2.77,0.47
L3_DAY_TYPE_TIME_PERIOD,03F2194N_03F2153N,Weekday,夜間,139,152,13,0.09352517985611511,穩定,2.32,2.53,0.22
L3_DAY_TYPE_TIME_PERIOD,03F2194N_03F2153N,Weekday,日間,140,160,20,0.14285714285714285,穩定,2.33,2.67,0.33
L3_DAY_TYPE_TIME_PERIOD,03F2194N_03F2153N,Weekday,早尖峰,138,159,21,0.15217391304347827,穩定,2.3,2.65,0.35
L3_DAY_TYPE_TIME_PERIOD,03F2194N_03F2153N,Weekday,晚尖峰,144,163,19,0.13194444444444445,穩定,2.4,2.72,0.32
L3_DAY_TYPE_TIME_PERIOD,03F2194N_03F2153N,Weekend,凌晨,136,156,20,0.14705882352941177,穩定,2.27,2.6,0.33
L3_DAY_TYPE_TIME_PERIOD,03F2194N_03F2153N,Weekend,夜間,143,229,86,0.6013986013986014,不穩定,2.38,3.82,1.43
L3_DAY_TYPE_TIME_PERIOD,03F2194N_03F2153N,Weekend,日間,141,205,64,0.45390070921985815,普通,2.35,3.42,1.07
L3_DAY_TYPE_TIME_PERIOD,03F2194N_03F2153N,Weekend,早尖峰,137,150,13,0.0948905109489051,穩定,2.28,2.5,0.22
L3_DAY_TYPE_TIME_PERIOD,03F2194N_03F2153N,Weekend,晚尖峰,151,336,185,1.2251655629139073,高風險,2.52,5.6,3.08
L3_DAY_TYPE_TIME_PERIOD,03F2194S_01F2011N,Weekday,凌晨,2297,3307,1010,0.43970396168915976,普通,38.28,55.12,16.83
L3_DAY_TYPE_TIME_PERIOD,03F2194S_01F2011N,Weekday,夜間,2187,3320,1133,0.5180612711476908,不穩定,36.45,55.33,18.88
L3_DAY_TYPE_TIME_PERIOD,03F2194S_01F2011N,Weekday,日間,2452,3330,878,0.35807504078303426,普通,40.87,55.5,14.63
L3_DAY_TYPE_TIME_PERIOD,03F2194S_01F2011N,Weekday,早尖峰,2289,3308,1019,0.44517256443861947,普通,38.15,55.13,16.98
L3_DAY_TYPE_TIME_PERIOD,03F2194S_01F2011N,Weekday,晚尖峰,2368,3335,967,0.4083614864864865,普通,39.47,55.58,16.12
L3_DAY_TYPE_TIME_PERIOD,03F2194S_01F2011N,Weekend,凌晨,1959,3265,1306,0.6666666666666666,不穩定,32.65,54.42,21.77
L3_DAY_TYPE_TIME_PERIOD,03F2194S_01F2011N,Weekend,夜間,2053,3269,1216,0.5923039454456892,不穩定,34.22,54.48,20.27
L3_DAY_TYPE_TIME_PERIOD,03F2194S_01F2011N,Weekend,日間,1311,3121,1810,1.3806254767353165,高風險,21.85,52.02,30.17
L3_DAY_TYPE_TIME_PERIOD,03F2194S_01F2011N,Weekend,早尖峰,1135,2873,1738,1.5312775330396475,高風險,18.92,47.88,28.97
L3_DAY_TYPE_TIME_PERIOD,03F2194S_01F2011N,Weekend,晚尖峰,1583,3188,1605,1.0138976626658245,高風險,26.38,53.13,26.75
L3_DAY_TYPE_TIME_PERIOD,03F2194S_01F2089S,Weekday,凌晨,967,1201,234,0.2419855222337125,穩定,16.12,20.02,3.9
L3_DAY_TYPE_TIME_PERIOD,03F2194S_01F2089S,Weekday,夜間,974,1175,201,0.20636550308008214,穩定,16.23,19.58,3.35
L3_DAY_TYPE_TIME_PERIOD,03F2194S_01F2089S,Weekday,日間,1012,1171,159,0.15711462450592886,穩定,16.87,19.52,2.65
L3_DAY_TYPE_TIME_PERIOD,03F2194S_01F2089S,Weekday,早尖峰,1008,1171,163,0.16170634920634921,穩定,16.8,19.52,2.72
L3_DAY_TYPE_TIME_PERIOD,03F2194S_01F2089S,Weekday,晚尖峰,1029,1373,344,0.33430515063168126,普通,17.15,22.88,5.73
L3_DAY_TYPE_TIME_PERIOD,03F2194S_01F2089S,Weekend,凌晨,950,1202,252,0.26526315789473687,普通,15.83,20.03,4.2
L3_DAY_TYPE_TIME_PERIOD,03F2194S_01F2089S,Weekend,夜間,976,1073,97,0.09938524590163934,穩定,16.27,17.88,1.62
L3_DAY_TYPE_TIME_PERIOD,03F2194S_01F2089S,Weekend,日間,1012,1255,243,0.24011857707509882,穩定,16.87,20.92,4.05
L3_DAY_TYPE_TIME_PERIOD,03F2194S_01F2089S,Weekend,早尖峰,968,1078,110,0.11363636363636363,穩定,16.13,17.97,1.83
L3_DAY_TYPE_TIME_PERIOD,03F2194S_01F2089S,Weekend,晚尖峰,1016,1218,202,0.19881889763779528,穩定,16.93,20.3,3.37
L3_DAY_TYPE_TIME_PERIOD,03F2194S_03F2235S,Weekday,凌晨,133,167,34,0.2556390977443609,普通,2.22,2.78,0.57
L3_DAY_TYPE_TIME_PERIOD,03F2194S_03F2235S,Weekday,夜間,133,145,12,0.09022556390977443,穩定,2.22,2.42,0.2
L3_DAY_TYPE_TIME_PERIOD,03F2194S_03F2235S,Weekday,日間,136,158,22,0.16176470588235295,穩定,2.27,2.63,0.37
L3_DAY_TYPE_TIME_PERIOD,03F2194S_03F2235S,Weekday,早尖峰,136,156,20,0.14705882352941177,穩定,2.27,2.6,0.33
L3_DAY_TYPE_TIME_PERIOD,03F2194S_03F2235S,Weekday,晚尖峰,135,154,19,0.14074074074074075,穩定,2.25,2.57,0.32
L3_DAY_TYPE_TIME_PERIOD,03F2194S_03F2235S,Weekend,凌晨,131,150,19,0.1450381679389313,穩定,2.18,2.5,0.32
L3_DAY_TYPE_TIME_PERIOD,03F2194S_03F2235S,Weekend,夜間,134,140,6,0.04477611940298507,穩定,2.23,2.33,0.1
L3_DAY_TYPE_TIME_PERIOD,03F2194S_03F2235S,Weekend,日間,137,382,245,1.7883211678832116,高風險,2.28,6.37,4.08
L3_DAY_TYPE_TIME_PERIOD,03F2194S_03F2235S,Weekend,早尖峰,135,150,15,0.1111111111111111,穩定,2.25,2.5,0.25
L3_DAY_TYPE_TIME_PERIOD,03F2194S_03F2235S,Weekend,晚尖峰,135,144,9,0.06666666666666667,穩定,2.25,2.4,0.15
L3_DAY_TYPE_TIME_PERIOD,03F2231N_01F2011N,Weekday,凌晨,1047,2297,1250,1.1938872970391594,高風險,17.45,38.28,20.83
L3_DAY_TYPE_TIME_PERIOD,03F2231N_01F2011N,Weekday,夜間,1061,1805,744,0.7012252591894439,不穩定,17.68,30.08,12.4
L3_DAY_TYPE_TIME_PERIOD,03F2231N_01F2011N,Weekday,日間,1105,1980,875,0.7918552036199095,不穩定,18.42,33.0,14.58
L3_DAY_TYPE_TIME_PERIOD,03F2231N_01F2011N,Weekday,早尖峰,1098,1311,213,0.19398907103825136,穩定,18.3,21.85,3.55
L3_DAY_TYPE_TIME_PERIOD,03F2231N_01F2011N,Weekday,晚尖峰,1135,1725,590,0.5198237885462555,不穩定,18.92,28.75,9.83
L3_DAY_TYPE_TIME_PERIOD,03F2231N_01F2011N,Weekend,凌晨,1028,2026,998,0.9708171206225681,不穩定,17.13,33.77,16.63
L3_DAY_TYPE_TIME_PERIOD,03F2231N_01F2011N,Weekend,夜間,1083,1699,616,0.5687903970452447,不穩定,18.05,28.32,10.27
L3_DAY_TYPE_TIME_PERIOD,03F2231N_01F2011N,Weekend,日間,1099,1563,464,0.4222020018198362,普通,18.32,26.05,7.73
L3_DAY_TYPE_TIME_PERIOD,03F2231N_01F2011N,Weekend,早尖峰,1044,1279,235,0.22509578544061304,穩定,17.4,21.32,3.92
L3_DAY_TYPE_TIME_PERIOD,03F2231N_01F2011N,Weekend,晚尖峰,1147,1631,484,0.4219703574542284,普通,19.12,27.18,8.07
L3_DAY_TYPE_TIME_PERIOD,03F2231N_01F2089S,Weekday,凌晨,904,1692,788,0.8716814159292036,不穩定,15.07,28.2,13.13
L3_DAY_TYPE_TIME_PERIOD,03F2231N_01F2089S,Weekday,夜間,921,1508,587,0.6373507057546145,不穩定,15.35,25.13,9.78
L3_DAY_TYPE_TIME_PERIOD,03F2231N_01F2089S,Weekday,日間,949,1479,530,0.5584826132771338,不穩定,15.82,24.65,8.83
L3_DAY_TYPE_TIME_PERIOD,03F2231N_01F2089S,Weekday,早尖峰,951,1117,166,0.17455310199789695,穩定,15.85,18.62,2.77
L3_DAY_TYPE_TIME_PERIOD,03F2231N_01F2089S,Weekday,晚尖峰,970,1358,388,0.4,普通,16.17,22.63,6.47
L3_DAY_TYPE_TIME_PERIOD,03F2231N_01F2089S,Weekend,凌晨,888,1097,209,0.23536036036036037,穩定,14.8,18.28,3.48
L3_DAY_TYPE_TIME_PERIOD,03F2231N_01F2089S,Weekend,夜間,928,1127,199,0.21443965517241378,穩定,15.47,18.78,3.32
L3_DAY_TYPE_TIME_PERIOD,03F2231N_01F2089S,Weekend,日間,955,1173,218,0.22827225130890053,穩定,15.92,19.55,3.63
L3_DAY_TYPE_TIME_PERIOD,03F2231N_01F2089S,Weekend,早尖峰,910,1066,156,0.17142857142857143,穩定,15.17,17.77,2.6
L3_DAY_TYPE_TIME_PERIOD,03F2231N_01F2089S,Weekend,晚尖峰,964,1175,211,0.21887966804979253,穩定,16.07,19.58,3.52
L3_DAY_TYPE_TIME_PERIOD,03F2231N_03F2194N,Weekday,凌晨,120,147,27,0.225,穩定,2.0,2.45,0.45
L3_DAY_TYPE_TIME_PERIOD,03F2231N_03F2194N,Weekday,夜間,120,135,15,0.125,穩定,2.0,2.25,0.25
L3_DAY_TYPE_TIME_PERIOD,03F2231N_03F2194N,Weekday,日間,121,142,21,0.17355371900826447,穩定,2.02,2.37,0.35
L3_DAY_TYPE_TIME_PERIOD,03F2231N_03F2194N,Weekday,早尖峰,118,141,23,0.19491525423728814,穩定,1.97,2.35,0.38
L3_DAY_TYPE_TIME_PERIOD,03F2231N_03F2194N,Weekday,晚尖峰,124,142,18,0.14516129032258066,穩定,2.07,2.37,0.3
L3_DAY_TYPE_TIME_PERIOD,03F2231N_03F2194N,Weekend,凌晨,117,136,19,0.1623931623931624,穩定,1.95,2.27,0.32
L3_DAY_TYPE_TIME_PERIOD,03F2231N_03F2194N,Weekend,夜間,122,151,29,0.23770491803278687,穩定,2.03,2.52,0.48
L3_DAY_TYPE_TIME_PERIOD,03F2231N_03F2194N,Weekend,日間,121,136,15,0.12396694214876033,穩定,2.02,2.27,0.25
L3_DAY_TYPE_TIME_PERIOD,03F2231N_03F2194N,Weekend,早尖峰,118,133,15,0.1271186440677966,穩定,1.97,2.22,0.25
L3_DAY_TYPE_TIME_PERIOD,03F2231N_03F2194N,Weekend,晚尖峰,129,156,27,0.20930232558139536,穩定,2.15,2.6,0.45
L3_DAY_TYPE_TIME_PERIOD,03F2235S_03F2261S,Weekday,凌晨,88,107,19,0.2159090909090909,穩定,1.47,1.78,0.32
L3_DAY_TYPE_TIME_PERIOD,03F2235S_03F2261S,Weekday,夜間,88,96,8,0.09090909090909091,穩定,1.47,1.6,0.13
L3_DAY_TYPE_TIME_PERIOD,03F2235S_03F2261S,Weekday,日間,89,102,13,0.14606741573033707,穩定,1.48,1.7,0.22
L3_DAY_TYPE_TIME_PERIOD,03F2235S_03F2261S,Weekday,早尖峰,88,101,13,0.14772727272727273,穩定,1.47,1.68,0.22
L3_DAY_TYPE_TIME_PERIOD,03F2235S_03F2261S,Weekday,晚尖峰,88,99,11,0.125,穩定,1.47,1.65,0.18
L3_DAY_TYPE_TIME_PERIOD,03F2235S_03F2261S,Weekend,凌晨,86,97,11,0.12790697674418605,穩定,1.43,1.62,0.18
L3_DAY_TYPE_TIME_PERIOD,03F2235S_03F2261S,Weekend,夜間,88,93,5,0.056818181818181816,穩定,1.47,1.55,0.08
L3_DAY_TYPE_TIME_PERIOD,03F2235S_03F2261S,Weekend,日間,90,249,159,1.7666666666666666,高風險,1.5,4.15,2.65
L3_DAY_TYPE_TIME_PERIOD,03F2235S_03F2261S,Weekend,早尖峰,89,102,13,0.14606741573033707,穩定,1.48,1.7,0.22
L3_DAY_TYPE_TIME_PERIOD,03F2235S_03F2261S,Weekend,晚尖峰,88,96,8,0.09090909090909091,穩定,1.47,1.6,0.13
L3_DAY_TYPE_TIME_PERIOD,03F2260N_03F2231N,Weekday,凌晨,100,122,22,0.22,穩定,1.67,2.03,0.37
L3_DAY_TYPE_TIME_PERIOD,03F2260N_03F2231N,Weekday,夜間,101,113,12,0.1188118811881188,穩定,1.68,1.88,0.2
L3_DAY_TYPE_TIME_PERIOD,03F2260N_03F2231N,Weekday,日間,102,117,15,0.14705882352941177,穩定,1.7,1.95,0.25
L3_DAY_TYPE_TIME_PERIOD,03F2260N_03F2231N,Weekday,早尖峰,99,116,17,0.1717171717171717,穩定,1.65,1.93,0.28
L3_DAY_TYPE_TIME_PERIOD,03F2260N_03F2231N,Weekday,晚尖峰,106,124,18,0.16981132075471697,穩定,1.77,2.07,0.3
L3_DAY_TYPE_TIME_PERIOD,03F2260N_03F2231N,Weekend,凌晨,98,113,15,0.15306122448979592,穩定,1.63,1.88,0.25
L3_DAY_TYPE_TIME_PERIOD,03F2260N_03F2231N,Weekend,夜間,103,149,46,0.44660194174757284,普通,1.72,2.48,0.77
L3_DAY_TYPE_TIME_PERIOD,03F2260N_03F2231N,Weekend,日間,103,133,30,0.2912621359223301,普通,1.72,2.22,0.5
L3_DAY_TYPE_TIME_PERIOD,03F2260N_03F2231N,Weekend,早尖峰,98,111,13,0.1326530612244898,穩定,1.63,1.85,0.22
L3_DAY_TYPE_TIME_PERIOD,03F2260N_03F2231N,Weekend,晚尖峰,122,155,33,0.27049180327868855,普通,2.03,2.58,0.55
L3_DAY_TYPE_TIME_PERIOD,03F2261S_03F2306S,Weekday,凌晨,150,185,35,0.23333333333333334,穩定,2.5,3.08,0.58
L3_DAY_TYPE_TIME_PERIOD,03F2261S_03F2306S,Weekday,夜間,148,163,15,0.10135135135135136,穩定,2.47,2.72,0.25
L3_DAY_TYPE_TIME_PERIOD,03F2261S_03F2306S,Weekday,日間,150,172,22,0.14666666666666667,穩定,2.5,2.87,0.37
L3_DAY_TYPE_TIME_PERIOD,03F2261S_03F2306S,Weekday,早尖峰,149,172,23,0.15436241610738255,穩定,2.48,2.87,0.38
L3_DAY_TYPE_TIME_PERIOD,03F2261S_03F2306S,Weekday,晚尖峰,148,167,19,0.12837837837837837,穩定,2.47,2.78,0.32
L3_DAY_TYPE_TIME_PERIOD,03F2261S_03F2306S,Weekend,凌晨,146,166,20,0.136986301369863,穩定,2.43,2.77,0.33
L3_DAY_TYPE_TIME_PERIOD,03F2261S_03F2306S,Weekend,夜間,148,157,9,0.060810810810810814,穩定,2.47,2.62,0.15
L3_DAY_TYPE_TIME_PERIOD,03F2261S_03F2306S,Weekend,日間,153,307,154,1.0065359477124183,高風險,2.55,5.12,2.57
L3_DAY_TYPE_TIME_PERIOD,03F2261S_03F2306S,Weekend,早尖峰,151,170,19,0.12582781456953643,穩定,2.52,2.83,0.32
L3_DAY_TYPE_TIME_PERIOD,03F2261S_03F2306S,Weekend,晚尖峰,149,161,12,0.08053691275167785,穩定,2.48,2.68,0.2
L3_DAY_TYPE_TIME_PERIOD,03F2306N_03F2260N,Weekday,凌晨,152,185,33,0.21710526315789475,穩定,2.53,3.08,0.55
L3_DAY_TYPE_TIME_PERIOD,03F2306N_03F2260N,Weekday,夜間,152,170,18,0.11842105263157894,穩定,2.53,2.83,0.3
L3_DAY_TYPE_TIME_PERIOD,03F2306N_03F2260N,Weekday,日間,153,177,24,0.1568627450980392,穩定,2.55,2.95,0.4
L3_DAY_TYPE_TIME_PERIOD,03F2306N_03F2260N,Weekday,早尖峰,149,177,28,0.18791946308724833,穩定,2.48,2.95,0.47
L3_DAY_TYPE_TIME_PERIOD,03F2306N_03F2260N,Weekday,晚尖峰,157,181,24,0.15286624203821655,穩定,2.62,3.02,0.4
L3_DAY_TYPE_TIME_PERIOD,03F2306N_03F2260N,Weekend,凌晨,149,171,22,0.1476510067114094,穩定,2.48,2.85,0.37
L3_DAY_TYPE_TIME_PERIOD,03F2306N_03F2260N,Weekend,夜間,155,548,393,2.535483870967742,高風險,2.58,9.13,6.55
L3_DAY_TYPE_TIME_PERIOD,03F2306N_03F2260N,Weekend,日間,155,305,150,0.967741935483871,不穩定,2.58,5.08,2.5
L3_DAY_TYPE_TIME_PERIOD,03F2306N_03F2260N,Weekend,早尖峰,149,169,20,0.1342281879194631,穩定,2.48,2.82,0.33
L3_DAY_TYPE_TIME_PERIOD,03F2306N_03F2260N,Weekend,晚尖峰,179,658,479,2.6759776536312847,高風險,2.98,10.97,7.98
L3_DAY_TYPE_TIME_PERIOD,03F2306S_03F2336S,Weekday,凌晨,102,129,27,0.2647058823529412,普通,1.7,2.15,0.45
L3_DAY_TYPE_TIME_PERIOD,03F2306S_03F2336S,Weekday,夜間,101,111,10,0.09900990099009901,穩定,1.68,1.85,0.17
L3_DAY_TYPE_TIME_PERIOD,03F2306S_03F2336S,Weekday,日間,102,120,18,0.17647058823529413,穩定,1.7,2.0,0.3
L3_DAY_TYPE_TIME_PERIOD,03F2306S_03F2336S,Weekday,早尖峰,101,120,19,0.18811881188118812,穩定,1.68,2.0,0.32
L3_DAY_TYPE_TIME_PERIOD,03F2306S_03F2336S,Weekday,晚尖峰,101,115,14,0.13861386138613863,穩定,1.68,1.92,0.23
L3_DAY_TYPE_TIME_PERIOD,03F2306S_03F2336S,Weekend,凌晨,100,116,16,0.16,穩定,1.67,1.93,0.27
L3_DAY_TYPE_TIME_PERIOD,03F2306S_03F2336S,Weekend,夜間,101,107,6,0.0594059405940594,穩定,1.68,1.78,0.1
L3_DAY_TYPE_TIME_PERIOD,03F2306S_03F2336S,Weekend,日間,104,315,211,2.0288461538461537,高風險,1.73,5.25,3.52
L3_DAY_TYPE_TIME_PERIOD,03F2306S_03F2336S,Weekend,早尖峰,102,116,14,0.13725490196078433,穩定,1.7,1.93,0.23
L3_DAY_TYPE_TIME_PERIOD,03F2306S_03F2336S,Weekend,晚尖峰,102,110,8,0.0784313725490196,穩定,1.7,1.83,0.13
L3_DAY_TYPE_TIME_PERIOD,03F2336N_03F2306N,Weekday,凌晨,102,128,26,0.2549019607843137,普通,1.7,2.13,0.43
L3_DAY_TYPE_TIME_PERIOD,03F2336N_03F2306N,Weekday,夜間,102,115,13,0.12745098039215685,穩定,1.7,1.92,0.22
L3_DAY_TYPE_TIME_PERIOD,03F2336N_03F2306N,Weekday,日間,103,119,16,0.1553398058252427,穩定,1.72,1.98,0.27
L3_DAY_TYPE_TIME_PERIOD,03F2336N_03F2306N,Weekday,早尖峰,101,119,18,0.1782178217821782,穩定,1.68,1.98,0.3
L3_DAY_TYPE_TIME_PERIOD,03F2336N_03F2306N,Weekday,晚尖峰,104,118,14,0.1346153846153846,穩定,1.73,1.97,0.23
L3_DAY_TYPE_TIME_PERIOD,03F2336N_03F2306N,Weekend,凌晨,101,118,17,0.16831683168316833,穩定,1.68,1.97,0.28
L3_DAY_TYPE_TIME_PERIOD,03F2336N_03F2306N,Weekend,夜間,104,264,160,1.5384615384615385,高風險,1.73,4.4,2.67
L3_DAY_TYPE_TIME_PERIOD,03F2336N_03F2306N,Weekend,日間,104,119,15,0.14423076923076922,穩定,1.73,1.98,0.25
L3_DAY_TYPE_TIME_PERIOD,03F2336N_03F2306N,Weekend,早尖峰,101,115,14,0.13861386138613863,穩定,1.68,1.92,0.23
L3_DAY_TYPE_TIME_PERIOD,03F2336N_03F2306N,Weekend,晚尖峰,110,446,336,3.0545454545454547,高風險,1.83,7.43,5.6
L3_DAY_TYPE_TIME_PERIOD,03F2336S_03F2415S,Weekday,凌晨,262,378,116,0.44274809160305345,普通,4.37,6.3,1.93
L3_DAY_TYPE_TIME_PERIOD,03F2336S_03F2415S,Weekday,夜間,258,290,32,0.12403100775193798,穩定,4.3,4.83,0.53
L3_DAY_TYPE_TIME_PERIOD,03F2336S_03F2415S,Weekday,日間,262,335,73,0.2786259541984733,普通,4.37,5.58,1.22
L3_DAY_TYPE_TIME_PERIOD,03F2336S_03F2415S,Weekday,早尖峰,260,331,71,0.27307692307692305,普通,4.33,5.52,1.18
L3_DAY_TYPE_TIME_PERIOD,03F2336S_03F2415S,Weekday,晚尖峰,260,307,47,0.18076923076923077,穩定,4.33,5.12,0.78
L3_DAY_TYPE_TIME_PERIOD,03F2336S_03F2415S,Weekend,凌晨,256,295,39,0.15234375,穩定,4.27,4.92,0.65
L3_DAY_TYPE_TIME_PERIOD,03F2336S_03F2415S,Weekend,夜間,258,272,14,0.05426356589147287,穩定,4.3,4.53,0.23
L3_DAY_TYPE_TIME_PERIOD,03F2336S_03F2415S,Weekend,日間,265,338,73,0.27547169811320754,普通,4.42,5.63,1.22
L3_DAY_TYPE_TIME_PERIOD,03F2336S_03F2415S,Weekend,早尖峰,261,293,32,0.12260536398467432,穩定,4.35,4.88,0.53
L3_DAY_TYPE_TIME_PERIOD,03F2336S_03F2415S,Weekend,晚尖峰,261,293,32,0.12260536398467432,穩定,4.35,4.88,0.53
L3_DAY_TYPE_TIME_PERIOD,03F2415N_03F2336N,Weekday,凌晨,261,362,101,0.38697318007662834,普通,4.35,6.03,1.68
L3_DAY_TYPE_TIME_PERIOD,03F2415N_03F2336N,Weekday,夜間,258,296,38,0.14728682170542637,穩定,4.3,4.93,0.63
L3_DAY_TYPE_TIME_PERIOD,03F2415N_03F2336N,Weekday,日間,261,334,73,0.2796934865900383,普通,4.35,5.57,1.22
L3_DAY_TYPE_TIME_PERIOD,03F2415N_03F2336N,Weekday,早尖峰,258,343,85,0.32945736434108525,普通,4.3,5.72,1.42
L3_DAY_TYPE_TIME_PERIOD,03F2415N_03F2336N,Weekday,晚尖峰,263,307,44,0.16730038022813687,穩定,4.38,5.12,0.73
L3_DAY_TYPE_TIME_PERIOD,03F2415N_03F2336N,Weekend,凌晨,255,301,46,0.1803921568627451,穩定,4.25,5.02,0.77
L3_DAY_TYPE_TIME_PERIOD,03F2415N_03F2336N,Weekend,夜間,261,420,159,0.6091954022988506,不穩定,4.35,7.0,2.65
L3_DAY_TYPE_TIME_PERIOD,03F2415N_03F2336N,Weekend,日間,261,487,226,0.8659003831417624,不穩定,4.35,8.12,3.77
L3_DAY_TYPE_TIME_PERIOD,03F2415N_03F2336N,Weekend,早尖峰,256,291,35,0.13671875,穩定,4.27,4.85,0.58
L3_DAY_TYPE_TIME_PERIOD,03F2415N_03F2336N,Weekend,晚尖峰,275,867,592,2.152727272727273,高風險,4.58,14.45,9.87
L3_DAY_TYPE_TIME_PERIOD,03F2415S_03F2447S,Weekday,凌晨,106,135,29,0.27358490566037735,普通,1.77,2.25,0.48
L3_DAY_TYPE_TIME_PERIOD,03F2415S_03F2447S,Weekday,夜間,104,117,13,0.125,穩定,1.73,1.95,0.22
L3_DAY_TYPE_TIME_PERIOD,03F2415S_03F2447S,Weekday,日間,105,125,20,0.19047619047619047,穩定,1.75,2.08,0.33
L3_DAY_TYPE_TIME_PERIOD,03F2415S_03F2447S,Weekday,早尖峰,105,125,20,0.19047619047619047,穩定,1.75,2.08,0.33
L3_DAY_TYPE_TIME_PERIOD,03F2415S_03F2447S,Weekday,晚尖峰,105,122,17,0.1619047619047619,穩定,1.75,2.03,0.28
L3_DAY_TYPE_TIME_PERIOD,03F2415S_03F2447S,Weekend,凌晨,104,119,15,0.14423076923076922,穩定,1.73,1.98,0.25
L3_DAY_TYPE_TIME_PERIOD,03F2415S_03F2447S,Weekend,夜間,105,110,5,0.047619047619047616,穩定,1.75,1.83,0.08
L3_DAY_TYPE_TIME_PERIOD,03F2415S_03F2447S,Weekend,日間,106,129,23,0.2169811320754717,穩定,1.77,2.15,0.38
L3_DAY_TYPE_TIME_PERIOD,03F2415S_03F2447S,Weekend,早尖峰,105,115,10,0.09523809523809523,穩定,1.75,1.92,0.17
L3_DAY_TYPE_TIME_PERIOD,03F2415S_03F2447S,Weekend,晚尖峰,106,114,8,0.07547169811320754,穩定,1.77,1.9,0.13
L3_DAY_TYPE_TIME_PERIOD,03F2447N_03F2415N,Weekday,凌晨,107,136,29,0.27102803738317754,普通,1.78,2.27,0.48
L3_DAY_TYPE_TIME_PERIOD,03F2447N_03F2415N,Weekday,夜間,106,121,15,0.14150943396226415,穩定,1.77,2.02,0.25
L3_DAY_TYPE_TIME_PERIOD,03F2447N_03F2415N,Weekday,日間,106,126,20,0.18867924528301888,穩定,1.77,2.1,0.33
L3_DAY_TYPE_TIME_PERIOD,03F2447N_03F2415N,Weekday,早尖峰,105,128,23,0.21904761904761905,穩定,1.75,2.13,0.38
L3_DAY_TYPE_TIME_PERIOD,03F2447N_03F2415N,Weekday,晚尖峰,107,123,16,0.14953271028037382,穩定,1.78,2.05,0.27
L3_DAY_TYPE_TIME_PERIOD,03F2447N_03F2415N,Weekend,凌晨,105,123,18,0.17142857142857143,穩定,1.75,2.05,0.3
L3_DAY_TYPE_TIME_PERIOD,03F2447N_03F2415N,Weekend,夜間,107,123,16,0.14953271028037382,穩定,1.78,2.05,0.27
L3_DAY_TYPE_TIME_PERIOD,03F2447N_03F2415N,Weekend,日間,107,142,35,0.32710280373831774,普通,1.78,2.37,0.58
L3_DAY_TYPE_TIME_PERIOD,03F2447N_03F2415N,Weekend,早尖峰,105,121,16,0.1523809523809524,穩定,1.75,2.02,0.27
L3_DAY_TYPE_TIME_PERIOD,03F2447N_03F2415N,Weekend,晚尖峰,111,408,297,2.675675675675676,高風險,1.85,6.8,4.95
L3_DAY_TYPE_TIME_PERIOD,03F2447S_03F2535S,Weekday,凌晨,287,359,72,0.2508710801393728,普通,4.78,5.98,1.2
L3_DAY_TYPE_TIME_PERIOD,03F2447S_03F2535S,Weekday,夜間,281,313,32,0.11387900355871886,穩定,4.68,5.22,0.53
L3_DAY_TYPE_TIME_PERIOD,03F2447S_03F2535S,Weekday,日間,285,337,52,0.1824561403508772,穩定,4.75,5.62,0.87
L3_DAY_TYPE_TIME_PERIOD,03F2447S_03F2535S,Weekday,早尖峰,283,338,55,0.19434628975265017,穩定,4.72,5.63,0.92
L3_DAY_TYPE_TIME_PERIOD,03F2447S_03F2535S,Weekday,晚尖峰,284,327,43,0.15140845070422534,穩定,4.73,5.45,0.72
L3_DAY_TYPE_TIME_PERIOD,03F2447S_03F2535S,Weekend,凌晨,279,319,40,0.14336917562724014,穩定,4.65,5.32,0.67
L3_DAY_TYPE_TIME_PERIOD,03F2447S_03F2535S,Weekend,夜間,281,295,14,0.0498220640569395,穩定,4.68,4.92,0.23
L3_DAY_TYPE_TIME_PERIOD,03F2447S_03F2535S,Weekend,日間,286,305,19,0.06643356643356643,穩定,4.77,5.08,0.32
L3_DAY_TYPE_TIME_PERIOD,03F2447S_03F2535S,Weekend,早尖峰,283,307,24,0.08480565371024736,穩定,4.72,5.12,0.4
L3_DAY_TYPE_TIME_PERIOD,03F2447S_03F2535S,Weekend,晚尖峰,287,307,20,0.06968641114982578,穩定,4.78,5.12,0.33
L3_DAY_TYPE_TIME_PERIOD,03F2535N_03F2447N,Weekday,凌晨,292,376,84,0.2876712328767123,普通,4.87,6.27,1.4
L3_DAY_TYPE_TIME_PERIOD,03F2535N_03F2447N,Weekday,夜間,284,330,46,0.1619718309859155,穩定,4.73,5.5,0.77
L3_DAY_TYPE_TIME_PERIOD,03F2535N_03F2447N,Weekday,日間,288,345,57,0.19791666666666666,穩定,4.8,5.75,0.95
L3_DAY_TYPE_TIME_PERIOD,03F2535N_03F2447N,Weekday,早尖峰,287,350,63,0.21951219512195122,穩定,4.78,5.83,1.05
L3_DAY_TYPE_TIME_PERIOD,03F2535N_03F2447N,Weekday,晚尖峰,287,334,47,0.16376306620209058,穩定,4.78,5.57,0.78
L3_DAY_TYPE_TIME_PERIOD,03F2535N_03F2447N,Weekend,凌晨,283,340,57,0.20141342756183744,穩定,4.72,5.67,0.95
L3_DAY_TYPE_TIME_PERIOD,03F2535N_03F2447N,Weekend,夜間,286,313,27,0.0944055944055944,穩定,4.77,5.22,0.45
L3_DAY_TYPE_TIME_PERIOD,03F2535N_03F2447N,Weekend,日間,288,339,51,0.17708333333333334,穩定,4.8,5.65,0.85
L3_DAY_TYPE_TIME_PERIOD,03F2535N_03F2447N,Weekend,早尖峰,286,326,40,0.13986013986013987,穩定,4.77,5.43,0.67
L3_DAY_TYPE_TIME_PERIOD,03F2535N_03F2447N,Weekend,晚尖峰,292,728,436,1.4931506849315068,高風險,4.87,12.13,7.27
L3_DAY_TYPE_TIME_PERIOD,03F2535S_03F2614S,Weekday,凌晨,263,335,72,0.2737642585551331,普通,4.38,5.58,1.2
L3_DAY_TYPE_TIME_PERIOD,03F2535S_03F2614S,Weekday,夜間,255,289,34,0.13333333333333333,穩定,4.25,4.82,0.57
L3_DAY_TYPE_TIME_PERIOD,03F2535S_03F2614S,Weekday,日間,258,310,52,0.20155038759689922,穩定,4.3,5.17,0.87
L3_DAY_TYPE_TIME_PERIOD,03F2535S_03F2614S,Weekday,早尖峰,256,309,53,0.20703125,穩定,4.27,5.15,0.88
L3_DAY_TYPE_TIME_PERIOD,03F2535S_03F2614S,Weekday,晚尖峰,257,302,45,0.17509727626459143,穩定,4.28,5.03,0.75
L3_DAY_TYPE_TIME_PERIOD,03F2535S_03F2614S,Weekend,凌晨,254,294,40,0.15748031496062992,穩定,4.23,4.9,0.67
L3_DAY_TYPE_TIME_PERIOD,03F2535S_03F2614S,Weekend,夜間,256,269,13,0.05078125,穩定,4.27,4.48,0.22
L3_DAY_TYPE_TIME_PERIOD,03F2535S_03F2614S,Weekend,日間,259,276,17,0.06563706563706563,穩定,4.32,4.6,0.28
L3_DAY_TYPE_TIME_PERIOD,03F2535S_03F2614S,Weekend,早尖峰,256,279,23,0.08984375,穩定,4.27,4.65,0.38
L3_DAY_TYPE_TIME_PERIOD,03F2535S_03F2614S,Weekend,晚尖峰,260,278,18,0.06923076923076923,穩定,4.33,4.63,0.3
L3_DAY_TYPE_TIME_PERIOD,03F2614N_03F2535N,Weekday,凌晨,259,333,74,0.2857142857142857,普通,4.32,5.55,1.23
L3_DAY_TYPE_TIME_PERIOD,03F2614N_03F2535N,Weekday,夜間,253,293,40,0.15810276679841898,穩定,4.22,4.88,0.67
L3_DAY_TYPE_TIME_PERIOD,03F2614N_03F2535N,Weekday,日間,255,306,51,0.2,穩定,4.25,5.1,0.85
L3_DAY_TYPE_TIME_PERIOD,03F2614N_03F2535N,Weekday,早尖峰,256,312,56,0.21875,穩定,4.27,5.2,0.93
L3_DAY_TYPE_TIME_PERIOD,03F2614N_03F2535N,Weekday,晚尖峰,255,296,41,0.1607843137254902,穩定,4.25,4.93,0.68
L3_DAY_TYPE_TIME_PERIOD,03F2614N_03F2535N,Weekend,凌晨,253,304,51,0.2015810276679842,穩定,4.22,5.07,0.85
L3_DAY_TYPE_TIME_PERIOD,03F2614N_03F2535N,Weekend,夜間,254,269,15,0.05905511811023622,穩定,4.23,4.48,0.25
L3_DAY_TYPE_TIME_PERIOD,03F2614N_03F2535N,Weekend,日間,255,282,27,0.10588235294117647,穩定,4.25,4.7,0.45
L3_DAY_TYPE_TIME_PERIOD,03F2614N_03F2535N,Weekend,早尖峰,254,287,33,0.12992125984251968,穩定,4.23,4.78,0.55
L3_DAY_TYPE_TIME_PERIOD,03F2614N_03F2535N,Weekend,晚尖峰,258,361,103,0.3992248062015504,普通,4.3,6.02,1.72
L3_DAY_TYPE_TIME_PERIOD,03F2614S_01F2425N,Weekday,凌晨,801,2101,1300,1.6229712858926342,高風險,13.35,35.02,21.67
L3_DAY_TYPE_TIME_PERIOD,03F2614S_01F2425N,Weekday,夜間,808,1997,1189,1.4715346534653466,高風險,13.47,33.28,19.82
L3_DAY_TYPE_TIME_PERIOD,03F2614S_01F2425N,Weekday,日間,845,2123,1278,1.5124260355029586,高風險,14.08,35.38,21.3
L3_DAY_TYPE_TIME_PERIOD,03F2614S_01F2425N,Weekday,早尖峰,804,1460,656,0.8159203980099502,不穩定,13.4,24.33,10.93
L3_DAY_TYPE_TIME_PERIOD,03F2614S_01F2425N,Weekday,晚尖峰,827,1794,967,1.1692865779927448,高風險,13.78,29.9,16.12
L3_DAY_TYPE_TIME_PERIOD,03F2614S_01F2425N,Weekend,凌晨,783,2340,1557,1.9885057471264367,高風險,13.05,39.0,25.95
L3_DAY_TYPE_TIME_PERIOD,03F2614S_01F2425N,Weekend,夜間,813,2061,1248,1.5350553505535056,高風險,13.55,34.35,20.8
L3_DAY_TYPE_TIME_PERIOD,03F2614S_01F2425N,Weekend,日間,831,1946,1115,1.3417569193742478,高風險,13.85,32.43,18.58
L3_DAY_TYPE_TIME_PERIOD,03F2614S_01F2425N,Weekend,早尖峰,798,1621,823,1.031328320802005,高風險,13.3,27.02,13.72
L3_DAY_TYPE_TIME_PERIOD,03F2614S_01F2425N,Weekend,晚尖峰,842,1785,943,1.1199524940617578,高風險,14.03,29.75,15.72
L3_DAY_TYPE_TIME_PERIOD,03F2614S_01F2472S,Weekday,凌晨,973,1285,312,0.32065775950668035,普通,16.22,21.42,5.2
L3_DAY_TYPE_TIME_PERIOD,03F2614S_01F2472S,Weekday,夜間,936,1413,477,0.5096153846153846,不穩定,15.6,23.55,7.95
L3_DAY_TYPE_TIME_PERIOD,03F2614S_01F2472S,Weekday,日間,963,1305,342,0.35514018691588783,普通,16.05,21.75,5.7
L3_DAY_TYPE_TIME_PERIOD,03F2614S_01F2472S,Weekday,早尖峰,932,1145,213,0.22854077253218885,穩定,15.53,19.08,3.55
L3_DAY_TYPE_TIME_PERIOD,03F2614S_01F2472S,Weekday,晚尖峰,936,1208,272,0.2905982905982906,普通,15.6,20.13,4.53
L3_DAY_TYPE_TIME_PERIOD,03F2614S_01F2472S,Weekend,凌晨,921,1343,422,0.4581976112920738,普通,15.35,22.38,7.03
L3_DAY_TYPE_TIME_PERIOD,03F2614S_01F2472S,Weekend,夜間,923,1193,270,0.29252437703141926,普通,15.38,19.88,4.5
L3_DAY_TYPE_TIME_PERIOD,03F2614S_01F2472S,Weekend,日間,935,1076,141,0.15080213903743314,穩定,15.58,17.93,2.35
L3_DAY_TYPE_TIME_PERIOD,03F2614S_01F2472S,Weekend,早尖峰,915,1112,197,0.21530054644808744,穩定,15.25,18.53,3.28
L3_DAY_TYPE_TIME_PERIOD,03F2614S_01F2472S,Weekend,晚尖峰,943,1105,162,0.17179215270413573,穩定,15.72,18.42,2.7
L3_DAY_TYPE_TIME_PERIOD,03F2614S_03F2709S,Weekday,凌晨,313,405,92,0.2939297124600639,普通,5.22,6.75,1.53
L3_DAY_TYPE_TIME_PERIOD,03F2614S_03F2709S,Weekday,夜間,305,347,42,0.1377049180327869,穩定,5.08,5.78,0.7
L3_DAY_TYPE_TIME_PERIOD,03F2614S_03F2709S,Weekday,日間,308,373,65,0.21103896103896103,穩定,5.13,6.22,1.08
L3_DAY_TYPE_TIME_PERIOD,03F2614S_03F2709S,Weekday,早尖峰,307,373,66,0.21498371335504887,穩定,5.12,6.22,1.1
L3_DAY_TYPE_TIME_PERIOD,03F2614S_03F2709S,Weekday,晚尖峰,308,361,53,0.17207792207792208,穩定,5.13,6.02,0.88
L3_DAY_TYPE_TIME_PERIOD,03F2614S_03F2709S,Weekend,凌晨,303,350,47,0.1551155115511551,穩定,5.05,5.83,0.78
L3_DAY_TYPE_TIME_PERIOD,03F2614S_03F2709S,Weekend,夜間,306,322,16,0.05228758169934641,穩定,5.1,5.37,0.27
L3_DAY_TYPE_TIME_PERIOD,03F2614S_03F2709S,Weekend,日間,309,329,20,0.06472491909385113,穩定,5.15,5.48,0.33
L3_DAY_TYPE_TIME_PERIOD,03F2614S_03F2709S,Weekend,早尖峰,306,332,26,0.08496732026143791,穩定,5.1,5.53,0.43
L3_DAY_TYPE_TIME_PERIOD,03F2614S_03F2709S,Weekend,晚尖峰,310,335,25,0.08064516129032258,穩定,5.17,5.58,0.42
L3_DAY_TYPE_TIME_PERIOD,03F2709N_01F2425N,Weekday,凌晨,628,789,161,0.25636942675159236,普通,10.47,13.15,2.68
L3_DAY_TYPE_TIME_PERIOD,03F2709N_01F2425N,Weekday,夜間,606,741,135,0.22277227722772278,穩定,10.1,12.35,2.25
L3_DAY_TYPE_TIME_PERIOD,03F2709N_01F2425N,Weekday,日間,611,716,105,0.1718494271685761,穩定,10.18,11.93,1.75
L3_DAY_TYPE_TIME_PERIOD,03F2709N_01F2425N,Weekday,早尖峰,598,714,116,0.1939799331103679,穩定,9.97,11.9,1.93
L3_DAY_TYPE_TIME_PERIOD,03F2709N_01F2425N,Weekday,晚尖峰,607,705,98,0.1614497528830313,穩定,10.12,11.75,1.63
L3_DAY_TYPE_TIME_PERIOD,03F2709N_01F2425N,Weekend,凌晨,596,764,168,0.28187919463087246,普通,9.93,12.73,2.8
L3_DAY_TYPE_TIME_PERIOD,03F2709N_01F2425N,Weekend,夜間,605,720,115,0.19008264462809918,穩定,10.08,12.0,1.92
L3_DAY_TYPE_TIME_PERIOD,03F2709N_01F2425N,Weekend,日間,609,775,166,0.27257799671592775,普通,10.15,12.92,2.77
L3_DAY_TYPE_TIME_PERIOD,03F2709N_01F2425N,Weekend,早尖峰,588,692,104,0.17687074829931973,穩定,9.8,11.53,1.73
L3_DAY_TYPE_TIME_PERIOD,03F2709N_01F2425N,Weekend,晚尖峰,627,1056,429,0.6842105263157895,不穩定,10.45,17.6,7.15
L3_DAY_TYPE_TIME_PERIOD,03F2709N_01F2472S,Weekday,凌晨,1907,3302,1395,0.7315154693235448,不穩定,31.78,55.03,23.25
L3_DAY_TYPE_TIME_PERIOD,03F2709N_01F2472S,Weekday,夜間,2169,3365,1196,0.5514061779621946,不穩定,36.15,56.08,19.93
L3_DAY_TYPE_TIME_PERIOD,03F2709N_01F2472S,Weekday,日間,2287,3319,1032,0.45124617402710976,普通,38.12,55.32,17.2
L3_DAY_TYPE_TIME_PERIOD,03F2709N_01F2472S,Weekday,早尖峰,2179,3267,1088,0.4993116108306563,普通,36.32,54.45,18.13
L3_DAY_TYPE_TIME_PERIOD,03F2709N_01F2472S,Weekday,晚尖峰,2172,3318,1146,0.5276243093922652,不穩定,36.2,55.3,19.1
L3_DAY_TYPE_TIME_PERIOD,03F2709N_01F2472S,Weekend,凌晨,1885,3313,1428,0.7575596816976128,不穩定,31.42,55.22,23.8
L3_DAY_TYPE_TIME_PERIOD,03F2709N_01F2472S,Weekend,夜間,2137,3250,1113,0.5208235844642022,不穩定,35.62,54.17,18.55
L3_DAY_TYPE_TIME_PERIOD,03F2709N_01F2472S,Weekend,日間,1951,3306,1355,0.6945156330087134,不穩定,32.52,55.1,22.58
L3_DAY_TYPE_TIME_PERIOD,03F2709N_01F2472S,Weekend,早尖峰,1867,3141,1274,0.6823781467595073,不穩定,31.12,52.35,21.23
L3_DAY_TYPE_TIME_PERIOD,03F2709N_01F2472S,Weekend,晚尖峰,1996,3261,1265,0.6337675350701403,不穩定,33.27,54.35,21.08
L3_DAY_TYPE_TIME_PERIOD,03F2709N_03F2614N,Weekday,凌晨,312,395,83,0.266025641025641,普通,5.2,6.58,1.38
L3_DAY_TYPE_TIME_PERIOD,03F2709N_03F2614N,Weekday,夜間,306,347,41,0.13398692810457516,穩定,5.1,5.78,0.68
L3_DAY_TYPE_TIME_PERIOD,03F2709N_03F2614N,Weekday,日間,308,366,58,0.18831168831168832,穩定,5.13,6.1,0.97
L3_DAY_TYPE_TIME_PERIOD,03F2709N_03F2614N,Weekday,早尖峰,307,375,68,0.22149837133550487,穩定,5.12,6.25,1.13
L3_DAY_TYPE_TIME_PERIOD,03F2709N_03F2614N,Weekday,晚尖峰,307,353,46,0.1498371335504886,穩定,5.12,5.88,0.77
L3_DAY_TYPE_TIME_PERIOD,03F2709N_03F2614N,Weekend,凌晨,305,358,53,0.1737704918032787,穩定,5.08,5.97,0.88
L3_DAY_TYPE_TIME_PERIOD,03F2709N_03F2614N,Weekend,夜間,306,325,19,0.06209150326797386,穩定,5.1,5.42,0.32
L3_DAY_TYPE_TIME_PERIOD,03F2709N_03F2614N,Weekend,日間,307,330,23,0.0749185667752443,穩定,5.12,5.5,0.38
L3_DAY_TYPE_TIME_PERIOD,03F2709N_03F2614N,Weekend,早尖峰,305,337,32,0.10491803278688525,穩定,5.08,5.62,0.53
L3_DAY_TYPE_TIME_PERIOD,03F2709N_03F2614N,Weekend,晚尖峰,311,353,42,0.13504823151125403,穩定,5.18,5.88,0.7
L3_DAY_TYPE_TIME_PERIOD,03F2709S_03F2747S,Weekday,凌晨,127,210,83,0.6535433070866141,不穩定,2.12,3.5,1.38
L3_DAY_TYPE_TIME_PERIOD,03F2709S_03F2747S,Weekday,夜間,124,143,19,0.1532258064516129,穩定,2.07,2.38,0.32
L3_DAY_TYPE_TIME_PERIOD,03F2709S_03F2747S,Weekday,日間,125,163,38,0.304,普通,2.08,2.72,0.63
L3_DAY_TYPE_TIME_PERIOD,03F2709S_03F2747S,Weekday,早尖峰,125,172,47,0.376,普通,2.08,2.87,0.78
L3_DAY_TYPE_TIME_PERIOD,03F2709S_03F2747S,Weekday,晚尖峰,125,152,27,0.216,穩定,2.08,2.53,0.45
L3_DAY_TYPE_TIME_PERIOD,03F2709S_03F2747S,Weekend,凌晨,124,147,23,0.18548387096774194,穩定,2.07,2.45,0.38
L3_DAY_TYPE_TIME_PERIOD,03F2709S_03F2747S,Weekend,夜間,124,130,6,0.04838709677419355,穩定,2.07,2.17,0.1
L3_DAY_TYPE_TIME_PERIOD,03F2709S_03F2747S,Weekend,日間,126,135,9,0.07142857142857142,穩定,2.1,2.25,0.15
L3_DAY_TYPE_TIME_PERIOD,03F2709S_03F2747S,Weekend,早尖峰,124,136,12,0.0967741935483871,穩定,2.07,2.27,0.2
L3_DAY_TYPE_TIME_PERIOD,03F2709S_03F2747S,Weekend,晚尖峰,127,139,12,0.09448818897637795,穩定,2.12,2.32,0.2
L3_DAY_TYPE_TIME_PERIOD,03F2747N_03F2709N,Weekday,凌晨,127,190,63,0.49606299212598426,普通,2.12,3.17,1.05
L3_DAY_TYPE_TIME_PERIOD,03F2747N_03F2709N,Weekday,夜間,124,148,24,0.1935483870967742,穩定,2.07,2.47,0.4
L3_DAY_TYPE_TIME_PERIOD,03F2747N_03F2709N,Weekday,日間,126,175,49,0.3888888888888889,普通,2.1,2.92,0.82
L3_DAY_TYPE_TIME_PERIOD,03F2747N_03F2709N,Weekday,早尖峰,125,166,41,0.328,普通,2.08,2.77,0.68
L3_DAY_TYPE_TIME_PERIOD,03F2747N_03F2709N,Weekday,晚尖峰,126,151,25,0.1984126984126984,穩定,2.1,2.52,0.42
L3_DAY_TYPE_TIME_PERIOD,03F2747N_03F2709N,Weekend,凌晨,124,152,28,0.22580645161290322,穩定,2.07,2.53,0.47
L3_DAY_TYPE_TIME_PERIOD,03F2747N_03F2709N,Weekend,夜間,124,132,8,0.06451612903225806,穩定,2.07,2.2,0.13
L3_DAY_TYPE_TIME_PERIOD,03F2747N_03F2709N,Weekend,日間,125,136,11,0.088,穩定,2.08,2.27,0.18
L3_DAY_TYPE_TIME_PERIOD,03F2747N_03F2709N,Weekend,早尖峰,124,140,16,0.12903225806451613,穩定,2.07,2.33,0.27
L3_DAY_TYPE_TIME_PERIOD,03F2747N_03F2709N,Weekend,晚尖峰,127,142,15,0.11811023622047244,穩定,2.12,2.37,0.25
L3_DAY_TYPE_TIME_PERIOD,03F2747S_03F2777S,Weekday,凌晨,98,131,33,0.336734693877551,普通,1.63,2.18,0.55
L3_DAY_TYPE_TIME_PERIOD,03F2747S_03F2777S,Weekday,夜間,96,108,12,0.125,穩定,1.6,1.8,0.2
L3_DAY_TYPE_TIME_PERIOD,03F2747S_03F2777S,Weekday,日間,97,115,18,0.18556701030927836,穩定,1.62,1.92,0.3
L3_DAY_TYPE_TIME_PERIOD,03F2747S_03F2777S,Weekday,早尖峰,96,114,18,0.1875,穩定,1.6,1.9,0.3
L3_DAY_TYPE_TIME_PERIOD,03F2747S_03F2777S,Weekday,晚尖峰,97,113,16,0.16494845360824742,穩定,1.62,1.88,0.27
L3_DAY_TYPE_TIME_PERIOD,03F2747S_03F2777S,Weekend,凌晨,95,114,19,0.2,穩定,1.58,1.9,0.32
L3_DAY_TYPE_TIME_PERIOD,03F2747S_03F2777S,Weekend,夜間,96,100,4,0.041666666666666664,穩定,1.6,1.67,0.07
L3_DAY_TYPE_TIME_PERIOD,03F2747S_03F2777S,Weekend,日間,97,103,6,0.061855670103092786,穩定,1.62,1.72,0.1
L3_DAY_TYPE_TIME_PERIOD,03F2747S_03F2777S,Weekend,早尖峰,96,106,10,0.10416666666666667,穩定,1.6,1.77,0.17
L3_DAY_TYPE_TIME_PERIOD,03F2747S_03F2777S,Weekend,晚尖峰,98,106,8,0.08163265306122448,穩定,1.63,1.77,0.13
L3_DAY_TYPE_TIME_PERIOD,03F2777N_03F2747N,Weekday,凌晨,101,139,38,0.37623762376237624,普通,1.68,2.32,0.63
L3_DAY_TYPE_TIME_PERIOD,03F2777N_03F2747N,Weekday,夜間,98,115,17,0.17346938775510204,穩定,1.63,1.92,0.28
L3_DAY_TYPE_TIME_PERIOD,03F2777N_03F2747N,Weekday,日間,100,121,21,0.21,穩定,1.67,2.02,0.35
L3_DAY_TYPE_TIME_PERIOD,03F2777N_03F2747N,Weekday,早尖峰,99,123,24,0.24242424242424243,穩定,1.65,2.05,0.4
L3_DAY_TYPE_TIME_PERIOD,03F2777N_03F2747N,Weekday,晚尖峰,100,117,17,0.17,穩定,1.67,1.95,0.28
L3_DAY_TYPE_TIME_PERIOD,03F2777N_03F2747N,Weekend,凌晨,98,124,26,0.2653061224489796,普通,1.63,2.07,0.43
L3_DAY_TYPE_TIME_PERIOD,03F2777N_03F2747N,Weekend,夜間,98,105,7,0.07142857142857142,穩定,1.63,1.75,0.12
L3_DAY_TYPE_TIME_PERIOD,03F2777N_03F2747N,Weekend,日間,100,112,12,0.12,穩定,1.67,1.87,0.2
L3_DAY_TYPE_TIME_PERIOD,03F2777N_03F2747N,Weekend,早尖峰,99,114,15,0.15151515151515152,穩定,1.65,1.9,0.25
L3_DAY_TYPE_TIME_PERIOD,03F2777N_03F2747N,Weekend,晚尖峰,101,140,39,0.38613861386138615,普通,1.68,2.33,0.65
L3_DAY_TYPE_TIME_PERIOD,03F2777S_03F2840S,Weekday,凌晨,209,261,52,0.24880382775119617,穩定,3.48,4.35,0.87
L3_DAY_TYPE_TIME_PERIOD,03F2777S_03F2840S,Weekday,夜間,205,227,22,0.1073170731707317,穩定,3.42,3.78,0.37
L3_DAY_TYPE_TIME_PERIOD,03F2777S_03F2840S,Weekday,日間,208,246,38,0.18269230769230768,穩定,3.47,4.1,0.63
L3_DAY_TYPE_TIME_PERIOD,03F2777S_03F2840S,Weekday,早尖峰,206,244,38,0.18446601941747573,穩定,3.43,4.07,0.63
L3_DAY_TYPE_TIME_PERIOD,03F2777S_03F2840S,Weekday,晚尖峰,208,241,33,0.15865384615384615,穩定,3.47,4.02,0.55
L3_DAY_TYPE_TIME_PERIOD,03F2777S_03F2840S,Weekend,凌晨,204,235,31,0.15196078431372548,穩定,3.4,3.92,0.52
L3_DAY_TYPE_TIME_PERIOD,03F2777S_03F2840S,Weekend,夜間,205,214,9,0.04390243902439024,穩定,3.42,3.57,0.15
L3_DAY_TYPE_TIME_PERIOD,03F2777S_03F2840S,Weekend,日間,208,221,13,0.0625,穩定,3.47,3.68,0.22
L3_DAY_TYPE_TIME_PERIOD,03F2777S_03F2840S,Weekend,早尖峰,205,220,15,0.07317073170731707,穩定,3.42,3.67,0.25
L3_DAY_TYPE_TIME_PERIOD,03F2777S_03F2840S,Weekend,晚尖峰,211,230,19,0.09004739336492891,穩定,3.52,3.83,0.32
L3_DAY_TYPE_TIME_PERIOD,03F2840N_03F2777N,Weekday,凌晨,210,268,58,0.2761904761904762,普通,3.5,4.47,0.97
L3_DAY_TYPE_TIME_PERIOD,03F2840N_03F2777N,Weekday,夜間,205,236,31,0.15121951219512195,穩定,3.42,3.93,0.52
L3_DAY_TYPE_TIME_PERIOD,03F2840N_03F2777N,Weekday,日間,209,247,38,0.18181818181818182,穩定,3.48,4.12,0.63
L3_DAY_TYPE_TIME_PERIOD,03F2840N_03F2777N,Weekday,早尖峰,207,251,44,0.21256038647342995,穩定,3.45,4.18,0.73
L3_DAY_TYPE_TIME_PERIOD,03F2840N_03F2777N,Weekday,晚尖峰,208,239,31,0.14903846153846154,穩定,3.47,3.98,0.52
L3_DAY_TYPE_TIME_PERIOD,03F2840N_03F2777N,Weekend,凌晨,205,242,37,0.18048780487804877,穩定,3.42,4.03,0.62
L3_DAY_TYPE_TIME_PERIOD,03F2840N_03F2777N,Weekend,夜間,206,218,12,0.05825242718446602,穩定,3.43,3.63,0.2
L3_DAY_TYPE_TIME_PERIOD,03F2840N_03F2777N,Weekend,日間,209,229,20,0.09569377990430622,穩定,3.48,3.82,0.33
L3_DAY_TYPE_TIME_PERIOD,03F2840N_03F2777N,Weekend,早尖峰,207,227,20,0.0966183574879227,穩定,3.45,3.78,0.33
L3_DAY_TYPE_TIME_PERIOD,03F2840N_03F2777N,Weekend,晚尖峰,211,250,39,0.1848341232227488,穩定,3.52,4.17,0.65
L3_DAY_TYPE_TIME_PERIOD,03F2840S_03F2899S,Weekday,凌晨,195,245,50,0.2564102564102564,普通,3.25,4.08,0.83
L3_DAY_TYPE_TIME_PERIOD,03F2840S_03F2899S,Weekday,夜間,189,214,25,0.13227513227513227,穩定,3.15,3.57,0.42
L3_DAY_TYPE_TIME_PERIOD,03F2840S_03F2899S,Weekday,日間,192,229,37,0.19270833333333334,穩定,3.2,3.82,0.62
L3_DAY_TYPE_TIME_PERIOD,03F2840S_03F2899S,Weekday,早尖峰,190,230,40,0.21052631578947367,穩定,3.17,3.83,0.67
L3_DAY_TYPE_TIME_PERIOD,03F2840S_03F2899S,Weekday,晚尖峰,192,222,30,0.15625,穩定,3.2,3.7,0.5
L3_DAY_TYPE_TIME_PERIOD,03F2840S_03F2899S,Weekend,凌晨,188,223,35,0.18617021276595744,穩定,3.13,3.72,0.58
L3_DAY_TYPE_TIME_PERIOD,03F2840S_03F2899S,Weekend,夜間,190,199,9,0.04736842105263158,穩定,3.17,3.32,0.15
L3_DAY_TYPE_TIME_PERIOD,03F2840S_03F2899S,Weekend,日間,191,203,12,0.06282722513089005,穩定,3.18,3.38,0.2
L3_DAY_TYPE_TIME_PERIOD,03F2840S_03F2899S,Weekend,早尖峰,189,205,16,0.08465608465608465,穩定,3.15,3.42,0.27
L3_DAY_TYPE_TIME_PERIOD,03F2840S_03F2899S,Weekend,晚尖峰,194,211,17,0.08762886597938144,穩定,3.23,3.52,0.28
L3_DAY_TYPE_TIME_PERIOD,03F2899N_03F2840N,Weekday,凌晨,197,251,54,0.27411167512690354,普通,3.28,4.18,0.9
L3_DAY_TYPE_TIME_PERIOD,03F2899N_03F2840N,Weekday,夜間,192,223,31,0.16145833333333334,穩定,3.2,3.72,0.52
L3_DAY_TYPE_TIME_PERIOD,03F2899N_03F2840N,Weekday,日間,194,231,37,0.19072164948453607,穩定,3.23,3.85,0.62
L3_DAY_TYPE_TIME_PERIOD,03F2899N_03F2840N,Weekday,早尖峰,193,234,41,0.21243523316062177,穩定,3.22,3.9,0.68
L3_DAY_TYPE_TIME_PERIOD,03F2899N_03F2840N,Weekday,晚尖峰,193,225,32,0.16580310880829016,穩定,3.22,3.75,0.53
L3_DAY_TYPE_TIME_PERIOD,03F2899N_03F2840N,Weekend,凌晨,191,229,38,0.19895287958115182,穩定,3.18,3.82,0.63
L3_DAY_TYPE_TIME_PERIOD,03F2899N_03F2840N,Weekend,夜間,192,204,12,0.0625,穩定,3.2,3.4,0.2
L3_DAY_TYPE_TIME_PERIOD,03F2899N_03F2840N,Weekend,日間,194,214,20,0.10309278350515463,穩定,3.23,3.57,0.33
L3_DAY_TYPE_TIME_PERIOD,03F2899N_03F2840N,Weekend,早尖峰,193,210,17,0.08808290155440414,穩定,3.22,3.5,0.28
L3_DAY_TYPE_TIME_PERIOD,03F2899N_03F2840N,Weekend,晚尖峰,195,229,34,0.17435897435897435,穩定,3.25,3.82,0.57
L3_DAY_TYPE_TIME_PERIOD,03F2899S_03F2923S,Weekday,凌晨,80,100,20,0.25,普通,1.33,1.67,0.33
L3_DAY_TYPE_TIME_PERIOD,03F2899S_03F2923S,Weekday,夜間,77,88,11,0.14285714285714285,穩定,1.28,1.47,0.18
L3_DAY_TYPE_TIME_PERIOD,03F2899S_03F2923S,Weekday,日間,78,98,20,0.2564102564102564,普通,1.3,1.63,0.33
L3_DAY_TYPE_TIME_PERIOD,03F2899S_03F2923S,Weekday,早尖峰,77,94,17,0.22077922077922077,穩定,1.28,1.57,0.28
L3_DAY_TYPE_TIME_PERIOD,03F2899S_03F2923S,Weekday,晚尖峰,78,93,15,0.19230769230769232,穩定,1.3,1.55,0.25
L3_DAY_TYPE_TIME_PERIOD,03F2899S_03F2923S,Weekend,凌晨,76,91,15,0.19736842105263158,穩定,1.27,1.52,0.25
L3_DAY_TYPE_TIME_PERIOD,03F2899S_03F2923S,Weekend,夜間,77,81,4,0.05194805194805195,穩定,1.28,1.35,0.07
L3_DAY_TYPE_TIME_PERIOD,03F2899S_03F2923S,Weekend,日間,78,84,6,0.07692307692307693,穩定,1.3,1.4,0.1
L3_DAY_TYPE_TIME_PERIOD,03F2899S_03F2923S,Weekend,早尖峰,77,84,7,0.09090909090909091,穩定,1.28,1.4,0.12
L3_DAY_TYPE_TIME_PERIOD,03F2899S_03F2923S,Weekend,晚尖峰,79,94,15,0.189873417721519,穩定,1.32,1.57,0.25
L3_DAY_TYPE_TIME_PERIOD,03F2923N_03F2899N,Weekday,凌晨,77,97,20,0.2597402597402597,普通,1.28,1.62,0.33
L3_DAY_TYPE_TIME_PERIOD,03F2923N_03F2899N,Weekday,夜間,75,87,12,0.16,穩定,1.25,1.45,0.2
L3_DAY_TYPE_TIME_PERIOD,03F2923N_03F2899N,Weekday,日間,76,90,14,0.18421052631578946,穩定,1.27,1.5,0.23
L3_DAY_TYPE_TIME_PERIOD,03F2923N_03F2899N,Weekday,早尖峰,76,91,15,0.19736842105263158,穩定,1.27,1.52,0.25
L3_DAY_TYPE_TIME_PERIOD,03F2923N_03F2899N,Weekday,晚尖峰,76,88,12,0.15789473684210525,穩定,1.27,1.47,0.2
L3_DAY_TYPE_TIME_PERIOD,03F2923N_03F2899N,Weekend,凌晨,75,89,14,0.18666666666666668,穩定,1.25,1.48,0.23
L3_DAY_TYPE_TIME_PERIOD,03F2923N_03F2899N,Weekend,夜間,75,79,4,0.05333333333333334,穩定,1.25,1.32,0.07
L3_DAY_TYPE_TIME_PERIOD,03F2923N_03F2899N,Weekend,日間,76,81,5,0.06578947368421052,穩定,1.27,1.35,0.08
L3_DAY_TYPE_TIME_PERIOD,03F2923N_03F2899N,Weekend,早尖峰,75,82,7,0.09333333333333334,穩定,1.25,1.37,0.12
L3_DAY_TYPE_TIME_PERIOD,03F2923N_03F2899N,Weekend,晚尖峰,76,84,8,0.10526315789473684,穩定,1.27,1.4,0.13
L3_DAY_TYPE_TIME_PERIOD,03F2923S_03F2985S,Weekday,凌晨,212,268,56,0.2641509433962264,普通,3.53,4.47,0.93
L3_DAY_TYPE_TIME_PERIOD,03F2923S_03F2985S,Weekday,夜間,203,236,33,0.1625615763546798,穩定,3.38,3.93,0.55
L3_DAY_TYPE_TIME_PERIOD,03F2923S_03F2985S,Weekday,日間,210,269,59,0.28095238095238095,普通,3.5,4.48,0.98
L3_DAY_TYPE_TIME_PERIOD,03F2923S_03F2985S,Weekday,早尖峰,205,252,47,0.22926829268292684,穩定,3.42,4.2,0.78
L3_DAY_TYPE_TIME_PERIOD,03F2923S_03F2985S,Weekday,晚尖峰,208,249,41,0.1971153846153846,穩定,3.47,4.15,0.68
L3_DAY_TYPE_TIME_PERIOD,03F2923S_03F2985S,Weekend,凌晨,200,249,49,0.245,穩定,3.33,4.15,0.82
L3_DAY_TYPE_TIME_PERIOD,03F2923S_03F2985S,Weekend,夜間,203,216,13,0.06403940886699508,穩定,3.38,3.6,0.22
L3_DAY_TYPE_TIME_PERIOD,03F2923S_03F2985S,Weekend,日間,209,235,26,0.12440191387559808,穩定,3.48,3.92,0.43
L3_DAY_TYPE_TIME_PERIOD,03F2923S_03F2985S,Weekend,早尖峰,204,231,27,0.1323529411764706,穩定,3.4,3.85,0.45
L3_DAY_TYPE_TIME_PERIOD,03F2923S_03F2985S,Weekend,晚尖峰,213,267,54,0.2535211267605634,普通,3.55,4.45,0.9
L3_DAY_TYPE_TIME_PERIOD,03F2985N_03F2923N,Weekday,凌晨,211,274,63,0.2985781990521327,普通,3.52,4.57,1.05
L3_DAY_TYPE_TIME_PERIOD,03F2985N_03F2923N,Weekday,夜間,204,240,36,0.17647058823529413,穩定,3.4,4.0,0.6
L3_DAY_TYPE_TIME_PERIOD,03F2985N_03F2923N,Weekday,日間,210,257,47,0.22380952380952382,穩定,3.5,4.28,0.78
L3_DAY_TYPE_TIME_PERIOD,03F2985N_03F2923N,Weekday,早尖峰,207,252,45,0.21739130434782608,穩定,3.45,4.2,0.75
L3_DAY_TYPE_TIME_PERIOD,03F2985N_03F2923N,Weekday,晚尖峰,207,250,43,0.20772946859903382,穩定,3.45,4.17,0.72
L3_DAY_TYPE_TIME_PERIOD,03F2985N_03F2923N,Weekend,凌晨,202,249,47,0.23267326732673269,穩定,3.37,4.15,0.78
L3_DAY_TYPE_TIME_PERIOD,03F2985N_03F2923N,Weekend,夜間,204,218,14,0.06862745098039216,穩定,3.4,3.63,0.23
L3_DAY_TYPE_TIME_PERIOD,03F2985N_03F2923N,Weekend,日間,209,238,29,0.13875598086124402,穩定,3.48,3.97,0.48
L3_DAY_TYPE_TIME_PERIOD,03F2985N_03F2923N,Weekend,早尖峰,206,228,22,0.10679611650485436,穩定,3.43,3.8,0.37
L3_DAY_TYPE_TIME_PERIOD,03F2985N_03F2923N,Weekend,晚尖峰,209,241,32,0.15311004784688995,穩定,3.48,4.02,0.53
L3_DAY_TYPE_TIME_PERIOD,03F2985S_01F2714N,Weekday,凌晨,611,2614,2003,3.2782324058919805,高風險,10.18,43.57,33.38
L3_DAY_TYPE_TIME_PERIOD,03F2985S_01F2714N,Weekday,夜間,584,2064,1480,2.5342465753424657,高風險,9.73,34.4,24.67
L3_DAY_TYPE_TIME_PERIOD,03F2985S_01F2714N,Weekday,日間,618,2436,1818,2.941747572815534,高風險,10.3,40.6,30.3
L3_DAY_TYPE_TIME_PERIOD,03F2985S_01F2714N,Weekday,早尖峰,578,1514,936,1.6193771626297577,高風險,9.63,25.23,15.6
L3_DAY_TYPE_TIME_PERIOD,03F2985S_01F2714N,Weekday,晚尖峰,601,1943,1342,2.232945091514143,高風險,10.02,32.38,22.37
L3_DAY_TYPE_TIME_PERIOD,03F2985S_01F2714N,Weekend,凌晨,587,2353,1766,3.008517887563884,高風險,9.78,39.22,29.43
L3_DAY_TYPE_TIME_PERIOD,03F2985S_01F2714N,Weekend,夜間,589,1953,1364,2.3157894736842106,高風險,9.82,32.55,22.73
L3_DAY_TYPE_TIME_PERIOD,03F2985S_01F2714N,Weekend,日間,608,1805,1197,1.96875,高風險,10.13,30.08,19.95
L3_DAY_TYPE_TIME_PERIOD,03F2985S_01F2714N,Weekend,早尖峰,576,2002,1426,2.4756944444444446,高風險,9.6,33.37,23.77
L3_DAY_TYPE_TIME_PERIOD,03F2985S_01F2714N,Weekend,晚尖峰,606,1707,1101,1.816831683168317,高風險,10.1,28.45,18.35
L3_DAY_TYPE_TIME_PERIOD,03F2985S_01F2827S,Weekday,凌晨,930,1629,699,0.7516129032258064,不穩定,15.5,27.15,11.65
L3_DAY_TYPE_TIME_PERIOD,03F2985S_01F2827S,Weekday,夜間,912,1219,307,0.3366228070175439,普通,15.2,20.32,5.12
L3_DAY_TYPE_TIME_PERIOD,03F2985S_01F2827S,Weekday,日間,933,1236,303,0.3247588424437299,普通,15.55,20.6,5.05
L3_DAY_TYPE_TIME_PERIOD,03F2985S_01F2827S,Weekday,早尖峰,912,1173,261,0.28618421052631576,普通,15.2,19.55,4.35
L3_DAY_TYPE_TIME_PERIOD,03F2985S_01F2827S,Weekday,晚尖峰,923,1135,212,0.2296858071505959,穩定,15.38,18.92,3.53
L3_DAY_TYPE_TIME_PERIOD,03F2985S_01F2827S,Weekend,凌晨,895,1194,299,0.3340782122905028,普通,14.92,19.9,4.98
L3_DAY_TYPE_TIME_PERIOD,03F2985S_01F2827S,Weekend,夜間,927,1097,170,0.18338727076591155,穩定,15.45,18.28,2.83
L3_DAY_TYPE_TIME_PERIOD,03F2985S_01F2827S,Weekend,日間,925,1042,117,0.1264864864864865,穩定,15.42,17.37,1.95
L3_DAY_TYPE_TIME_PERIOD,03F2985S_01F2827S,Weekend,早尖峰,897,1111,214,0.23857302118171683,穩定,14.95,18.52,3.57
L3_DAY_TYPE_TIME_PERIOD,03F2985S_01F2827S,Weekend,晚尖峰,954,1146,192,0.20125786163522014,穩定,15.9,19.1,3.2
L3_DAY_TYPE_TIME_PERIOD,03F2985S_03F3101S,Weekday,凌晨,390,488,98,0.2512820512820513,普通,6.5,8.13,1.63
L3_DAY_TYPE_TIME_PERIOD,03F2985S_03F3101S,Weekday,夜間,373,429,56,0.15013404825737264,穩定,6.22,7.15,0.93
L3_DAY_TYPE_TIME_PERIOD,03F2985S_03F3101S,Weekday,日間,378,451,73,0.1931216931216931,穩定,6.3,7.52,1.22
L3_DAY_TYPE_TIME_PERIOD,03F2985S_03F3101S,Weekday,早尖峰,375,462,87,0.232,穩定,6.25,7.7,1.45
L3_DAY_TYPE_TIME_PERIOD,03F2985S_03F3101S,Weekday,晚尖峰,378,434,56,0.14814814814814814,穩定,6.3,7.23,0.93
L3_DAY_TYPE_TIME_PERIOD,03F2985S_03F3101S,Weekend,凌晨,371,461,90,0.24258760107816713,穩定,6.18,7.68,1.5
L3_DAY_TYPE_TIME_PERIOD,03F2985S_03F3101S,Weekend,夜間,376,397,21,0.05585106382978723,穩定,6.27,6.62,0.35
L3_DAY_TYPE_TIME_PERIOD,03F2985S_03F3101S,Weekend,日間,378,403,25,0.06613756613756613,穩定,6.3,6.72,0.42
L3_DAY_TYPE_TIME_PERIOD,03F2985S_03F3101S,Weekend,早尖峰,372,419,47,0.12634408602150538,穩定,6.2,6.98,0.78
L3_DAY_TYPE_TIME_PERIOD,03F2985S_03F3101S,Weekend,晚尖峰,386,426,40,0.10362694300518134,穩定,6.43,7.1,0.67
L3_DAY_TYPE_TIME_PERIOD,03F3101N_01F2714N,Weekday,凌晨,919,1406,487,0.529923830250272,不穩定,15.32,23.43,8.12
L3_DAY_TYPE_TIME_PERIOD,03F3101N_01F2714N,Weekday,夜間,867,1226,359,0.4140715109573241,普通,14.45,20.43,5.98
L3_DAY_TYPE_TIME_PERIOD,03F3101N_01F2714N,Weekday,日間,880,1444,564,0.6409090909090909,不穩定,14.67,24.07,9.4
L3_DAY_TYPE_TIME_PERIOD,03F3101N_01F2714N,Weekday,早尖峰,871,1273,402,0.46153846153846156,普通,14.52,21.22,6.7
L3_DAY_TYPE_TIME_PERIOD,03F3101N_01F2714N,Weekday,晚尖峰,866,1137,271,0.312933025404157,普通,14.43,18.95,4.52
L3_DAY_TYPE_TIME_PERIOD,03F3101N_01F2714N,Weekend,凌晨,857,1528,671,0.7829638273045507,不穩定,14.28,25.47,11.18
L3_DAY_TYPE_TIME_PERIOD,03F3101N_01F2714N,Weekend,夜間,850,1059,209,0.24588235294117647,穩定,14.17,17.65,3.48
L3_DAY_TYPE_TIME_PERIOD,03F3101N_01F2714N,Weekend,日間,858,1042,184,0.21445221445221446,穩定,14.3,17.37,3.07
L3_DAY_TYPE_TIME_PERIOD,03F3101N_01F2714N,Weekend,早尖峰,842,1052,210,0.2494061757719715,穩定,14.03,17.53,3.5
L3_DAY_TYPE_TIME_PERIOD,03F3101N_01F2714N,Weekend,晚尖峰,862,1015,153,0.17749419953596288,穩定,14.37,16.92,2.55
L3_DAY_TYPE_TIME_PERIOD,03F3101N_01F2827S,Weekday,凌晨,2218,3316,1098,0.4950405770964833,普通,36.97,55.27,18.3
L3_DAY_TYPE_TIME_PERIOD,03F3101N_01F2827S,Weekday,夜間,2490,3317,827,0.3321285140562249,普通,41.5,55.28,13.78
L3_DAY_TYPE_TIME_PERIOD,03F3101N_01F2827S,Weekday,日間,2449,3359,910,0.3715802368313597,普通,40.82,55.98,15.17
L3_DAY_TYPE_TIME_PERIOD,03F3101N_01F2827S,Weekday,早尖峰,2472,3340,868,0.3511326860841424,普通,41.2,55.67,14.47
L3_DAY_TYPE_TIME_PERIOD,03F3101N_01F2827S,Weekday,晚尖峰,2450,3301,851,0.3473469387755102,普通,40.83,55.02,14.18
L3_DAY_TYPE_TIME_PERIOD,03F3101N_01F2827S,Weekend,凌晨,1870,3226,1356,0.7251336898395722,不穩定,31.17,53.77,22.6
L3_DAY_TYPE_TIME_PERIOD,03F3101N_01F2827S,Weekend,夜間,2479,3315,836,0.3372327551432029,普通,41.32,55.25,13.93
L3_DAY_TYPE_TIME_PERIOD,03F3101N_01F2827S,Weekend,日間,2362,3297,935,0.39585097375105843,普通,39.37,54.95,15.58
L3_DAY_TYPE_TIME_PERIOD,03F3101N_01F2827S,Weekend,早尖峰,2319,3315,996,0.4294954721862872,普通,38.65,55.25,16.6
L3_DAY_TYPE_TIME_PERIOD,03F3101N_01F2827S,Weekend,晚尖峰,2479,3321,842,0.33965308592174265,普通,41.32,55.35,14.03
L3_DAY_TYPE_TIME_PERIOD,03F3101N_03F2985N,Weekday,凌晨,385,493,108,0.2805194805194805,普通,6.42,8.22,1.8
L3_DAY_TYPE_TIME_PERIOD,03F3101N_03F2985N,Weekday,夜間,374,434,60,0.16042780748663102,穩定,6.23,7.23,1.0
L3_DAY_TYPE_TIME_PERIOD,03F3101N_03F2985N,Weekday,日間,378,454,76,0.20105820105820105,穩定,6.3,7.57,1.27
L3_DAY_TYPE_TIME_PERIOD,03F3101N_03F2985N,Weekday,早尖峰,378,463,85,0.22486772486772486,穩定,6.3,7.72,1.42
L3_DAY_TYPE_TIME_PERIOD,03F3101N_03F2985N,Weekday,晚尖峰,376,444,68,0.18085106382978725,穩定,6.27,7.4,1.13
L3_DAY_TYPE_TIME_PERIOD,03F3101N_03F2985N,Weekend,凌晨,372,447,75,0.20161290322580644,穩定,6.2,7.45,1.25
L3_DAY_TYPE_TIME_PERIOD,03F3101N_03F2985N,Weekend,夜間,373,395,22,0.058981233243967826,穩定,6.22,6.58,0.37
L3_DAY_TYPE_TIME_PERIOD,03F3101N_03F2985N,Weekend,日間,378,412,34,0.08994708994708994,穩定,6.3,6.87,0.57
L3_DAY_TYPE_TIME_PERIOD,03F3101N_03F2985N,Weekend,早尖峰,376,409,33,0.08776595744680851,穩定,6.27,6.82,0.55
L3_DAY_TYPE_TIME_PERIOD,03F3101N_03F2985N,Weekend,晚尖峰,378,415,37,0.09788359788359788,穩定,6.3,6.92,0.62
L3_DAY_TYPE_TIME_PERIOD,03F3101S_03F3187S,Weekday,凌晨,293,385,92,0.31399317406143346,普通,4.88,6.42,1.53
L3_DAY_TYPE_TIME_PERIOD,03F3101S_03F3187S,Weekday,夜間,279,335,56,0.2007168458781362,穩定,4.65,5.58,0.93
L3_DAY_TYPE_TIME_PERIOD,03F3101S_03F3187S,Weekday,日間,282,361,79,0.2801418439716312,普通,4.7,6.02,1.32
L3_DAY_TYPE_TIME_PERIOD,03F3101S_03F3187S,Weekday,早尖峰,280,365,85,0.30357142857142855,普通,4.67,6.08,1.42
L3_DAY_TYPE_TIME_PERIOD,03F3101S_03F3187S,Weekday,晚尖峰,282,343,61,0.21631205673758866,穩定,4.7,5.72,1.02
L3_DAY_TYPE_TIME_PERIOD,03F3101S_03F3187S,Weekend,凌晨,278,350,72,0.2589928057553957,普通,4.63,5.83,1.2
L3_DAY_TYPE_TIME_PERIOD,03F3101S_03F3187S,Weekend,夜間,281,298,17,0.060498220640569395,穩定,4.68,4.97,0.28
L3_DAY_TYPE_TIME_PERIOD,03F3101S_03F3187S,Weekend,日間,282,303,21,0.07446808510638298,穩定,4.7,5.05,0.35
L3_DAY_TYPE_TIME_PERIOD,03F3101S_03F3187S,Weekend,早尖峰,278,325,47,0.16906474820143885,穩定,4.63,5.42,0.78
L3_DAY_TYPE_TIME_PERIOD,03F3101S_03F3187S,Weekend,晚尖峰,289,329,40,0.1384083044982699,穩定,4.82,5.48,0.67
L3_DAY_TYPE_TIME_PERIOD,03F3187N_03F3101N,Weekday,凌晨,290,417,127,0.4379310344827586,普通,4.83,6.95,2.12
L3_DAY_TYPE_TIME_PERIOD,03F3187N_03F3101N,Weekday,夜間,280,345,65,0.23214285714285715,穩定,4.67,5.75,1.08
L3_DAY_TYPE_TIME_PERIOD,03F3187N_03F3101N,Weekday,日間,284,371,87,0.30633802816901406,普通,4.73,6.18,1.45
L3_DAY_TYPE_TIME_PERIOD,03F3187N_03F3101N,Weekday,早尖峰,283,395,112,0.3957597173144876,普通,4.72,6.58,1.87
L3_DAY_TYPE_TIME_PERIOD,03F3187N_03F3101N,Weekday,晚尖峰,282,352,70,0.24822695035460993,穩定,4.7,5.87,1.17
L3_DAY_TYPE_TIME_PERIOD,03F3187N_03F3101N,Weekend,凌晨,280,349,69,0.24642857142857144,穩定,4.67,5.82,1.15
L3_DAY_TYPE_TIME_PERIOD,03F3187N_03F3101N,Weekend,夜間,279,296,17,0.06093189964157706,穩定,4.65,4.93,0.28
L3_DAY_TYPE_TIME_PERIOD,03F3187N_03F3101N,Weekend,日間,284,312,28,0.09859154929577464,穩定,4.73,5.2,0.47
L3_DAY_TYPE_TIME_PERIOD,03F3187N_03F3101N,Weekend,早尖峰,282,314,32,0.11347517730496454,穩定,4.7,5.23,0.53
L3_DAY_TYPE_TIME_PERIOD,03F3187N_03F3101N,Weekend,晚尖峰,283,311,28,0.0989399293286219,穩定,4.72,5.18,0.47
L3_DAY_TYPE_TIME_PERIOD,03F3187S_03F3211S,Weekday,凌晨,81,106,25,0.30864197530864196,普通,1.35,1.77,0.42
L3_DAY_TYPE_TIME_PERIOD,03F3187S_03F3211S,Weekday,夜間,79,90,11,0.13924050632911392,穩定,1.32,1.5,0.18
L3_DAY_TYPE_TIME_PERIOD,03F3187S_03F3211S,Weekday,日間,79,95,16,0.20253164556962025,穩定,1.32,1.58,0.27
L3_DAY_TYPE_TIME_PERIOD,03F3187S_03F3211S,Weekday,早尖峰,78,96,18,0.23076923076923078,穩定,1.3,1.6,0.3
L3_DAY_TYPE_TIME_PERIOD,03F3187S_03F3211S,Weekday,晚尖峰,79,91,12,0.1518987341772152,穩定,1.32,1.52,0.2
L3_DAY_TYPE_TIME_PERIOD,03F3187S_03F3211S,Weekend,凌晨,78,98,20,0.2564102564102564,普通,1.3,1.63,0.33
L3_DAY_TYPE_TIME_PERIOD,03F3187S_03F3211S,Weekend,夜間,79,84,5,0.06329113924050633,穩定,1.32,1.4,0.08
L3_DAY_TYPE_TIME_PERIOD,03F3187S_03F3211S,Weekend,日間,79,85,6,0.0759493670886076,穩定,1.32,1.42,0.1
L3_DAY_TYPE_TIME_PERIOD,03F3187S_03F3211S,Weekend,早尖峰,78,92,14,0.1794871794871795,穩定,1.3,1.53,0.23
L3_DAY_TYPE_TIME_PERIOD,03F3187S_03F3211S,Weekend,晚尖峰,81,97,16,0.19753086419753085,穩定,1.35,1.62,0.27
L3_DAY_TYPE_TIME_PERIOD,03F3211N_03F3187N,Weekday,凌晨,82,117,35,0.4268292682926829,普通,1.37,1.95,0.58
L3_DAY_TYPE_TIME_PERIOD,03F3211N_03F3187N,Weekday,夜間,79,92,13,0.16455696202531644,穩定,1.32,1.53,0.22
L3_DAY_TYPE_TIME_PERIOD,03F3211N_03F3187N,Weekday,日間,80,96,16,0.2,穩定,1.33,1.6,0.27
L3_DAY_TYPE_TIME_PERIOD,03F3211N_03F3187N,Weekday,早尖峰,80,96,16,0.2,穩定,1.33,1.6,0.27
L3_DAY_TYPE_TIME_PERIOD,03F3211N_03F3187N,Weekday,晚尖峰,79,93,14,0.17721518987341772,穩定,1.32,1.55,0.23
L3_DAY_TYPE_TIME_PERIOD,03F3211N_03F3187N,Weekend,凌晨,79,101,22,0.27848101265822783,普通,1.32,1.68,0.37
L3_DAY_TYPE_TIME_PERIOD,03F3211N_03F3187N,Weekend,夜間,79,84,5,0.06329113924050633,穩定,1.32,1.4,0.08
L3_DAY_TYPE_TIME_PERIOD,03F3211N_03F3187N,Weekend,日間,80,91,11,0.1375,穩定,1.33,1.52,0.18
L3_DAY_TYPE_TIME_PERIOD,03F3211N_03F3187N,Weekend,早尖峰,80,91,11,0.1375,穩定,1.33,1.52,0.18
L3_DAY_TYPE_TIME_PERIOD,03F3211N_03F3187N,Weekend,晚尖峰,80,86,6,0.075,穩定,1.33,1.43,0.1
L3_DAY_TYPE_TIME_PERIOD,03F3211S_03F3259S,Weekday,凌晨,159,199,40,0.25157232704402516,普通,2.65,3.32,0.67
L3_DAY_TYPE_TIME_PERIOD,03F3211S_03F3259S,Weekday,夜間,153,175,22,0.1437908496732026,穩定,2.55,2.92,0.37
L3_DAY_TYPE_TIME_PERIOD,03F3211S_03F3259S,Weekday,日間,155,187,32,0.2064516129032258,穩定,2.58,3.12,0.53
L3_DAY_TYPE_TIME_PERIOD,03F3211S_03F3259S,Weekday,早尖峰,153,190,37,0.24183006535947713,穩定,2.55,3.17,0.62
L3_DAY_TYPE_TIME_PERIOD,03F3211S_03F3259S,Weekday,晚尖峰,155,181,26,0.16774193548387098,穩定,2.58,3.02,0.43
L3_DAY_TYPE_TIME_PERIOD,03F3211S_03F3259S,Weekend,凌晨,152,188,36,0.23684210526315788,穩定,2.53,3.13,0.6
L3_DAY_TYPE_TIME_PERIOD,03F3211S_03F3259S,Weekend,夜間,155,165,10,0.06451612903225806,穩定,2.58,2.75,0.17
L3_DAY_TYPE_TIME_PERIOD,03F3211S_03F3259S,Weekend,日間,154,165,11,0.07142857142857142,穩定,2.57,2.75,0.18
L3_DAY_TYPE_TIME_PERIOD,03F3211S_03F3259S,Weekend,早尖峰,152,179,27,0.17763157894736842,穩定,2.53,2.98,0.45
L3_DAY_TYPE_TIME_PERIOD,03F3211S_03F3259S,Weekend,晚尖峰,159,329,170,1.069182389937107,高風險,2.65,5.48,2.83
L3_DAY_TYPE_TIME_PERIOD,03F3259N_03F3211N,Weekday,凌晨,158,202,44,0.27848101265822783,普通,2.63,3.37,0.73
L3_DAY_TYPE_TIME_PERIOD,03F3259N_03F3211N,Weekday,夜間,153,177,24,0.1568627450980392,穩定,2.55,2.95,0.4
L3_DAY_TYPE_TIME_PERIOD,03F3259N_03F3211N,Weekday,日間,155,186,31,0.2,穩定,2.58,3.1,0.52
L3_DAY_TYPE_TIME_PERIOD,03F3259N_03F3211N,Weekday,早尖峰,155,188,33,0.2129032258064516,穩定,2.58,3.13,0.55
L3_DAY_TYPE_TIME_PERIOD,03F3259N_03F3211N,Weekday,晚尖峰,153,179,26,0.16993464052287582,穩定,2.55,2.98,0.43
L3_DAY_TYPE_TIME_PERIOD,03F3259N_03F3211N,Weekend,凌晨,153,183,30,0.19607843137254902,穩定,2.55,3.05,0.5
L3_DAY_TYPE_TIME_PERIOD,03F3259N_03F3211N,Weekend,夜間,153,162,9,0.058823529411764705,穩定,2.55,2.7,0.15
L3_DAY_TYPE_TIME_PERIOD,03F3259N_03F3211N,Weekend,日間,156,172,16,0.10256410256410256,穩定,2.6,2.87,0.27
L3_DAY_TYPE_TIME_PERIOD,03F3259N_03F3211N,Weekend,早尖峰,154,168,14,0.09090909090909091,穩定,2.57,2.8,0.23
L3_DAY_TYPE_TIME_PERIOD,03F3259N_03F3211N,Weekend,晚尖峰,154,165,11,0.07142857142857142,穩定,2.57,2.75,0.18
L3_DAY_TYPE_TIME_PERIOD,03F3259S_03F3307S,Weekday,凌晨,163,205,42,0.25766871165644173,普通,2.72,3.42,0.7
L3_DAY_TYPE_TIME_PERIOD,03F3259S_03F3307S,Weekday,夜間,158,181,23,0.14556962025316456,穩定,2.63,3.02,0.38
L3_DAY_TYPE_TIME_PERIOD,03F3259S_03F3307S,Weekday,日間,159,193,34,0.2138364779874214,穩定,2.65,3.22,0.57
L3_DAY_TYPE_TIME_PERIOD,03F3259S_03F3307S,Weekday,早尖峰,157,194,37,0.2356687898089172,穩定,2.62,3.23,0.62
L3_DAY_TYPE_TIME_PERIOD,03F3259S_03F3307S,Weekday,晚尖峰,159,185,26,0.16352201257861634,穩定,2.65,3.08,0.43
L3_DAY_TYPE_TIME_PERIOD,03F3259S_03F3307S,Weekend,凌晨,156,194,38,0.24358974358974358,穩定,2.6,3.23,0.63
L3_DAY_TYPE_TIME_PERIOD,03F3259S_03F3307S,Weekend,夜間,159,172,13,0.08176100628930817,穩定,2.65,2.87,0.22
L3_DAY_TYPE_TIME_PERIOD,03F3259S_03F3307S,Weekend,日間,159,172,13,0.08176100628930817,穩定,2.65,2.87,0.22
L3_DAY_TYPE_TIME_PERIOD,03F3259S_03F3307S,Weekend,早尖峰,156,187,31,0.1987179487179487,穩定,2.6,3.12,0.52
L3_DAY_TYPE_TIME_PERIOD,03F3259S_03F3307S,Weekend,晚尖峰,164,353,189,1.1524390243902438,高風險,2.73,5.88,3.15
L3_DAY_TYPE_TIME_PERIOD,03F3307N_03F3259N,Weekday,凌晨,161,206,45,0.2795031055900621,普通,2.68,3.43,0.75
L3_DAY_TYPE_TIME_PERIOD,03F3307N_03F3259N,Weekday,夜間,156,182,26,0.16666666666666666,穩定,2.6,3.03,0.43
L3_DAY_TYPE_TIME_PERIOD,03F3307N_03F3259N,Weekday,日間,158,192,34,0.21518987341772153,穩定,2.63,3.2,0.57
L3_DAY_TYPE_TIME_PERIOD,03F3307N_03F3259N,Weekday,早尖峰,158,192,34,0.21518987341772153,穩定,2.63,3.2,0.57
L3_DAY_TYPE_TIME_PERIOD,03F3307N_03F3259N,Weekday,晚尖峰,157,186,29,0.18471337579617833,穩定,2.62,3.1,0.48
L3_DAY_TYPE_TIME_PERIOD,03F3307N_03F3259N,Weekend,凌晨,156,188,32,0.20512820512820512,穩定,2.6,3.13,0.53
L3_DAY_TYPE_TIME_PERIOD,03F3307N_03F3259N,Weekend,夜間,156,165,9,0.057692307692307696,穩定,2.6,2.75,0.15
L3_DAY_TYPE_TIME_PERIOD,03F3307N_03F3259N,Weekend,日間,159,178,19,0.11949685534591195,穩定,2.65,2.97,0.32
L3_DAY_TYPE_TIME_PERIOD,03F3307N_03F3259N,Weekend,早尖峰,157,174,17,0.10828025477707007,穩定,2.62,2.9,0.28
L3_DAY_TYPE_TIME_PERIOD,03F3307N_03F3259N,Weekend,晚尖峰,157,169,12,0.07643312101910828,穩定,2.62,2.82,0.2
L3_DAY_TYPE_TIME_PERIOD,03F3307S_01F2930N,Weekday,凌晨,1507,3335,1828,1.2130059721300597,高風險,25.12,55.58,30.47
L3_DAY_TYPE_TIME_PERIOD,03F3307S_01F2930N,Weekday,夜間,1545,3296,1751,1.1333333333333333,高風險,25.75,54.93,29.18
L3_DAY_TYPE_TIME_PERIOD,03F3307S_01F2930N,Weekday,日間,1522,3300,1778,1.1681997371879107,高風險,25.37,55.0,29.63
L3_DAY_TYPE_TIME_PERIOD,03F3307S_01F2930N,Weekday,早尖峰,1072,3193,2121,1.978544776119403,高風險,17.87,53.22,35.35
L3_DAY_TYPE_TIME_PERIOD,03F3307S_01F2930N,Weekday,晚尖峰,1676,3305,1629,0.9719570405727923,不穩定,27.93,55.08,27.15
L3_DAY_TYPE_TIME_PERIOD,03F3307S_01F2930N,Weekend,凌晨,1248,3166,1918,1.5368589743589745,高風險,20.8,52.77,31.97
L3_DAY_TYPE_TIME_PERIOD,03F3307S_01F2930N,Weekend,夜間,1513,3264,1751,1.1573033707865168,高風險,25.22,54.4,29.18
L3_DAY_TYPE_TIME_PERIOD,03F3307S_01F2930N,Weekend,日間,1072,3244,2172,2.0261194029850746,高風險,17.87,54.07,36.2
L3_DAY_TYPE_TIME_PERIOD,03F3307S_01F2930N,Weekend,早尖峰,1145,3210,2065,1.8034934497816595,高風險,19.08,53.5,34.42
L3_DAY_TYPE_TIME_PERIOD,03F3307S_01F2930N,Weekend,晚尖峰,1535,3275,1740,1.1335504885993486,高風險,25.58,54.58,29.0
L3_DAY_TYPE_TIME_PERIOD,03F3307S_01F3019S,Weekday,凌晨,867,1278,411,0.4740484429065744,普通,14.45,21.3,6.85
L3_DAY_TYPE_TIME_PERIOD,03F3307S_01F3019S,Weekday,夜間,849,1526,677,0.7974087161366313,不穩定,14.15,25.43,11.28
L3_DAY_TYPE_TIME_PERIOD,03F3307S_01F3019S,Weekday,日間,866,1664,798,0.9214780600461894,不穩定,14.43,27.73,13.3
L3_DAY_TYPE_TIME_PERIOD,03F3307S_01F3019S,Weekday,早尖峰,835,1049,214,0.2562874251497006,普通,13.92,17.48,3.57
L3_DAY_TYPE_TIME_PERIOD,03F3307S_01F3019S,Weekday,晚尖峰,853,1265,412,0.48300117233294254,普通,14.22,21.08,6.87
L3_DAY_TYPE_TIME_PERIOD,03F3307S_01F3019S,Weekend,凌晨,816,1500,684,0.8382352941176471,不穩定,13.6,25.0,11.4
L3_DAY_TYPE_TIME_PERIOD,03F3307S_01F3019S,Weekend,夜間,848,1323,475,0.5601415094339622,不穩定,14.13,22.05,7.92
L3_DAY_TYPE_TIME_PERIOD,03F3307S_01F3019S,Weekend,日間,842,1267,425,0.504750593824228,不穩定,14.03,21.12,7.08
L3_DAY_TYPE_TIME_PERIOD,03F3307S_01F3019S,Weekend,早尖峰,823,1049,226,0.27460510328068044,普通,13.72,17.48,3.77
L3_DAY_TYPE_TIME_PERIOD,03F3307S_01F3019S,Weekend,晚尖峰,886,1345,459,0.518058690744921,不穩定,14.77,22.42,7.65
L3_DAY_TYPE_TIME_PERIOD,03F3307S_03F3392S,Weekday,凌晨,281,353,72,0.25622775800711745,普通,4.68,5.88,1.2
L3_DAY_TYPE_TIME_PERIOD,03F3307S_03F3392S,Weekday,夜間,272,309,37,0.13602941176470587,穩定,4.53,5.15,0.62
L3_DAY_TYPE_TIME_PERIOD,03F3307S_03F3392S,Weekday,日間,276,334,58,0.21014492753623187,穩定,4.6,5.57,0.97
L3_DAY_TYPE_TIME_PERIOD,03F3307S_03F3392S,Weekday,早尖峰,274,335,61,0.22262773722627738,穩定,4.57,5.58,1.02
L3_DAY_TYPE_TIME_PERIOD,03F3307S_03F3392S,Weekday,晚尖峰,278,324,46,0.16546762589928057,穩定,4.63,5.4,0.77
L3_DAY_TYPE_TIME_PERIOD,03F3307S_03F3392S,Weekend,凌晨,269,335,66,0.24535315985130113,穩定,4.48,5.58,1.1
L3_DAY_TYPE_TIME_PERIOD,03F3307S_03F3392S,Weekend,夜間,275,317,42,0.15272727272727274,穩定,4.58,5.28,0.7
L3_DAY_TYPE_TIME_PERIOD,03F3307S_03F3392S,Weekend,日間,276,306,30,0.10869565217391304,穩定,4.6,5.1,0.5
L3_DAY_TYPE_TIME_PERIOD,03F3307S_03F3392S,Weekend,早尖峰,271,324,53,0.19557195571955718,穩定,4.52,5.4,0.88
L3_DAY_TYPE_TIME_PERIOD,03F3307S_03F3392S,Weekend,晚尖峰,288,671,383,1.3298611111111112,高風險,4.8,11.18,6.38
L3_DAY_TYPE_TIME_PERIOD,03F3392N_01F2930N,Weekday,凌晨,1063,1409,346,0.3254938852304798,普通,17.72,23.48,5.77
L3_DAY_TYPE_TIME_PERIOD,03F3392N_01F2930N,Weekday,夜間,1007,1465,458,0.4548162859980139,普通,16.78,24.42,7.63
L3_DAY_TYPE_TIME_PERIOD,03F3392N_01F2930N,Weekday,日間,1043,1444,401,0.3844678811121764,普通,17.38,24.07,6.68
L3_DAY_TYPE_TIME_PERIOD,03F3392N_01F2930N,Weekday,早尖峰,1006,1181,175,0.17395626242544732,穩定,16.77,19.68,2.92
L3_DAY_TYPE_TIME_PERIOD,03F3392N_01F2930N,Weekday,晚尖峰,1004,1271,267,0.26593625498007967,普通,16.73,21.18,4.45
L3_DAY_TYPE_TIME_PERIOD,03F3392N_01F2930N,Weekend,凌晨,985,1391,406,0.4121827411167513,普通,16.42,23.18,6.77
L3_DAY_TYPE_TIME_PERIOD,03F3392N_01F2930N,Weekend,夜間,977,1357,380,0.3889457523029683,普通,16.28,22.62,6.33
L3_DAY_TYPE_TIME_PERIOD,03F3392N_01F2930N,Weekend,日間,1013,1474,461,0.4550839091806515,普通,16.88,24.57,7.68
L3_DAY_TYPE_TIME_PERIOD,03F3392N_01F2930N,Weekend,早尖峰,978,1241,263,0.2689161554192229,普通,16.3,20.68,4.38
L3_DAY_TYPE_TIME_PERIOD,03F3392N_01F2930N,Weekend,晚尖峰,996,1310,314,0.3152610441767068,普通,16.6,21.83,5.23
L3_DAY_TYPE_TIME_PERIOD,03F3392N_01F3019S,Weekday,凌晨,1036,3115,2079,2.0067567567567566,高風險,17.27,51.92,34.65
L3_DAY_TYPE_TIME_PERIOD,03F3392N_01F3019S,Weekday,夜間,968,3194,2226,2.299586776859504,高風險,16.13,53.23,37.1
L3_DAY_TYPE_TIME_PERIOD,03F3392N_01F3019S,Weekday,日間,1061,3236,2175,2.04995287464656,高風險,17.68,53.93,36.25
L3_DAY_TYPE_TIME_PERIOD,03F3392N_01F3019S,Weekday,早尖峰,958,2874,1916,2.0,高風險,15.97,47.9,31.93
L3_DAY_TYPE_TIME_PERIOD,03F3392N_01F3019S,Weekday,晚尖峰,947,3036,2089,2.2059134107708553,高風險,15.78,50.6,34.82
L3_DAY_TYPE_TIME_PERIOD,03F3392N_01F3019S,Weekend,凌晨,957,2992,2035,2.1264367816091956,高風險,15.95,49.87,33.92
L3_DAY_TYPE_TIME_PERIOD,03F3392N_01F3019S,Weekend,夜間,1016,3114,2098,2.0649606299212597,高風險,16.93,51.9,34.97
L3_DAY_TYPE_TIME_PERIOD,03F3392N_01F3019S,Weekend,日間,1015,3163,2148,2.116256157635468,高風險,16.92,52.72,35.8
L3_DAY_TYPE_TIME_PERIOD,03F3392N_01F3019S,Weekend,早尖峰,984,3127,2143,2.1778455284552845,高風險,16.4,52.12,35.72
L3_DAY_TYPE_TIME_PERIOD,03F3392N_01F3019S,Weekend,晚尖峰,1016,3185,2169,2.1348425196850394,高風險,16.93,53.08,36.15
L3_DAY_TYPE_TIME_PERIOD,03F3392N_03F3307N,Weekday,凌晨,282,358,76,0.2695035460992908,普通,4.7,5.97,1.27
L3_DAY_TYPE_TIME_PERIOD,03F3392N_03F3307N,Weekday,夜間,275,315,40,0.14545454545454545,穩定,4.58,5.25,0.67
L3_DAY_TYPE_TIME_PERIOD,03F3392N_03F3307N,Weekday,日間,279,338,59,0.2114695340501792,穩定,4.65,5.63,0.98
L3_DAY_TYPE_TIME_PERIOD,03F3392N_03F3307N,Weekday,早尖峰,278,337,59,0.21223021582733814,穩定,4.63,5.62,0.98
L3_DAY_TYPE_TIME_PERIOD,03F3392N_03F3307N,Weekday,晚尖峰,277,330,53,0.19133574007220217,穩定,4.62,5.5,0.88
L3_DAY_TYPE_TIME_PERIOD,03F3392N_03F3307N,Weekend,凌晨,274,327,53,0.19343065693430658,穩定,4.57,5.45,0.88
L3_DAY_TYPE_TIME_PERIOD,03F3392N_03F3307N,Weekend,夜間,274,290,16,0.058394160583941604,穩定,4.57,4.83,0.27
L3_DAY_TYPE_TIME_PERIOD,03F3392N_03F3307N,Weekend,日間,281,394,113,0.40213523131672596,普通,4.68,6.57,1.88
L3_DAY_TYPE_TIME_PERIOD,03F3392N_03F3307N,Weekend,早尖峰,278,304,26,0.09352517985611511,穩定,4.63,5.07,0.43
L3_DAY_TYPE_TIME_PERIOD,03F3392N_03F3307N,Weekend,晚尖峰,277,309,32,0.11552346570397112,穩定,4.62,5.15,0.53
L3_DAY_TYPE_TIME_PERIOD,03F3392S_03F3445S,Weekday,凌晨,180,243,63,0.35,普通,3.0,4.05,1.05
L3_DAY_TYPE_TIME_PERIOD,03F3392S_03F3445S,Weekday,夜間,174,211,37,0.21264367816091953,穩定,2.9,3.52,0.62
L3_DAY_TYPE_TIME_PERIOD,03F3392S_03F3445S,Weekday,日間,177,232,55,0.3107344632768362,普通,2.95,3.87,0.92
L3_DAY_TYPE_TIME_PERIOD,03F3392S_03F3445S,Weekday,早尖峰,174,222,48,0.27586206896551724,普通,2.9,3.7,0.8
L3_DAY_TYPE_TIME_PERIOD,03F3392S_03F3445S,Weekday,晚尖峰,179,219,40,0.22346368715083798,穩定,2.98,3.65,0.67
L3_DAY_TYPE_TIME_PERIOD,03F3392S_03F3445S,Weekend,凌晨,171,214,43,0.25146198830409355,普通,2.85,3.57,0.72
L3_DAY_TYPE_TIME_PERIOD,03F3392S_03F3445S,Weekend,夜間,176,249,73,0.4147727272727273,普通,2.93,4.15,1.22
L3_DAY_TYPE_TIME_PERIOD,03F3392S_03F3445S,Weekend,日間,176,204,28,0.1590909090909091,穩定,2.93,3.4,0.47
L3_DAY_TYPE_TIME_PERIOD,03F3392S_03F3445S,Weekend,早尖峰,172,209,37,0.21511627906976744,穩定,2.87,3.48,0.62
L3_DAY_TYPE_TIME_PERIOD,03F3392S_03F3445S,Weekend,晚尖峰,188,396,208,1.1063829787234043,高風險,3.13,6.6,3.47
L3_DAY_TYPE_TIME_PERIOD,03F3445N_03F3392N,Weekday,凌晨,177,275,98,0.5536723163841808,不穩定,2.95,4.58,1.63
L3_DAY_TYPE_TIME_PERIOD,03F3445N_03F3392N,Weekday,夜間,173,211,38,0.21965317919075145,穩定,2.88,3.52,0.63
L3_DAY_TYPE_TIME_PERIOD,03F3445N_03F3392N,Weekday,日間,175,267,92,0.5257142857142857,不穩定,2.92,4.45,1.53
L3_DAY_TYPE_TIME_PERIOD,03F3445N_03F3392N,Weekday,早尖峰,174,269,95,0.5459770114942529,不穩定,2.9,4.48,1.58
L3_DAY_TYPE_TIME_PERIOD,03F3445N_03F3392N,Weekday,晚尖峰,173,219,46,0.2658959537572254,普通,2.88,3.65,0.77
L3_DAY_TYPE_TIME_PERIOD,03F3445N_03F3392N,Weekend,凌晨,172,215,43,0.25,普通,2.87,3.58,0.72
L3_DAY_TYPE_TIME_PERIOD,03F3445N_03F3392N,Weekend,夜間,172,182,10,0.05813953488372093,穩定,2.87,3.03,0.17
L3_DAY_TYPE_TIME_PERIOD,03F3445N_03F3392N,Weekend,日間,177,263,86,0.4858757062146893,普通,2.95,4.38,1.43
L3_DAY_TYPE_TIME_PERIOD,03F3445N_03F3392N,Weekend,早尖峰,174,196,22,0.12643678160919541,穩定,2.9,3.27,0.37
L3_DAY_TYPE_TIME_PERIOD,03F3445N_03F3392N,Weekend,晚尖峰,174,191,17,0.09770114942528736,穩定,2.9,3.18,0.28
L3_DAY_TYPE_TIME_PERIOD,03F3445S_01F3126N,Weekday,凌晨,1934,3293,1359,0.7026887280248191,不穩定,32.23,54.88,22.65
L3_DAY_TYPE_TIME_PERIOD,03F3445S_01F3126N,Weekday,夜間,2069,3306,1237,0.597873368777187,不穩定,34.48,55.1,20.62
L3_DAY_TYPE_TIME_PERIOD,03F3445S_01F3126N,Weekday,日間,2198,3317,1119,0.5090991810737033,不穩定,36.63,55.28,18.65
L3_DAY_TYPE_TIME_PERIOD,03F3445S_01F3126N,Weekday,早尖峰,1412,3249,1837,1.3009915014164306,高風險,23.53,54.15,30.62
L3_DAY_TYPE_TIME_PERIOD,03F3445S_01F3126N,Weekday,晚尖峰,2021,3304,1283,0.6348342404750124,不穩定,33.68,55.07,21.38
L3_DAY_TYPE_TIME_PERIOD,03F3445S_01F3126N,Weekend,凌晨,2158,3309,1151,0.5333642261353104,不穩定,35.97,55.15,19.18
L3_DAY_TYPE_TIME_PERIOD,03F3445S_01F3126N,Weekend,夜間,2259,3299,1040,0.46038069942452414,普通,37.65,54.98,17.33
L3_DAY_TYPE_TIME_PERIOD,03F3445S_01F3126N,Weekend,日間,2024,3301,1277,0.6309288537549407,不穩定,33.73,55.02,21.28
L3_DAY_TYPE_TIME_PERIOD,03F3445S_01F3126N,Weekend,早尖峰,2042,3262,1220,0.5974534769833496,不穩定,34.03,54.37,20.33
L3_DAY_TYPE_TIME_PERIOD,03F3445S_01F3126N,Weekend,晚尖峰,2059,3288,1229,0.5968916949975717,不穩定,34.32,54.8,20.48
L3_DAY_TYPE_TIME_PERIOD,03F3445S_01F3185S,Weekday,凌晨,532,682,150,0.2819548872180451,普通,8.87,11.37,2.5
L3_DAY_TYPE_TIME_PERIOD,03F3445S_01F3185S,Weekday,夜間,560,797,237,0.4232142857142857,普通,9.33,13.28,3.95
L3_DAY_TYPE_TIME_PERIOD,03F3445S_01F3185S,Weekday,日間,575,675,100,0.17391304347826086,穩定,9.58,11.25,1.67
L3_DAY_TYPE_TIME_PERIOD,03F3445S_01F3185S,Weekday,早尖峰,566,686,120,0.21201413427561838,穩定,9.43,11.43,2.0
L3_DAY_TYPE_TIME_PERIOD,03F3445S_01F3185S,Weekday,晚尖峰,658,1408,750,1.1398176291793314,高風險,10.97,23.47,12.5
L3_DAY_TYPE_TIME_PERIOD,03F3445S_01F3185S,Weekend,凌晨,521,627,106,0.2034548944337812,穩定,8.68,10.45,1.77
L3_DAY_TYPE_TIME_PERIOD,03F3445S_01F3185S,Weekend,夜間,572,701,129,0.22552447552447552,穩定,9.53,11.68,2.15
L3_DAY_TYPE_TIME_PERIOD,03F3445S_01F3185S,Weekend,日間,569,723,154,0.27065026362038663,普通,9.48,12.05,2.57
L3_DAY_TYPE_TIME_PERIOD,03F3445S_01F3185S,Weekend,早尖峰,537,598,61,0.11359404096834265,穩定,8.95,9.97,1.02
L3_DAY_TYPE_TIME_PERIOD,03F3445S_01F3185S,Weekend,晚尖峰,639,984,345,0.539906103286385,不穩定,10.65,16.4,5.75
L3_DAY_TYPE_TIME_PERIOD,03F3445S_03F3496S,Weekday,凌晨,178,220,42,0.23595505617977527,穩定,2.97,3.67,0.7
L3_DAY_TYPE_TIME_PERIOD,03F3445S_03F3496S,Weekday,夜間,169,199,30,0.17751479289940827,穩定,2.82,3.32,0.5
L3_DAY_TYPE_TIME_PERIOD,03F3445S_03F3496S,Weekday,日間,171,208,37,0.21637426900584794,穩定,2.85,3.47,0.62
L3_DAY_TYPE_TIME_PERIOD,03F3445S_03F3496S,Weekday,早尖峰,169,209,40,0.23668639053254437,穩定,2.82,3.48,0.67
L3_DAY_TYPE_TIME_PERIOD,03F3445S_03F3496S,Weekday,晚尖峰,173,207,34,0.19653179190751446,穩定,2.88,3.45,0.57
L3_DAY_TYPE_TIME_PERIOD,03F3445S_03F3496S,Weekend,凌晨,167,211,44,0.2634730538922156,普通,2.78,3.52,0.73
L3_DAY_TYPE_TIME_PERIOD,03F3445S_03F3496S,Weekend,夜間,169,201,32,0.1893491124260355,穩定,2.82,3.35,0.53
L3_DAY_TYPE_TIME_PERIOD,03F3445S_03F3496S,Weekend,日間,170,190,20,0.11764705882352941,穩定,2.83,3.17,0.33
L3_DAY_TYPE_TIME_PERIOD,03F3445S_03F3496S,Weekend,早尖峰,167,204,37,0.2215568862275449,穩定,2.78,3.4,0.62
L3_DAY_TYPE_TIME_PERIOD,03F3445S_03F3496S,Weekend,晚尖峰,176,209,33,0.1875,穩定,2.93,3.48,0.55
L3_DAY_TYPE_TIME_PERIOD,03F3496N_01F3126N,Weekday,凌晨,570,721,151,0.2649122807017544,普通,9.5,12.02,2.52
L3_DAY_TYPE_TIME_PERIOD,03F3496N_01F3126N,Weekday,夜間,542,728,186,0.34317343173431736,普通,9.03,12.13,3.1
L3_DAY_TYPE_TIME_PERIOD,03F3496N_01F3126N,Weekday,日間,563,696,133,0.23623445825932504,穩定,9.38,11.6,2.22
L3_DAY_TYPE_TIME_PERIOD,03F3496N_01F3126N,Weekday,早尖峰,572,743,171,0.29895104895104896,普通,9.53,12.38,2.85
L3_DAY_TYPE_TIME_PERIOD,03F3496N_01F3126N,Weekday,晚尖峰,566,912,346,0.6113074204946997,不穩定,9.43,15.2,5.77
L3_DAY_TYPE_TIME_PERIOD,03F3496N_01F3126N,Weekend,凌晨,512,660,148,0.2890625,普通,8.53,11.0,2.47
L3_DAY_TYPE_TIME_PERIOD,03F3496N_01F3126N,Weekend,夜間,533,635,102,0.19136960600375236,穩定,8.88,10.58,1.7
L3_DAY_TYPE_TIME_PERIOD,03F3496N_01F3126N,Weekend,日間,544,1158,614,1.1286764705882353,高風險,9.07,19.3,10.23
L3_DAY_TYPE_TIME_PERIOD,03F3496N_01F3126N,Weekend,早尖峰,528,643,115,0.2178030303030303,穩定,8.8,10.72,1.92
L3_DAY_TYPE_TIME_PERIOD,03F3496N_01F3126N,Weekend,晚尖峰,556,1008,452,0.8129496402877698,不穩定,9.27,16.8,7.53
L3_DAY_TYPE_TIME_PERIOD,03F3496N_01F3185S,Weekday,凌晨,609,2865,2256,3.7044334975369457,高風險,10.15,47.75,37.6
L3_DAY_TYPE_TIME_PERIOD,03F3496N_01F3185S,Weekday,夜間,625,2779,2154,3.4464,高風險,10.42,46.32,35.9
L3_DAY_TYPE_TIME_PERIOD,03F3496N_01F3185S,Weekday,日間,668,2850,2182,3.2664670658682633,高風險,11.13,47.5,36.37
L3_DAY_TYPE_TIME_PERIOD,03F3496N_01F3185S,Weekday,早尖峰,636,2353,1717,2.699685534591195,高風險,10.6,39.22,28.62
L3_DAY_TYPE_TIME_PERIOD,03F3496N_01F3185S,Weekday,晚尖峰,782,2805,2023,2.5869565217391304,高風險,13.03,46.75,33.72
L3_DAY_TYPE_TIME_PERIOD,03F3496N_01F3185S,Weekend,凌晨,591,2805,2214,3.746192893401015,高風險,9.85,46.75,36.9
L3_DAY_TYPE_TIME_PERIOD,03F3496N_01F3185S,Weekend,夜間,612,1891,1279,2.0898692810457518,高風險,10.2,31.52,21.32
L3_DAY_TYPE_TIME_PERIOD,03F3496N_01F3185S,Weekend,日間,619,2429,1810,2.9240710823909533,高風險,10.32,40.48,30.17
L3_DAY_TYPE_TIME_PERIOD,03F3496N_01F3185S,Weekend,早尖峰,598,2442,1844,3.0836120401337794,高風險,9.97,40.7,30.73
L3_DAY_TYPE_TIME_PERIOD,03F3496N_01F3185S,Weekend,晚尖峰,676,1876,1200,1.7751479289940828,高風險,11.27,31.27,20.0
L3_DAY_TYPE_TIME_PERIOD,03F3496N_03F3445N,Weekday,凌晨,176,222,46,0.26136363636363635,普通,2.93,3.7,0.77
L3_DAY_TYPE_TIME_PERIOD,03F3496N_03F3445N,Weekday,夜間,170,202,32,0.18823529411764706,穩定,2.83,3.37,0.53
L3_DAY_TYPE_TIME_PERIOD,03F3496N_03F3445N,Weekday,日間,172,209,37,0.21511627906976744,穩定,2.87,3.48,0.62
L3_DAY_TYPE_TIME_PERIOD,03F3496N_03F3445N,Weekday,早尖峰,171,209,38,0.2222222222222222,穩定,2.85,3.48,0.63
L3_DAY_TYPE_TIME_PERIOD,03F3496N_03F3445N,Weekday,晚尖峰,171,207,36,0.21052631578947367,穩定,2.85,3.45,0.6
L3_DAY_TYPE_TIME_PERIOD,03F3496N_03F3445N,Weekend,凌晨,169,207,38,0.22485207100591717,穩定,2.82,3.45,0.63
L3_DAY_TYPE_TIME_PERIOD,03F3496N_03F3445N,Weekend,夜間,169,180,11,0.0650887573964497,穩定,2.82,3.0,0.18
L3_DAY_TYPE_TIME_PERIOD,03F3496N_03F3445N,Weekend,日間,173,280,107,0.6184971098265896,不穩定,2.88,4.67,1.78
L3_DAY_TYPE_TIME_PERIOD,03F3496N_03F3445N,Weekend,早尖峰,171,198,27,0.15789473684210525,穩定,2.85,3.3,0.45
L3_DAY_TYPE_TIME_PERIOD,03F3496N_03F3445N,Weekend,晚尖峰,171,186,15,0.08771929824561403,穩定,2.85,3.1,0.25
L3_DAY_TYPE_TIME_PERIOD,03F3496S_03F3588S,Weekday,凌晨,343,425,82,0.239067055393586,穩定,5.72,7.08,1.37
L3_DAY_TYPE_TIME_PERIOD,03F3496S_03F3588S,Weekday,夜間,301,374,73,0.2425249169435216,穩定,5.02,6.23,1.22
L3_DAY_TYPE_TIME_PERIOD,03F3496S_03F3588S,Weekday,日間,308,370,62,0.2012987012987013,穩定,5.13,6.17,1.03
L3_DAY_TYPE_TIME_PERIOD,03F3496S_03F3588S,Weekday,早尖峰,306,370,64,0.20915032679738563,穩定,5.1,6.17,1.07
L3_DAY_TYPE_TIME_PERIOD,03F3496S_03F3588S,Weekday,晚尖峰,309,405,96,0.3106796116504854,普通,5.15,6.75,1.6
L3_DAY_TYPE_TIME_PERIOD,03F3496S_03F3588S,Weekend,凌晨,301,390,89,0.2956810631229236,普通,5.02,6.5,1.48
L3_DAY_TYPE_TIME_PERIOD,03F3496S_03F3588S,Weekend,夜間,303,347,44,0.14521452145214522,穩定,5.05,5.78,0.73
L3_DAY_TYPE_TIME_PERIOD,03F3496S_03F3588S,Weekend,日間,303,354,51,0.16831683168316833,穩定,5.05,5.9,0.85
L3_DAY_TYPE_TIME_PERIOD,03F3496S_03F3588S,Weekend,早尖峰,300,362,62,0.20666666666666667,穩定,5.0,6.03,1.03
L3_DAY_TYPE_TIME_PERIOD,03F3496S_03F3588S,Weekend,晚尖峰,312,372,60,0.19230769230769232,穩定,5.2,6.2,1.0
L3_DAY_TYPE_TIME_PERIOD,03F3588N_03F3496N,Weekday,凌晨,324,420,96,0.2962962962962963,普通,5.4,7.0,1.6
L3_DAY_TYPE_TIME_PERIOD,03F3588N_03F3496N,Weekday,夜間,301,369,68,0.22591362126245848,穩定,5.02,6.15,1.13
L3_DAY_TYPE_TIME_PERIOD,03F3588N_03F3496N,Weekday,日間,306,368,62,0.20261437908496732,穩定,5.1,6.13,1.03
L3_DAY_TYPE_TIME_PERIOD,03F3588N_03F3496N,Weekday,早尖峰,301,367,66,0.21926910299003322,穩定,5.02,6.12,1.1
L3_DAY_TYPE_TIME_PERIOD,03F3588N_03F3496N,Weekday,晚尖峰,302,368,66,0.2185430463576159,穩定,5.03,6.13,1.1
L3_DAY_TYPE_TIME_PERIOD,03F3588N_03F3496N,Weekend,凌晨,300,382,82,0.2733333333333333,普通,5.0,6.37,1.37
L3_DAY_TYPE_TIME_PERIOD,03F3588N_03F3496N,Weekend,夜間,300,326,26,0.08666666666666667,穩定,5.0,5.43,0.43
L3_DAY_TYPE_TIME_PERIOD,03F3588N_03F3496N,Weekend,日間,304,365,61,0.20065789473684212,穩定,5.07,6.08,1.02
L3_DAY_TYPE_TIME_PERIOD,03F3588N_03F3496N,Weekend,早尖峰,301,361,60,0.19933554817275748,穩定,5.02,6.02,1.0
L3_DAY_TYPE_TIME_PERIOD,03F3588N_03F3496N,Weekend,晚尖峰,304,354,50,0.16447368421052633,穩定,5.07,5.9,0.83
L3_DAY_TYPE_TIME_PERIOD,03F3588S_03F3670S,Weekday,凌晨,298,356,58,0.19463087248322147,穩定,4.97,5.93,0.97
L3_DAY_TYPE_TIME_PERIOD,03F3588S_03F3670S,Weekday,夜間,273,328,55,0.20146520146520147,穩定,4.55,5.47,0.92
L3_DAY_TYPE_TIME_PERIOD,03F3588S_03F3670S,Weekday,日間,278,331,53,0.1906474820143885,穩定,4.63,5.52,0.88
L3_DAY_TYPE_TIME_PERIOD,03F3588S_03F3670S,Weekday,早尖峰,275,331,56,0.20363636363636364,穩定,4.58,5.52,0.93
L3_DAY_TYPE_TIME_PERIOD,03F3588S_03F3670S,Weekday,晚尖峰,278,330,52,0.18705035971223022,穩定,4.63,5.5,0.87
L3_DAY_TYPE_TIME_PERIOD,03F3588S_03F3670S,Weekend,凌晨,271,340,69,0.25461254612546125,普通,4.52,5.67,1.15
L3_DAY_TYPE_TIME_PERIOD,03F3588S_03F3670S,Weekend,夜間,274,305,31,0.11313868613138686,穩定,4.57,5.08,0.52
L3_DAY_TYPE_TIME_PERIOD,03F3588S_03F3670S,Weekend,日間,275,321,46,0.16727272727272727,穩定,4.58,5.35,0.77
L3_DAY_TYPE_TIME_PERIOD,03F3588S_03F3670S,Weekend,早尖峰,273,326,53,0.19413919413919414,穩定,4.55,5.43,0.88
L3_DAY_TYPE_TIME_PERIOD,03F3588S_03F3670S,Weekend,晚尖峰,280,313,33,0.11785714285714285,穩定,4.67,5.22,0.55
L3_DAY_TYPE_TIME_PERIOD,03F3670N_03F3588N,Weekday,凌晨,292,365,73,0.25,普通,4.87,6.08,1.22
L3_DAY_TYPE_TIME_PERIOD,03F3670N_03F3588N,Weekday,夜間,275,329,54,0.19636363636363635,穩定,4.58,5.48,0.9
L3_DAY_TYPE_TIME_PERIOD,03F3670N_03F3588N,Weekday,日間,280,333,53,0.18928571428571428,穩定,4.67,5.55,0.88
L3_DAY_TYPE_TIME_PERIOD,03F3670N_03F3588N,Weekday,早尖峰,273,331,58,0.21245421245421245,穩定,4.55,5.52,0.97
L3_DAY_TYPE_TIME_PERIOD,03F3670N_03F3588N,Weekday,晚尖峰,277,332,55,0.19855595667870035,穩定,4.62,5.53,0.92
L3_DAY_TYPE_TIME_PERIOD,03F3670N_03F3588N,Weekend,凌晨,274,341,67,0.24452554744525548,穩定,4.57,5.68,1.12
L3_DAY_TYPE_TIME_PERIOD,03F3670N_03F3588N,Weekend,夜間,276,300,24,0.08695652173913043,穩定,4.6,5.0,0.4
L3_DAY_TYPE_TIME_PERIOD,03F3670N_03F3588N,Weekend,日間,277,324,47,0.16967509025270758,穩定,4.62,5.4,0.78
L3_DAY_TYPE_TIME_PERIOD,03F3670N_03F3588N,Weekend,早尖峰,273,328,55,0.20146520146520147,穩定,4.55,5.47,0.92
L3_DAY_TYPE_TIME_PERIOD,03F3670N_03F3588N,Weekend,晚尖峰,280,318,38,0.1357142857142857,穩定,4.67,5.3,0.63
L3_DAY_TYPE_TIME_PERIOD,03F3670S_03F3743S,Weekday,凌晨,267,337,70,0.26217228464419473,普通,4.45,5.62,1.17
L3_DAY_TYPE_TIME_PERIOD,03F3670S_03F3743S,Weekday,夜間,242,305,63,0.2603305785123967,普通,4.03,5.08,1.05
L3_DAY_TYPE_TIME_PERIOD,03F3670S_03F3743S,Weekday,日間,247,321,74,0.29959514170040485,普通,4.12,5.35,1.23
L3_DAY_TYPE_TIME_PERIOD,03F3670S_03F3743S,Weekday,早尖峰,245,315,70,0.2857142857142857,普通,4.08,5.25,1.17
L3_DAY_TYPE_TIME_PERIOD,03F3670S_03F3743S,Weekday,晚尖峰,248,313,65,0.2620967741935484,普通,4.13,5.22,1.08
L3_DAY_TYPE_TIME_PERIOD,03F3670S_03F3743S,Weekend,凌晨,240,305,65,0.2708333333333333,普通,4.0,5.08,1.08
L3_DAY_TYPE_TIME_PERIOD,03F3670S_03F3743S,Weekend,夜間,244,273,29,0.11885245901639344,穩定,4.07,4.55,0.48
L3_DAY_TYPE_TIME_PERIOD,03F3670S_03F3743S,Weekend,日間,245,298,53,0.2163265306122449,穩定,4.08,4.97,0.88
L3_DAY_TYPE_TIME_PERIOD,03F3670S_03F3743S,Weekend,早尖峰,242,293,51,0.21074380165289255,穩定,4.03,4.88,0.85
L3_DAY_TYPE_TIME_PERIOD,03F3670S_03F3743S,Weekend,晚尖峰,250,290,40,0.16,穩定,4.17,4.83,0.67
L3_DAY_TYPE_TIME_PERIOD,03F3743N_03F3670N,Weekday,凌晨,257,327,70,0.2723735408560311,普通,4.28,5.45,1.17
L3_DAY_TYPE_TIME_PERIOD,03F3743N_03F3670N,Weekday,夜間,242,294,52,0.21487603305785125,穩定,4.03,4.9,0.87
L3_DAY_TYPE_TIME_PERIOD,03F3743N_03F3670N,Weekday,日間,246,302,56,0.22764227642276422,穩定,4.1,5.03,0.93
L3_DAY_TYPE_TIME_PERIOD,03F3743N_03F3670N,Weekday,早尖峰,242,297,55,0.22727272727272727,穩定,4.03,4.95,0.92
L3_DAY_TYPE_TIME_PERIOD,03F3743N_03F3670N,Weekday,晚尖峰,243,295,52,0.2139917695473251,穩定,4.05,4.92,0.87
L3_DAY_TYPE_TIME_PERIOD,03F3743N_03F3670N,Weekend,凌晨,241,299,58,0.24066390041493776,穩定,4.02,4.98,0.97
L3_DAY_TYPE_TIME_PERIOD,03F3743N_03F3670N,Weekend,夜間,243,263,20,0.0823045267489712,穩定,4.05,4.38,0.33
L3_DAY_TYPE_TIME_PERIOD,03F3743N_03F3670N,Weekend,日間,244,286,42,0.1721311475409836,穩定,4.07,4.77,0.7
L3_DAY_TYPE_TIME_PERIOD,03F3743N_03F3670N,Weekend,早尖峰,243,290,47,0.1934156378600823,穩定,4.05,4.83,0.78
L3_DAY_TYPE_TIME_PERIOD,03F3743N_03F3670N,Weekend,晚尖峰,246,275,29,0.11788617886178862,穩定,4.1,4.58,0.48
L3_DAY_TYPE_TIME_PERIOD,03F3743S_01F3590N,Weekday,凌晨,2547,3351,804,0.31566548881036516,普通,42.45,55.85,13.4
L3_DAY_TYPE_TIME_PERIOD,03F3743S_01F3590N,Weekday,夜間,2543,3370,827,0.32520644907589463,普通,42.38,56.17,13.78
L3_DAY_TYPE_TIME_PERIOD,03F3743S_01F3590N,Weekday,日間,2554,3392,838,0.32811276429130776,普通,42.57,56.53,13.97
L3_DAY_TYPE_TIME_PERIOD,03F3743S_01F3590N,Weekday,早尖峰,2225,3376,1151,0.5173033707865169,不穩定,37.08,56.27,19.18
L3_DAY_TYPE_TIME_PERIOD,03F3743S_01F3590N,Weekday,晚尖峰,2445,3390,945,0.38650306748466257,普通,40.75,56.5,15.75
L3_DAY_TYPE_TIME_PERIOD,03F3743S_01F3590N,Weekend,凌晨,2438,3332,894,0.3666940114848236,普通,40.63,55.53,14.9
L3_DAY_TYPE_TIME_PERIOD,03F3743S_01F3590N,Weekend,夜間,2575,3349,774,0.3005825242718447,普通,42.92,55.82,12.9
L3_DAY_TYPE_TIME_PERIOD,03F3743S_01F3590N,Weekend,日間,2308,3350,1042,0.451473136915078,普通,38.47,55.83,17.37
L3_DAY_TYPE_TIME_PERIOD,03F3743S_01F3590N,Weekend,早尖峰,2426,3320,894,0.3685078318219291,普通,40.43,55.33,14.9
L3_DAY_TYPE_TIME_PERIOD,03F3743S_01F3590N,Weekend,晚尖峰,2455,3362,907,0.36945010183299387,普通,40.92,56.03,15.12
L3_DAY_TYPE_TIME_PERIOD,03F3743S_01F3640S,Weekday,凌晨,1026,1467,441,0.4298245614035088,普通,17.1,24.45,7.35
L3_DAY_TYPE_TIME_PERIOD,03F3743S_01F3640S,Weekday,夜間,1063,1799,736,0.6923800564440263,不穩定,17.72,29.98,12.27
L3_DAY_TYPE_TIME_PERIOD,03F3743S_01F3640S,Weekday,日間,1118,1436,318,0.2844364937388193,普通,18.63,23.93,5.3
L3_DAY_TYPE_TIME_PERIOD,03F3743S_01F3640S,Weekday,早尖峰,1080,1307,227,0.2101851851851852,穩定,18.0,21.78,3.78
L3_DAY_TYPE_TIME_PERIOD,03F3743S_01F3640S,Weekday,晚尖峰,1352,2179,827,0.6116863905325444,不穩定,22.53,36.32,13.78
L3_DAY_TYPE_TIME_PERIOD,03F3743S_01F3640S,Weekend,凌晨,1000,1339,339,0.339,普通,16.67,22.32,5.65
L3_DAY_TYPE_TIME_PERIOD,03F3743S_01F3640S,Weekend,夜間,1096,1911,815,0.7436131386861314,不穩定,18.27,31.85,13.58
L3_DAY_TYPE_TIME_PERIOD,03F3743S_01F3640S,Weekend,日間,1085,1496,411,0.37880184331797234,普通,18.08,24.93,6.85
L3_DAY_TYPE_TIME_PERIOD,03F3743S_01F3640S,Weekend,早尖峰,1030,1223,193,0.18737864077669902,穩定,17.17,20.38,3.22
L3_DAY_TYPE_TIME_PERIOD,03F3743S_01F3640S,Weekend,晚尖峰,1334,2166,832,0.623688155922039,不穩定,22.23,36.1,13.87
L3_DAY_TYPE_TIME_PERIOD,03F3743S_03F3854S,Weekday,凌晨,386,483,97,0.25129533678756477,普通,6.43,8.05,1.62
L3_DAY_TYPE_TIME_PERIOD,03F3743S_03F3854S,Weekday,夜間,371,456,85,0.22911051212938005,穩定,6.18,7.6,1.42
L3_DAY_TYPE_TIME_PERIOD,03F3743S_03F3854S,Weekday,日間,381,461,80,0.2099737532808399,穩定,6.35,7.68,1.33
L3_DAY_TYPE_TIME_PERIOD,03F3743S_03F3854S,Weekday,早尖峰,373,456,83,0.2225201072386059,穩定,6.22,7.6,1.38
L3_DAY_TYPE_TIME_PERIOD,03F3743S_03F3854S,Weekday,晚尖峰,382,486,104,0.27225130890052357,普通,6.37,8.1,1.73
L3_DAY_TYPE_TIME_PERIOD,03F3743S_03F3854S,Weekend,凌晨,364,452,88,0.24175824175824176,穩定,6.07,7.53,1.47
L3_DAY_TYPE_TIME_PERIOD,03F3743S_03F3854S,Weekend,夜間,374,470,96,0.25668449197860965,普通,6.23,7.83,1.6
L3_DAY_TYPE_TIME_PERIOD,03F3743S_03F3854S,Weekend,日間,377,760,383,1.0159151193633953,高風險,6.28,12.67,6.38
L3_DAY_TYPE_TIME_PERIOD,03F3743S_03F3854S,Weekend,早尖峰,369,425,56,0.15176151761517614,穩定,6.15,7.08,0.93
L3_DAY_TYPE_TIME_PERIOD,03F3743S_03F3854S,Weekend,晚尖峰,386,727,341,0.883419689119171,不穩定,6.43,12.12,5.68
L3_DAY_TYPE_TIME_PERIOD,03F3854N_01F3590N,Weekday,凌晨,1011,2954,1943,1.9218595450049456,高風險,16.85,49.23,32.38
L3_DAY_TYPE_TIME_PERIOD,03F3854N_01F3590N,Weekday,夜間,1036,3059,2023,1.9527027027027026,高風險,17.27,50.98,33.72
L3_DAY_TYPE_TIME_PERIOD,03F3854N_01F3590N,Weekday,日間,1067,2918,1851,1.7347703842549203,高風險,17.78,48.63,30.85
L3_DAY_TYPE_TIME_PERIOD,03F3854N_01F3590N,Weekday,早尖峰,1055,2546,1491,1.4132701421800948,高風險,17.58,42.43,24.85
L3_DAY_TYPE_TIME_PERIOD,03F3854N_01F3590N,Weekday,晚尖峰,1412,3132,1720,1.2181303116147308,高風險,23.53,52.2,28.67
L3_DAY_TYPE_TIME_PERIOD,03F3854N_01F3590N,Weekend,凌晨,995,2780,1785,1.7939698492462313,高風險,16.58,46.33,29.75
L3_DAY_TYPE_TIME_PERIOD,03F3854N_01F3590N,Weekend,夜間,1104,3011,1907,1.727355072463768,高風險,18.4,50.18,31.78
L3_DAY_TYPE_TIME_PERIOD,03F3854N_01F3590N,Weekend,日間,1059,2954,1895,1.789423984891407,高風險,17.65,49.23,31.58
L3_DAY_TYPE_TIME_PERIOD,03F3854N_01F3590N,Weekend,早尖峰,977,2778,1801,1.8433981576253837,高風險,16.28,46.3,30.02
L3_DAY_TYPE_TIME_PERIOD,03F3854N_01F3590N,Weekend,晚尖峰,1457,3087,1630,1.1187371310912835,高風險,24.28,51.45,27.17
L3_DAY_TYPE_TIME_PERIOD,03F3854N_01F3640S,Weekday,凌晨,862,1960,1098,1.2737819025522041,高風險,14.37,32.67,18.3
L3_DAY_TYPE_TIME_PERIOD,03F3854N_01F3640S,Weekday,夜間,899,1658,759,0.8442714126807565,不穩定,14.98,27.63,12.65
L3_DAY_TYPE_TIME_PERIOD,03F3854N_01F3640S,Weekday,日間,937,1725,788,0.8409818569903948,不穩定,15.62,28.75,13.13
L3_DAY_TYPE_TIME_PERIOD,03F3854N_01F3640S,Weekday,早尖峰,900,1079,179,0.1988888888888889,穩定,15.0,17.98,2.98
L3_DAY_TYPE_TIME_PERIOD,03F3854N_01F3640S,Weekday,晚尖峰,1115,1960,845,0.757847533632287,不穩定,18.58,32.67,14.08
L3_DAY_TYPE_TIME_PERIOD,03F3854N_01F3640S,Weekend,凌晨,854,1837,983,1.1510538641686183,高風險,14.23,30.62,16.38
L3_DAY_TYPE_TIME_PERIOD,03F3854N_01F3640S,Weekend,夜間,927,1445,518,0.5587918015102481,不穩定,15.45,24.08,8.63
L3_DAY_TYPE_TIME_PERIOD,03F3854N_01F3640S,Weekend,日間,916,1229,313,0.34170305676855894,普通,15.27,20.48,5.22
L3_DAY_TYPE_TIME_PERIOD,03F3854N_01F3640S,Weekend,早尖峰,869,1089,220,0.25316455696202533,普通,14.48,18.15,3.67
L3_DAY_TYPE_TIME_PERIOD,03F3854N_01F3640S,Weekend,晚尖峰,1086,1796,710,0.6537753222836096,不穩定,18.1,29.93,11.83
L3_DAY_TYPE_TIME_PERIOD,03F3854N_03F3743N,Weekday,凌晨,388,475,87,0.22422680412371135,穩定,6.47,7.92,1.45
L3_DAY_TYPE_TIME_PERIOD,03F3854N_03F3743N,Weekday,夜間,368,444,76,0.20652173913043478,穩定,6.13,7.4,1.27
L3_DAY_TYPE_TIME_PERIOD,03F3854N_03F3743N,Weekday,日間,379,458,79,0.20844327176781002,穩定,6.32,7.63,1.32
L3_DAY_TYPE_TIME_PERIOD,03F3854N_03F3743N,Weekday,早尖峰,372,450,78,0.20967741935483872,穩定,6.2,7.5,1.3
L3_DAY_TYPE_TIME_PERIOD,03F3854N_03F3743N,Weekday,晚尖峰,371,442,71,0.19137466307277629,穩定,6.18,7.37,1.18
L3_DAY_TYPE_TIME_PERIOD,03F3854N_03F3743N,Weekend,凌晨,366,454,88,0.24043715846994534,穩定,6.1,7.57,1.47
L3_DAY_TYPE_TIME_PERIOD,03F3854N_03F3743N,Weekend,夜間,369,402,33,0.08943089430894309,穩定,6.15,6.7,0.55
L3_DAY_TYPE_TIME_PERIOD,03F3854N_03F3743N,Weekend,日間,375,476,101,0.2693333333333333,普通,6.25,7.93,1.68
L3_DAY_TYPE_TIME_PERIOD,03F3854N_03F3743N,Weekend,早尖峰,369,432,63,0.17073170731707318,穩定,6.15,7.2,1.05
L3_DAY_TYPE_TIME_PERIOD,03F3854N_03F3743N,Weekend,晚尖峰,377,450,73,0.19363395225464192,穩定,6.28,7.5,1.22
L3_DAY_TYPE_TIME_PERIOD,03F3854S_03F3916S,Weekday,凌晨,207,258,51,0.2463768115942029,穩定,3.45,4.3,0.85
L3_DAY_TYPE_TIME_PERIOD,03F3854S_03F3916S,Weekday,夜間,202,230,28,0.13861386138613863,穩定,3.37,3.83,0.47
L3_DAY_TYPE_TIME_PERIOD,03F3854S_03F3916S,Weekday,日間,205,243,38,0.18536585365853658,穩定,3.42,4.05,0.63
L3_DAY_TYPE_TIME_PERIOD,03F3854S_03F3916S,Weekday,早尖峰,203,244,41,0.2019704433497537,穩定,3.38,4.07,0.68
L3_DAY_TYPE_TIME_PERIOD,03F3854S_03F3916S,Weekday,晚尖峰,205,239,34,0.16585365853658537,穩定,3.42,3.98,0.57
L3_DAY_TYPE_TIME_PERIOD,03F3854S_03F3916S,Weekend,凌晨,199,244,45,0.22613065326633167,穩定,3.32,4.07,0.75
L3_DAY_TYPE_TIME_PERIOD,03F3854S_03F3916S,Weekend,夜間,203,216,13,0.06403940886699508,穩定,3.38,3.6,0.22
L3_DAY_TYPE_TIME_PERIOD,03F3854S_03F3916S,Weekend,日間,203,220,17,0.08374384236453201,穩定,3.38,3.67,0.28
L3_DAY_TYPE_TIME_PERIOD,03F3854S_03F3916S,Weekend,早尖峰,201,229,28,0.13930348258706468,穩定,3.35,3.82,0.47
L3_DAY_TYPE_TIME_PERIOD,03F3854S_03F3916S,Weekend,晚尖峰,204,219,15,0.07352941176470588,穩定,3.4,3.65,0.25
L3_DAY_TYPE_TIME_PERIOD,03F3916N_03F3854N,Weekday,凌晨,214,262,48,0.22429906542056074,穩定,3.57,4.37,0.8
L3_DAY_TYPE_TIME_PERIOD,03F3916N_03F3854N,Weekday,夜間,208,239,31,0.14903846153846154,穩定,3.47,3.98,0.52
L3_DAY_TYPE_TIME_PERIOD,03F3916N_03F3854N,Weekday,日間,212,249,37,0.17452830188679244,穩定,3.53,4.15,0.62
L3_DAY_TYPE_TIME_PERIOD,03F3916N_03F3854N,Weekday,早尖峰,207,246,39,0.18840579710144928,穩定,3.45,4.1,0.65
L3_DAY_TYPE_TIME_PERIOD,03F3916N_03F3854N,Weekday,晚尖峰,212,245,33,0.15566037735849056,穩定,3.53,4.08,0.55
L3_DAY_TYPE_TIME_PERIOD,03F3916N_03F3854N,Weekend,凌晨,206,252,46,0.22330097087378642,穩定,3.43,4.2,0.77
L3_DAY_TYPE_TIME_PERIOD,03F3916N_03F3854N,Weekend,夜間,210,228,18,0.08571428571428572,穩定,3.5,3.8,0.3
L3_DAY_TYPE_TIME_PERIOD,03F3916N_03F3854N,Weekend,日間,209,234,25,0.11961722488038277,穩定,3.48,3.9,0.42
L3_DAY_TYPE_TIME_PERIOD,03F3916N_03F3854N,Weekend,早尖峰,205,239,34,0.16585365853658537,穩定,3.42,3.98,0.57
L3_DAY_TYPE_TIME_PERIOD,03F3916N_03F3854N,Weekend,晚尖峰,216,240,24,0.1111111111111111,穩定,3.6,4.0,0.4
L3_DAY_TYPE_TIME_PERIOD,03F3916S_03F3981S,Weekday,凌晨,222,282,60,0.2702702702702703,普通,3.7,4.7,1.0
L3_DAY_TYPE_TIME_PERIOD,03F3916S_03F3981S,Weekday,夜間,217,255,38,0.17511520737327188,穩定,3.62,4.25,0.63
L3_DAY_TYPE_TIME_PERIOD,03F3916S_03F3981S,Weekday,日間,223,264,41,0.18385650224215247,穩定,3.72,4.4,0.68
L3_DAY_TYPE_TIME_PERIOD,03F3916S_03F3981S,Weekday,早尖峰,219,264,45,0.2054794520547945,穩定,3.65,4.4,0.75
L3_DAY_TYPE_TIME_PERIOD,03F3916S_03F3981S,Weekday,晚尖峰,224,265,41,0.18303571428571427,穩定,3.73,4.42,0.68
L3_DAY_TYPE_TIME_PERIOD,03F3916S_03F3981S,Weekend,凌晨,214,259,45,0.2102803738317757,穩定,3.57,4.32,0.75
L3_DAY_TYPE_TIME_PERIOD,03F3916S_03F3981S,Weekend,夜間,217,237,20,0.09216589861751152,穩定,3.62,3.95,0.33
L3_DAY_TYPE_TIME_PERIOD,03F3916S_03F3981S,Weekend,日間,222,248,26,0.11711711711711711,穩定,3.7,4.13,0.43
L3_DAY_TYPE_TIME_PERIOD,03F3916S_03F3981S,Weekend,早尖峰,217,247,30,0.1382488479262673,穩定,3.62,4.12,0.5
L3_DAY_TYPE_TIME_PERIOD,03F3916S_03F3981S,Weekend,晚尖峰,221,244,23,0.10407239819004525,穩定,3.68,4.07,0.38
L3_DAY_TYPE_TIME_PERIOD,03F3981S_03F4018S,Weekday,凌晨,126,164,38,0.30158730158730157,普通,2.1,2.73,0.63
L3_DAY_TYPE_TIME_PERIOD,03F3981S_03F4018S,Weekday,夜間,122,147,25,0.20491803278688525,穩定,2.03,2.45,0.42
L3_DAY_TYPE_TIME_PERIOD,03F3981S_03F4018S,Weekday,日間,124,149,25,0.20161290322580644,穩定,2.07,2.48,0.42
L3_DAY_TYPE_TIME_PERIOD,03F3981S_03F4018S,Weekday,早尖峰,123,149,26,0.21138211382113822,穩定,2.05,2.48,0.43
L3_DAY_TYPE_TIME_PERIOD,03F3981S_03F4018S,Weekday,晚尖峰,125,149,24,0.192,穩定,2.08,2.48,0.4
L3_DAY_TYPE_TIME_PERIOD,03F3981S_03F4018S,Weekend,凌晨,120,148,28,0.23333333333333334,穩定,2.0,2.47,0.47
L3_DAY_TYPE_TIME_PERIOD,03F3981S_03F4018S,Weekend,夜間,122,134,12,0.09836065573770492,穩定,2.03,2.23,0.2
L3_DAY_TYPE_TIME_PERIOD,03F3981S_03F4018S,Weekend,日間,123,136,13,0.10569105691056911,穩定,2.05,2.27,0.22
L3_DAY_TYPE_TIME_PERIOD,03F3981S_03F4018S,Weekend,早尖峰,121,137,16,0.1322314049586777,穩定,2.02,2.28,0.27
L3_DAY_TYPE_TIME_PERIOD,03F3981S_03F4018S,Weekend,晚尖峰,123,136,13,0.10569105691056911,穩定,2.05,2.27,0.22
L3_DAY_TYPE_TIME_PERIOD,03F3984N_03F3916N,Weekday,凌晨,233,291,58,0.24892703862660945,穩定,3.88,4.85,0.97
L3_DAY_TYPE_TIME_PERIOD,03F3984N_03F3916N,Weekday,夜間,227,265,38,0.16740088105726872,穩定,3.78,4.42,0.63
L3_DAY_TYPE_TIME_PERIOD,03F3984N_03F3916N,Weekday,日間,232,273,41,0.17672413793103448,穩定,3.87,4.55,0.68
L3_DAY_TYPE_TIME_PERIOD,03F3984N_03F3916N,Weekday,早尖峰,229,269,40,0.17467248908296942,穩定,3.82,4.48,0.67
L3_DAY_TYPE_TIME_PERIOD,03F3984N_03F3916N,Weekday,晚尖峰,234,272,38,0.1623931623931624,穩定,3.9,4.53,0.63
L3_DAY_TYPE_TIME_PERIOD,03F3984N_03F3916N,Weekend,凌晨,224,277,53,0.23660714285714285,穩定,3.73,4.62,0.88
L3_DAY_TYPE_TIME_PERIOD,03F3984N_03F3916N,Weekend,夜間,229,256,27,0.11790393013100436,穩定,3.82,4.27,0.45
L3_DAY_TYPE_TIME_PERIOD,03F3984N_03F3916N,Weekend,日間,231,269,38,0.1645021645021645,穩定,3.85,4.48,0.63
L3_DAY_TYPE_TIME_PERIOD,03F3984N_03F3916N,Weekend,早尖峰,225,259,34,0.1511111111111111,穩定,3.75,4.32,0.57
L3_DAY_TYPE_TIME_PERIOD,03F3984N_03F3916N,Weekend,晚尖峰,239,362,123,0.5146443514644351,不穩定,3.98,6.03,2.05
L3_DAY_TYPE_TIME_PERIOD,03F4018S_03F4142S,Weekday,凌晨,419,562,143,0.3412887828162291,普通,6.98,9.37,2.38
L3_DAY_TYPE_TIME_PERIOD,03F4018S_03F4142S,Weekday,夜間,410,502,92,0.22439024390243903,穩定,6.83,8.37,1.53
L3_DAY_TYPE_TIME_PERIOD,03F4018S_03F4142S,Weekday,日間,418,522,104,0.24880382775119617,穩定,6.97,8.7,1.73
L3_DAY_TYPE_TIME_PERIOD,03F4018S_03F4142S,Weekday,早尖峰,411,509,98,0.2384428223844282,穩定,6.85,8.48,1.63
L3_DAY_TYPE_TIME_PERIOD,03F4018S_03F4142S,Weekday,晚尖峰,422,512,90,0.2132701421800948,穩定,7.03,8.53,1.5
L3_DAY_TYPE_TIME_PERIOD,03F4018S_03F4142S,Weekend,凌晨,401,495,94,0.2344139650872818,穩定,6.68,8.25,1.57
L3_DAY_TYPE_TIME_PERIOD,03F4018S_03F4142S,Weekend,夜間,410,452,42,0.1024390243902439,穩定,6.83,7.53,0.7
L3_DAY_TYPE_TIME_PERIOD,03F4018S_03F4142S,Weekend,日間,414,455,41,0.09903381642512077,穩定,6.9,7.58,0.68
L3_DAY_TYPE_TIME_PERIOD,03F4018S_03F4142S,Weekend,早尖峰,405,459,54,0.13333333333333333,穩定,6.75,7.65,0.9
L3_DAY_TYPE_TIME_PERIOD,03F4018S_03F4142S,Weekend,晚尖峰,417,457,40,0.09592326139088729,穩定,6.95,7.62,0.67
L3_DAY_TYPE_TIME_PERIOD,03F4021N_03F3984N,Weekday,凌晨,129,167,38,0.29457364341085274,普通,2.15,2.78,0.63
L3_DAY_TYPE_TIME_PERIOD,03F4021N_03F3984N,Weekday,夜間,124,149,25,0.20161290322580644,穩定,2.07,2.48,0.42
L3_DAY_TYPE_TIME_PERIOD,03F4021N_03F3984N,Weekday,日間,126,151,25,0.1984126984126984,穩定,2.1,2.52,0.42
L3_DAY_TYPE_TIME_PERIOD,03F4021N_03F3984N,Weekday,早尖峰,124,149,25,0.20161290322580644,穩定,2.07,2.48,0.42
L3_DAY_TYPE_TIME_PERIOD,03F4021N_03F3984N,Weekday,晚尖峰,126,147,21,0.16666666666666666,穩定,2.1,2.45,0.35
L3_DAY_TYPE_TIME_PERIOD,03F4021N_03F3984N,Weekend,凌晨,123,156,33,0.2682926829268293,普通,2.05,2.6,0.55
L3_DAY_TYPE_TIME_PERIOD,03F4021N_03F3984N,Weekend,夜間,124,136,12,0.0967741935483871,穩定,2.07,2.27,0.2
L3_DAY_TYPE_TIME_PERIOD,03F4021N_03F3984N,Weekend,日間,125,140,15,0.12,穩定,2.08,2.33,0.25
L3_DAY_TYPE_TIME_PERIOD,03F4021N_03F3984N,Weekend,早尖峰,123,144,21,0.17073170731707318,穩定,2.05,2.4,0.35
L3_DAY_TYPE_TIME_PERIOD,03F4021N_03F3984N,Weekend,晚尖峰,127,147,20,0.15748031496062992,穩定,2.12,2.45,0.33
L3_DAY_TYPE_TIME_PERIOD,03F4142N_03F4021N,Weekday,凌晨,423,565,142,0.33569739952718675,普通,7.05,9.42,2.37
L3_DAY_TYPE_TIME_PERIOD,03F4142N_03F4021N,Weekday,夜間,410,500,90,0.21951219512195122,穩定,6.83,8.33,1.5
L3_DAY_TYPE_TIME_PERIOD,03F4142N_03F4021N,Weekday,日間,417,510,93,0.22302158273381295,穩定,6.95,8.5,1.55
L3_DAY_TYPE_TIME_PERIOD,03F4142N_03F4021N,Weekday,早尖峰,410,511,101,0.24634146341463414,穩定,6.83,8.52,1.68
L3_DAY_TYPE_TIME_PERIOD,03F4142N_03F4021N,Weekday,晚尖峰,418,505,87,0.20813397129186603,穩定,6.97,8.42,1.45
L3_DAY_TYPE_TIME_PERIOD,03F4142N_03F4021N,Weekend,凌晨,404,510,106,0.2623762376237624,普通,6.73,8.5,1.77
L3_DAY_TYPE_TIME_PERIOD,03F4142N_03F4021N,Weekend,夜間,411,453,42,0.10218978102189781,穩定,6.85,7.55,0.7
L3_DAY_TYPE_TIME_PERIOD,03F4142N_03F4021N,Weekend,日間,413,463,50,0.12106537530266344,穩定,6.88,7.72,0.83
L3_DAY_TYPE_TIME_PERIOD,03F4142N_03F4021N,Weekend,早尖峰,406,477,71,0.1748768472906404,穩定,6.77,7.95,1.18
L3_DAY_TYPE_TIME_PERIOD,03F4142N_03F4021N,Weekend,晚尖峰,421,474,53,0.12589073634204276,穩定,7.02,7.9,0.88
L3_DAY_TYPE_TIME_PERIOD,03F4142S_01F3696N,Weekday,凌晨,935,2679,1744,1.86524064171123,高風險,15.58,44.65,29.07
L3_DAY_TYPE_TIME_PERIOD,03F4142S_01F3696N,Weekday,夜間,982,2252,1270,1.2932790224032586,高風險,16.37,37.53,21.17
L3_DAY_TYPE_TIME_PERIOD,03F4142S_01F3696N,Weekday,日間,1066,2664,1598,1.4990619136960601,高風險,17.77,44.4,26.63
L3_DAY_TYPE_TIME_PERIOD,03F4142S_01F3696N,Weekday,早尖峰,1219,2337,1118,0.9171452009844134,不穩定,20.32,38.95,18.63
L3_DAY_TYPE_TIME_PERIOD,03F4142S_01F3696N,Weekday,晚尖峰,1240,2324,1084,0.8741935483870967,不穩定,20.67,38.73,18.07
L3_DAY_TYPE_TIME_PERIOD,03F4142S_01F3696N,Weekend,凌晨,934,2470,1536,1.6445396145610278,高風險,15.57,41.17,25.6
L3_DAY_TYPE_TIME_PERIOD,03F4142S_01F3696N,Weekend,夜間,1036,2118,1082,1.0444015444015444,高風險,17.27,35.3,18.03
L3_DAY_TYPE_TIME_PERIOD,03F4142S_01F3696N,Weekend,日間,1011,1978,967,0.9564787339268052,不穩定,16.85,32.97,16.12
L3_DAY_TYPE_TIME_PERIOD,03F4142S_01F3696N,Weekend,早尖峰,955,2265,1310,1.3717277486910995,高風險,15.92,37.75,21.83
L3_DAY_TYPE_TIME_PERIOD,03F4142S_01F3696N,Weekend,晚尖峰,1131,2023,892,0.78868258178603,不穩定,18.85,33.72,14.87
L3_DAY_TYPE_TIME_PERIOD,03F4142S_03F4168S,Weekday,凌晨,88,112,24,0.2727272727272727,普通,1.47,1.87,0.4
L3_DAY_TYPE_TIME_PERIOD,03F4142S_03F4168S,Weekday,夜間,87,103,16,0.1839080459770115,穩定,1.45,1.72,0.27
L3_DAY_TYPE_TIME_PERIOD,03F4142S_03F4168S,Weekday,日間,88,102,14,0.1590909090909091,穩定,1.47,1.7,0.23
L3_DAY_TYPE_TIME_PERIOD,03F4142S_03F4168S,Weekday,早尖峰,86,101,15,0.1744186046511628,穩定,1.43,1.68,0.25
L3_DAY_TYPE_TIME_PERIOD,03F4142S_03F4168S,Weekday,晚尖峰,88,101,13,0.14772727272727273,穩定,1.47,1.68,0.22
L3_DAY_TYPE_TIME_PERIOD,03F4142S_03F4168S,Weekend,凌晨,85,103,18,0.21176470588235294,穩定,1.42,1.72,0.3
L3_DAY_TYPE_TIME_PERIOD,03F4142S_03F4168S,Weekend,夜間,86,95,9,0.10465116279069768,穩定,1.43,1.58,0.15
L3_DAY_TYPE_TIME_PERIOD,03F4142S_03F4168S,Weekend,日間,88,103,15,0.17045454545454544,穩定,1.47,1.72,0.25
L3_DAY_TYPE_TIME_PERIOD,03F4142S_03F4168S,Weekend,早尖峰,86,98,12,0.13953488372093023,穩定,1.43,1.63,0.2
L3_DAY_TYPE_TIME_PERIOD,03F4142S_03F4168S,Weekend,晚尖峰,87,94,7,0.08045977011494253,穩定,1.45,1.57,0.12
L3_DAY_TYPE_TIME_PERIOD,03F4168N_01F3696N,Weekday,凌晨,961,1358,397,0.413111342351717,普通,16.02,22.63,6.62
L3_DAY_TYPE_TIME_PERIOD,03F4168N_01F3696N,Weekday,夜間,1004,1314,310,0.30876494023904383,普通,16.73,21.9,5.17
L3_DAY_TYPE_TIME_PERIOD,03F4168N_01F3696N,Weekday,日間,1070,1524,454,0.42429906542056073,普通,17.83,25.4,7.57
L3_DAY_TYPE_TIME_PERIOD,03F4168N_01F3696N,Weekday,早尖峰,1212,1782,570,0.47029702970297027,普通,20.2,29.7,9.5
L3_DAY_TYPE_TIME_PERIOD,03F4168N_01F3696N,Weekday,晚尖峰,1231,2067,836,0.6791226645004061,不穩定,20.52,34.45,13.93
L3_DAY_TYPE_TIME_PERIOD,03F4168N_01F3696N,Weekend,凌晨,944,1250,306,0.3241525423728814,普通,15.73,20.83,5.1
L3_DAY_TYPE_TIME_PERIOD,03F4168N_01F3696N,Weekend,夜間,1060,1406,346,0.3264150943396226,普通,17.67,23.43,5.77
L3_DAY_TYPE_TIME_PERIOD,03F4168N_01F3696N,Weekend,日間,1036,1256,220,0.21235521235521235,穩定,17.27,20.93,3.67
L3_DAY_TYPE_TIME_PERIOD,03F4168N_01F3696N,Weekend,早尖峰,963,1115,152,0.15784008307372793,穩定,16.05,18.58,2.53
L3_DAY_TYPE_TIME_PERIOD,03F4168N_01F3696N,Weekend,晚尖峰,1158,1658,500,0.4317789291882556,普通,19.3,27.63,8.33
L3_DAY_TYPE_TIME_PERIOD,03F4168N_03F4142N,Weekday,凌晨,88,111,23,0.26136363636363635,普通,1.47,1.85,0.38
L3_DAY_TYPE_TIME_PERIOD,03F4168N_03F4142N,Weekday,夜間,86,101,15,0.1744186046511628,穩定,1.43,1.68,0.25
L3_DAY_TYPE_TIME_PERIOD,03F4168N_03F4142N,Weekday,日間,87,101,14,0.16091954022988506,穩定,1.45,1.68,0.23
L3_DAY_TYPE_TIME_PERIOD,03F4168N_03F4142N,Weekday,早尖峰,85,101,16,0.18823529411764706,穩定,1.42,1.68,0.27
L3_DAY_TYPE_TIME_PERIOD,03F4168N_03F4142N,Weekday,晚尖峰,87,99,12,0.13793103448275862,穩定,1.45,1.65,0.2
L3_DAY_TYPE_TIME_PERIOD,03F4168N_03F4142N,Weekend,凌晨,85,104,19,0.2235294117647059,穩定,1.42,1.73,0.32
L3_DAY_TYPE_TIME_PERIOD,03F4168N_03F4142N,Weekend,夜間,88,99,11,0.125,穩定,1.47,1.65,0.18
L3_DAY_TYPE_TIME_PERIOD,03F4168N_03F4142N,Weekend,日間,87,96,9,0.10344827586206896,穩定,1.45,1.6,0.15
L3_DAY_TYPE_TIME_PERIOD,03F4168N_03F4142N,Weekend,早尖峰,85,97,12,0.1411764705882353,穩定,1.42,1.62,0.2
L3_DAY_TYPE_TIME_PERIOD,03F4168N_03F4142N,Weekend,晚尖峰,90,103,13,0.14444444444444443,穩定,1.5,1.72,0.22
L3_DAY_TYPE_TIME_PERIOD,03F4168S_03F4232S,Weekday,凌晨,219,277,58,0.2648401826484018,普通,3.65,4.62,0.97
L3_DAY_TYPE_TIME_PERIOD,03F4168S_03F4232S,Weekday,夜間,215,249,34,0.15813953488372093,穩定,3.58,4.15,0.57
L3_DAY_TYPE_TIME_PERIOD,03F4168S_03F4232S,Weekday,日間,221,261,40,0.18099547511312217,穩定,3.68,4.35,0.67
L3_DAY_TYPE_TIME_PERIOD,03F4168S_03F4232S,Weekday,早尖峰,216,258,42,0.19444444444444445,穩定,3.6,4.3,0.7
L3_DAY_TYPE_TIME_PERIOD,03F4168S_03F4232S,Weekday,晚尖峰,218,252,34,0.1559633027522936,穩定,3.63,4.2,0.57
L3_DAY_TYPE_TIME_PERIOD,03F4168S_03F4232S,Weekend,凌晨,212,255,43,0.2028301886792453,穩定,3.53,4.25,0.72
L3_DAY_TYPE_TIME_PERIOD,03F4168S_03F4232S,Weekend,夜間,214,234,20,0.09345794392523364,穩定,3.57,3.9,0.33
L3_DAY_TYPE_TIME_PERIOD,03F4168S_03F4232S,Weekend,日間,224,288,64,0.2857142857142857,普通,3.73,4.8,1.07
L3_DAY_TYPE_TIME_PERIOD,03F4168S_03F4232S,Weekend,早尖峰,217,256,39,0.17972350230414746,穩定,3.62,4.27,0.65
L3_DAY_TYPE_TIME_PERIOD,03F4168S_03F4232S,Weekend,晚尖峰,217,235,18,0.08294930875576037,穩定,3.62,3.92,0.3
L3_DAY_TYPE_TIME_PERIOD,03F4232N_03F4168N,Weekday,凌晨,224,281,57,0.2544642857142857,普通,3.73,4.68,0.95
L3_DAY_TYPE_TIME_PERIOD,03F4232N_03F4168N,Weekday,夜間,223,259,36,0.16143497757847533,穩定,3.72,4.32,0.6
L3_DAY_TYPE_TIME_PERIOD,03F4232N_03F4168N,Weekday,日間,226,266,40,0.17699115044247787,穩定,3.77,4.43,0.67
L3_DAY_TYPE_TIME_PERIOD,03F4232N_03F4168N,Weekday,早尖峰,217,261,44,0.20276497695852536,穩定,3.62,4.35,0.73
L3_DAY_TYPE_TIME_PERIOD,03F4232N_03F4168N,Weekday,晚尖峰,230,260,30,0.13043478260869565,穩定,3.83,4.33,0.5
L3_DAY_TYPE_TIME_PERIOD,03F4232N_03F4168N,Weekend,凌晨,218,266,48,0.22018348623853212,穩定,3.63,4.43,0.8
L3_DAY_TYPE_TIME_PERIOD,03F4232N_03F4168N,Weekend,夜間,230,265,35,0.15217391304347827,穩定,3.83,4.42,0.58
L3_DAY_TYPE_TIME_PERIOD,03F4232N_03F4168N,Weekend,日間,228,259,31,0.13596491228070176,穩定,3.8,4.32,0.52
L3_DAY_TYPE_TIME_PERIOD,03F4232N_03F4168N,Weekend,早尖峰,217,251,34,0.15668202764976957,穩定,3.62,4.18,0.57
L3_DAY_TYPE_TIME_PERIOD,03F4232N_03F4168N,Weekend,晚尖峰,241,428,187,0.7759336099585062,不穩定,4.02,7.13,3.12
L3_DAY_TYPE_TIME_PERIOD,03F4232S_03F4263S,Weekday,凌晨,104,132,28,0.2692307692307692,普通,1.73,2.2,0.47
L3_DAY_TYPE_TIME_PERIOD,03F4232S_03F4263S,Weekday,夜間,102,119,17,0.16666666666666666,穩定,1.7,1.98,0.28
L3_DAY_TYPE_TIME_PERIOD,03F4232S_03F4263S,Weekday,日間,103,123,20,0.1941747572815534,穩定,1.72,2.05,0.33
L3_DAY_TYPE_TIME_PERIOD,03F4232S_03F4263S,Weekday,早尖峰,101,120,19,0.18811881188118812,穩定,1.68,2.0,0.32
L3_DAY_TYPE_TIME_PERIOD,03F4232S_03F4263S,Weekday,晚尖峰,102,116,14,0.13725490196078433,穩定,1.7,1.93,0.23
L3_DAY_TYPE_TIME_PERIOD,03F4232S_03F4263S,Weekend,凌晨,102,124,22,0.21568627450980393,穩定,1.7,2.07,0.37
L3_DAY_TYPE_TIME_PERIOD,03F4232S_03F4263S,Weekend,夜間,102,113,11,0.10784313725490197,穩定,1.7,1.88,0.18
L3_DAY_TYPE_TIME_PERIOD,03F4232S_03F4263S,Weekend,日間,103,116,13,0.1262135922330097,穩定,1.72,1.93,0.22
L3_DAY_TYPE_TIME_PERIOD,03F4232S_03F4263S,Weekend,早尖峰,101,116,15,0.1485148514851485,穩定,1.68,1.93,0.25
L3_DAY_TYPE_TIME_PERIOD,03F4232S_03F4263S,Weekend,晚尖峰,102,110,8,0.0784313725490196,穩定,1.7,1.83,0.13
L3_DAY_TYPE_TIME_PERIOD,03F4259N_03F4232N,Weekday,凌晨,96,123,27,0.28125,普通,1.6,2.05,0.45
L3_DAY_TYPE_TIME_PERIOD,03F4259N_03F4232N,Weekday,夜間,94,110,16,0.1702127659574468,穩定,1.57,1.83,0.27
L3_DAY_TYPE_TIME_PERIOD,03F4259N_03F4232N,Weekday,日間,95,112,17,0.17894736842105263,穩定,1.58,1.87,0.28
L3_DAY_TYPE_TIME_PERIOD,03F4259N_03F4232N,Weekday,早尖峰,92,108,16,0.17391304347826086,穩定,1.53,1.8,0.27
L3_DAY_TYPE_TIME_PERIOD,03F4259N_03F4232N,Weekday,晚尖峰,94,107,13,0.13829787234042554,穩定,1.57,1.78,0.22
L3_DAY_TYPE_TIME_PERIOD,03F4259N_03F4232N,Weekend,凌晨,94,118,24,0.2553191489361702,普通,1.57,1.97,0.4
L3_DAY_TYPE_TIME_PERIOD,03F4259N_03F4232N,Weekend,夜間,94,103,9,0.09574468085106383,穩定,1.57,1.72,0.15
L3_DAY_TYPE_TIME_PERIOD,03F4259N_03F4232N,Weekend,日間,94,104,10,0.10638297872340426,穩定,1.57,1.73,0.17
L3_DAY_TYPE_TIME_PERIOD,03F4259N_03F4232N,Weekend,早尖峰,93,108,15,0.16129032258064516,穩定,1.55,1.8,0.25
L3_DAY_TYPE_TIME_PERIOD,03F4259N_03F4232N,Weekend,晚尖峰,95,105,10,0.10526315789473684,穩定,1.58,1.75,0.17
L3_DAY_TYPE_TIME_PERIOD,05F0000S_05F0055S,Weekday,凌晨,234,250,16,0.06837606837606838,穩定,3.9,4.17,0.27
L3_DAY_TYPE_TIME_PERIOD,05F0000S_05F0055S,Weekday,夜間,243,334,91,0.37448559670781895,普通,4.05,5.57,1.52
L3_DAY_TYPE_TIME_PERIOD,05F0000S_05F0055S,Weekday,日間,263,615,352,1.338403041825095,高風險,4.38,10.25,5.87
L3_DAY_TYPE_TIME_PERIOD,05F0000S_05F0055S,Weekday,早尖峰,247,262,15,0.06072874493927125,穩定,4.12,4.37,0.25
L3_DAY_TYPE_TIME_PERIOD,05F0000S_05F0055S,Weekday,晚尖峰,248,274,26,0.10483870967741936,穩定,4.13,4.57,0.43
L3_DAY_TYPE_TIME_PERIOD,05F0000S_05F0055S,Weekend,凌晨,239,282,43,0.1799163179916318,穩定,3.98,4.7,0.72
L3_DAY_TYPE_TIME_PERIOD,05F0000S_05F0055S,Weekend,夜間,241,253,12,0.04979253112033195,穩定,4.02,4.22,0.2
L3_DAY_TYPE_TIME_PERIOD,05F0000S_05F0055S,Weekend,日間,278,712,434,1.5611510791366907,高風險,4.63,11.87,7.23
L3_DAY_TYPE_TIME_PERIOD,05F0000S_05F0055S,Weekend,早尖峰,269,492,223,0.828996282527881,不穩定,4.48,8.2,3.72
L3_DAY_TYPE_TIME_PERIOD,05F0000S_05F0055S,Weekend,晚尖峰,251,474,223,0.8884462151394422,不穩定,4.18,7.9,3.72
L3_DAY_TYPE_TIME_PERIOD,05F0001N_03F0150N,Weekday,凌晨,48,53,5,0.10416666666666667,穩定,0.8,0.88,0.08
L3_DAY_TYPE_TIME_PERIOD,05F0001N_03F0150N,Weekday,夜間,51,55,4,0.0784313725490196,穩定,0.85,0.92,0.07
L3_DAY_TYPE_TIME_PERIOD,05F0001N_03F0150N,Weekday,日間,52,57,5,0.09615384615384616,穩定,0.87,0.95,0.08
L3_DAY_TYPE_TIME_PERIOD,05F0001N_03F0150N,Weekday,早尖峰,54,84,30,0.5555555555555556,不穩定,0.9,1.4,0.5
L3_DAY_TYPE_TIME_PERIOD,05F0001N_03F0150N,Weekday,晚尖峰,53,58,5,0.09433962264150944,穩定,0.88,0.97,0.08
L3_DAY_TYPE_TIME_PERIOD,05F0001N_03F0150N,Weekend,凌晨,49,53,4,0.08163265306122448,穩定,0.82,0.88,0.07
L3_DAY_TYPE_TIME_PERIOD,05F0001N_03F0150N,Weekend,夜間,53,57,4,0.07547169811320754,穩定,0.88,0.95,0.07
L3_DAY_TYPE_TIME_PERIOD,05F0001N_03F0150N,Weekend,日間,52,56,4,0.07692307692307693,穩定,0.87,0.93,0.07
L3_DAY_TYPE_TIME_PERIOD,05F0001N_03F0150N,Weekend,早尖峰,49,53,4,0.08163265306122448,穩定,0.82,0.88,0.07
L3_DAY_TYPE_TIME_PERIOD,05F0001N_03F0150N,Weekend,晚尖峰,55,60,5,0.09090909090909091,穩定,0.92,1.0,0.08
L3_DAY_TYPE_TIME_PERIOD,05F0001N_03F0201S,Weekday,凌晨,204,225,21,0.10294117647058823,穩定,3.4,3.75,0.35
L3_DAY_TYPE_TIME_PERIOD,05F0001N_03F0201S,Weekday,夜間,215,329,114,0.5302325581395348,不穩定,3.58,5.48,1.9
L3_DAY_TYPE_TIME_PERIOD,05F0001N_03F0201S,Weekday,日間,221,247,26,0.11764705882352941,穩定,3.68,4.12,0.43
L3_DAY_TYPE_TIME_PERIOD,05F0001N_03F0201S,Weekday,早尖峰,231,379,148,0.6406926406926406,不穩定,3.85,6.32,2.47
L3_DAY_TYPE_TIME_PERIOD,05F0001N_03F0201S,Weekday,晚尖峰,305,575,270,0.8852459016393442,不穩定,5.08,9.58,4.5
L3_DAY_TYPE_TIME_PERIOD,05F0001N_03F0201S,Weekend,凌晨,205,220,15,0.07317073170731707,穩定,3.42,3.67,0.25
L3_DAY_TYPE_TIME_PERIOD,05F0001N_03F0201S,Weekend,夜間,218,240,22,0.10091743119266056,穩定,3.63,4.0,0.37
L3_DAY_TYPE_TIME_PERIOD,05F0001N_03F0201S,Weekend,日間,217,235,18,0.08294930875576037,穩定,3.62,3.92,0.3
L3_DAY_TYPE_TIME_PERIOD,05F0001N_03F0201S,Weekend,早尖峰,207,224,17,0.0821256038647343,穩定,3.45,3.73,0.28
L3_DAY_TYPE_TIME_PERIOD,05F0001N_03F0201S,Weekend,晚尖峰,232,325,93,0.40086206896551724,普通,3.87,5.42,1.55
L3_DAY_TYPE_TIME_PERIOD,05F0055N_05F0001N,Weekday,凌晨,218,236,18,0.08256880733944955,穩定,3.63,3.93,0.3
L3_DAY_TYPE_TIME_PERIOD,05F0055N_05F0001N,Weekday,夜間,234,264,30,0.1282051282051282,穩定,3.9,4.4,0.5
L3_DAY_TYPE_TIME_PERIOD,05F0055N_05F0001N,Weekday,日間,239,268,29,0.12133891213389121,穩定,3.98,4.47,0.48
L3_DAY_TYPE_TIME_PERIOD,05F0055N_05F0001N,Weekday,早尖峰,231,284,53,0.22943722943722944,穩定,3.85,4.73,0.88
L3_DAY_TYPE_TIME_PERIOD,05F0055N_05F0001N,Weekday,晚尖峰,254,290,36,0.14173228346456693,穩定,4.23,4.83,0.6
L3_DAY_TYPE_TIME_PERIOD,05F0055N_05F0001N,Weekend,凌晨,222,257,35,0.15765765765765766,穩定,3.7,4.28,0.58
L3_DAY_TYPE_TIME_PERIOD,05F0055N_05F0001N,Weekend,夜間,252,487,235,0.9325396825396826,不穩定,4.2,8.12,3.92
L3_DAY_TYPE_TIME_PERIOD,05F0055N_05F0001N,Weekend,日間,248,430,182,0.7338709677419355,不穩定,4.13,7.17,3.03
L3_DAY_TYPE_TIME_PERIOD,05F0055N_05F0001N,Weekend,早尖峰,225,241,16,0.07111111111111111,穩定,3.75,4.02,0.27
L3_DAY_TYPE_TIME_PERIOD,05F0055N_05F0001N,Weekend,晚尖峰,299,580,281,0.939799331103679,不穩定,4.98,9.67,4.68
L3_DAY_TYPE_TIME_PERIOD,05F0055S_05F0287S,Weekday,凌晨,949,1000,51,0.05374077976817703,穩定,15.82,16.67,0.85
L3_DAY_TYPE_TIME_PERIOD,05F0055S_05F0287S,Weekday,夜間,993,1561,568,0.5720040281973817,不穩定,16.55,26.02,9.47
L3_DAY_TYPE_TIME_PERIOD,05F0055S_05F0287S,Weekday,日間,1078,1817,739,0.6855287569573284,不穩定,17.97,30.28,12.32
L3_DAY_TYPE_TIME_PERIOD,05F0055S_05F0287S,Weekday,早尖峰,993,1049,56,0.05639476334340383,穩定,16.55,17.48,0.93
L3_DAY_TYPE_TIME_PERIOD,05F0055S_05F0287S,Weekday,晚尖峰,1011,1304,293,0.2898120672601385,普通,16.85,21.73,4.88
L3_DAY_TYPE_TIME_PERIOD,05F0055S_05F0287S,Weekend,凌晨,957,1080,123,0.12852664576802508,穩定,15.95,18.0,2.05
L3_DAY_TYPE_TIME_PERIOD,05F0055S_05F0287S,Weekend,夜間,976,1028,52,0.05327868852459016,穩定,16.27,17.13,0.87
L3_DAY_TYPE_TIME_PERIOD,05F0055S_05F0287S,Weekend,日間,1116,2506,1390,1.2455197132616487,高風險,18.6,41.77,23.17
L3_DAY_TYPE_TIME_PERIOD,05F0055S_05F0287S,Weekend,早尖峰,1063,1656,593,0.5578551269990593,不穩定,17.72,27.6,9.88
L3_DAY_TYPE_TIME_PERIOD,05F0055S_05F0287S,Weekend,晚尖峰,1023,2412,1389,1.3577712609970674,高風險,17.05,40.2,23.15
L3_DAY_TYPE_TIME_PERIOD,05F0287N_05F0055N,Weekday,凌晨,948,1020,72,0.0759493670886076,穩定,15.8,17.0,1.2
L3_DAY_TYPE_TIME_PERIOD,05F0287N_05F0055N,Weekday,夜間,1020,1609,589,0.5774509803921568,不穩定,17.0,26.82,9.82
L3_DAY_TYPE_TIME_PERIOD,05F0287N_05F0055N,Weekday,日間,1067,1582,515,0.48266166822867856,普通,17.78,26.37,8.58
L3_DAY_TYPE_TIME_PERIOD,05F0287N_05F0055N,Weekday,早尖峰,1007,1198,191,0.18967229394240318,穩定,16.78,19.97,3.18
L3_DAY_TYPE_TIME_PERIOD,05F0287N_05F0055N,Weekday,晚尖峰,1478,1803,325,0.2198917456021651,穩定,24.63,30.05,5.42
L3_DAY_TYPE_TIME_PERIOD,05F0287N_05F0055N,Weekend,凌晨,960,1599,639,0.665625,不穩定,16.0,26.65,10.65
L3_DAY_TYPE_TIME_PERIOD,05F0287N_05F0055N,Weekend,夜間,1377,1855,478,0.34713144517066086,普通,22.95,30.92,7.97
L3_DAY_TYPE_TIME_PERIOD,05F0287N_05F0055N,Weekend,日間,1299,1721,422,0.3248652809853734,普通,21.65,28.68,7.03
L3_DAY_TYPE_TIME_PERIOD,05F0287N_05F0055N,Weekend,早尖峰,982,1090,108,0.109979633401222,穩定,16.37,18.17,1.8
L3_DAY_TYPE_TIME_PERIOD,05F0287N_05F0055N,Weekend,晚尖峰,1598,2016,418,0.2615769712140175,普通,26.63,33.6,6.97
L3_DAY_TYPE_TIME_PERIOD,05F0287S_05F0309S,Weekday,凌晨,85,93,8,0.09411764705882353,穩定,1.42,1.55,0.13
L3_DAY_TYPE_TIME_PERIOD,05F0287S_05F0309S,Weekday,夜間,87,94,7,0.08045977011494253,穩定,1.45,1.57,0.12
L3_DAY_TYPE_TIME_PERIOD,05F0287S_05F0309S,Weekday,日間,89,95,6,0.06741573033707865,穩定,1.48,1.58,0.1
L3_DAY_TYPE_TIME_PERIOD,05F0287S_05F0309S,Weekday,早尖峰,87,92,5,0.05747126436781609,穩定,1.45,1.53,0.08
L3_DAY_TYPE_TIME_PERIOD,05F0287S_05F0309S,Weekday,晚尖峰,87,93,6,0.06896551724137931,穩定,1.45,1.55,0.1
L3_DAY_TYPE_TIME_PERIOD,05F0287S_05F0309S,Weekend,凌晨,86,92,6,0.06976744186046512,穩定,1.43,1.53,0.1
L3_DAY_TYPE_TIME_PERIOD,05F0287S_05F0309S,Weekend,夜間,86,92,6,0.06976744186046512,穩定,1.43,1.53,0.1
L3_DAY_TYPE_TIME_PERIOD,05F0287S_05F0309S,Weekend,日間,89,95,6,0.06741573033707865,穩定,1.48,1.58,0.1
L3_DAY_TYPE_TIME_PERIOD,05F0287S_05F0309S,Weekend,早尖峰,88,94,6,0.06818181818181818,穩定,1.47,1.57,0.1
L3_DAY_TYPE_TIME_PERIOD,05F0287S_05F0309S,Weekend,晚尖峰,88,95,7,0.07954545454545454,穩定,1.47,1.58,0.12
L3_DAY_TYPE_TIME_PERIOD,05F0309N_05F0287N,Weekday,凌晨,87,97,10,0.11494252873563218,穩定,1.45,1.62,0.17
L3_DAY_TYPE_TIME_PERIOD,05F0309N_05F0287N,Weekday,夜間,91,567,476,5.230769230769231,高風險,1.52,9.45,7.93
L3_DAY_TYPE_TIME_PERIOD,05F0309N_05F0287N,Weekday,日間,92,263,171,1.858695652173913,高風險,1.53,4.38,2.85
L3_DAY_TYPE_TIME_PERIOD,05F0309N_05F0287N,Weekday,早尖峰,87,99,12,0.13793103448275862,穩定,1.45,1.65,0.2
L3_DAY_TYPE_TIME_PERIOD,05F0309N_05F0287N,Weekday,晚尖峰,97,1066,969,9.989690721649485,高風險,1.62,17.77,16.15
L3_DAY_TYPE_TIME_PERIOD,05F0309N_05F0287N,Weekend,凌晨,88,666,578,6.568181818181818,高風險,1.47,11.1,9.63
L3_DAY_TYPE_TIME_PERIOD,05F0309N_05F0287N,Weekend,夜間,98,1084,986,10.061224489795919,高風險,1.63,18.07,16.43
L3_DAY_TYPE_TIME_PERIOD,05F0309N_05F0287N,Weekend,日間,96,1108,1012,10.541666666666666,高風險,1.6,18.47,16.87
L3_DAY_TYPE_TIME_PERIOD,05F0309N_05F0287N,Weekend,早尖峰,88,100,12,0.13636363636363635,穩定,1.47,1.67,0.2
L3_DAY_TYPE_TIME_PERIOD,05F0309N_05F0287N,Weekend,晚尖峰,230,1297,1067,4.639130434782609,高風險,3.83,21.62,17.78
L3_DAY_TYPE_TIME_PERIOD,05F0309S_05F0439S,Weekday,凌晨,489,556,67,0.13701431492842536,穩定,8.15,9.27,1.12
L3_DAY_TYPE_TIME_PERIOD,05F0309S_05F0439S,Weekday,夜間,489,534,45,0.09202453987730061,穩定,8.15,8.9,0.75
L3_DAY_TYPE_TIME_PERIOD,05F0309S_05F0439S,Weekday,日間,491,530,39,0.07942973523421588,穩定,8.18,8.83,0.65
L3_DAY_TYPE_TIME_PERIOD,05F0309S_05F0439S,Weekday,早尖峰,483,532,49,0.10144927536231885,穩定,8.05,8.87,0.82
L3_DAY_TYPE_TIME_PERIOD,05F0309S_05F0439S,Weekday,晚尖峰,486,526,40,0.0823045267489712,穩定,8.1,8.77,0.67
L3_DAY_TYPE_TIME_PERIOD,05F0309S_05F0439S,Weekend,凌晨,483,528,45,0.09316770186335403,穩定,8.05,8.8,0.75
L3_DAY_TYPE_TIME_PERIOD,05F0309S_05F0439S,Weekend,夜間,486,525,39,0.08024691358024691,穩定,8.1,8.75,0.65
L3_DAY_TYPE_TIME_PERIOD,05F0309S_05F0439S,Weekend,日間,489,520,31,0.06339468302658487,穩定,8.15,8.67,0.52
L3_DAY_TYPE_TIME_PERIOD,05F0309S_05F0439S,Weekend,早尖峰,487,521,34,0.06981519507186858,穩定,8.12,8.68,0.57
L3_DAY_TYPE_TIME_PERIOD,05F0309S_05F0439S,Weekend,晚尖峰,487,523,36,0.07392197125256673,穩定,8.12,8.72,0.6
L3_DAY_TYPE_TIME_PERIOD,05F0438N_05F0309N,Weekday,凌晨,493,555,62,0.1257606490872211,穩定,8.22,9.25,1.03
L3_DAY_TYPE_TIME_PERIOD,05F0438N_05F0309N,Weekday,夜間,495,572,77,0.15555555555555556,穩定,8.25,9.53,1.28
L3_DAY_TYPE_TIME_PERIOD,05F0438N_05F0309N,Weekday,日間,493,538,45,0.09127789046653144,穩定,8.22,8.97,0.75
L3_DAY_TYPE_TIME_PERIOD,05F0438N_05F0309N,Weekday,早尖峰,476,530,54,0.1134453781512605,穩定,7.93,8.83,0.9
L3_DAY_TYPE_TIME_PERIOD,05F0438N_05F0309N,Weekday,晚尖峰,497,1302,805,1.619718309859155,高風險,8.28,21.7,13.42
L3_DAY_TYPE_TIME_PERIOD,05F0438N_05F0309N,Weekend,凌晨,488,1123,635,1.3012295081967213,高風險,8.13,18.72,10.58
L3_DAY_TYPE_TIME_PERIOD,05F0438N_05F0309N,Weekend,夜間,502,1585,1083,2.1573705179282867,高風險,8.37,26.42,18.05
L3_DAY_TYPE_TIME_PERIOD,05F0438N_05F0309N,Weekend,日間,494,1714,1220,2.4696356275303644,高風險,8.23,28.57,20.33
L3_DAY_TYPE_TIME_PERIOD,05F0438N_05F0309N,Weekend,早尖峰,481,528,47,0.09771309771309772,穩定,8.02,8.8,0.78
L3_DAY_TYPE_TIME_PERIOD,05F0438N_05F0309N,Weekend,晚尖峰,507,1866,1359,2.6804733727810652,高風險,8.45,31.1,22.65
L3_DAY_TYPE_TIME_PERIOD,05F0438N_05FR143N,Weekday,凌晨,109,129,20,0.1834862385321101,穩定,1.82,2.15,0.33
L3_DAY_TYPE_TIME_PERIOD,05F0438N_05FR143N,Weekday,夜間,112,123,11,0.09821428571428571,穩定,1.87,2.05,0.18
L3_DAY_TYPE_TIME_PERIOD,05F0438N_05FR143N,Weekday,日間,112,121,9,0.08035714285714286,穩定,1.87,2.02,0.15
L3_DAY_TYPE_TIME_PERIOD,05F0438N_05FR143N,Weekday,早尖峰,108,117,9,0.08333333333333333,穩定,1.8,1.95,0.15
L3_DAY_TYPE_TIME_PERIOD,05F0438N_05FR143N,Weekday,晚尖峰,114,124,10,0.08771929824561403,穩定,1.9,2.07,0.17
L3_DAY_TYPE_TIME_PERIOD,05F0438N_05FR143N,Weekend,凌晨,109,127,18,0.1651376146788991,穩定,1.82,2.12,0.3
L3_DAY_TYPE_TIME_PERIOD,05F0438N_05FR143N,Weekend,夜間,112,123,11,0.09821428571428571,穩定,1.87,2.05,0.18
L3_DAY_TYPE_TIME_PERIOD,05F0438N_05FR143N,Weekend,日間,111,119,8,0.07207207207207207,穩定,1.85,1.98,0.13
L3_DAY_TYPE_TIME_PERIOD,05F0438N_05FR143N,Weekend,早尖峰,108,119,11,0.10185185185185185,穩定,1.8,1.98,0.18
L3_DAY_TYPE_TIME_PERIOD,05F0438N_05FR143N,Weekend,晚尖峰,113,123,10,0.08849557522123894,穩定,1.88,2.05,0.17
L3_DAY_TYPE_TIME_PERIOD,05F0439S_05F0494S,Weekday,凌晨,209,239,30,0.14354066985645933,穩定,3.48,3.98,0.5
L3_DAY_TYPE_TIME_PERIOD,05F0439S_05F0494S,Weekday,夜間,206,228,22,0.10679611650485436,穩定,3.43,3.8,0.37
L3_DAY_TYPE_TIME_PERIOD,05F0439S_05F0494S,Weekday,日間,207,223,16,0.07729468599033816,穩定,3.45,3.72,0.27
L3_DAY_TYPE_TIME_PERIOD,05F0439S_05F0494S,Weekday,早尖峰,203,223,20,0.09852216748768473,穩定,3.38,3.72,0.33
L3_DAY_TYPE_TIME_PERIOD,05F0439S_05F0494S,Weekday,晚尖峰,206,225,19,0.09223300970873786,穩定,3.43,3.75,0.32
L3_DAY_TYPE_TIME_PERIOD,05F0439S_05F0494S,Weekend,凌晨,204,225,21,0.10294117647058823,穩定,3.4,3.75,0.35
L3_DAY_TYPE_TIME_PERIOD,05F0439S_05F0494S,Weekend,夜間,205,222,17,0.08292682926829269,穩定,3.42,3.7,0.28
L3_DAY_TYPE_TIME_PERIOD,05F0439S_05F0494S,Weekend,日間,206,218,12,0.05825242718446602,穩定,3.43,3.63,0.2
L3_DAY_TYPE_TIME_PERIOD,05F0439S_05F0494S,Weekend,早尖峰,204,220,16,0.0784313725490196,穩定,3.4,3.67,0.27
L3_DAY_TYPE_TIME_PERIOD,05F0439S_05F0494S,Weekend,晚尖峰,205,219,14,0.06829268292682927,穩定,3.42,3.65,0.23
L3_DAY_TYPE_TIME_PERIOD,05F0528N_05F0438N,Weekday,凌晨,348,402,54,0.15517241379310345,穩定,5.8,6.7,0.9
L3_DAY_TYPE_TIME_PERIOD,05F0528N_05F0438N,Weekday,夜間,342,383,41,0.11988304093567251,穩定,5.7,6.38,0.68
L3_DAY_TYPE_TIME_PERIOD,05F0528N_05F0438N,Weekday,日間,342,375,33,0.09649122807017543,穩定,5.7,6.25,0.55
L3_DAY_TYPE_TIME_PERIOD,05F0528N_05F0438N,Weekday,早尖峰,336,379,43,0.12797619047619047,穩定,5.6,6.32,0.72
L3_DAY_TYPE_TIME_PERIOD,05F0528N_05F0438N,Weekday,晚尖峰,339,371,32,0.0943952802359882,穩定,5.65,6.18,0.53
L3_DAY_TYPE_TIME_PERIOD,05F0528N_05F0438N,Weekend,凌晨,338,391,53,0.15680473372781065,穩定,5.63,6.52,0.88
L3_DAY_TYPE_TIME_PERIOD,05F0528N_05F0438N,Weekend,夜間,338,366,28,0.08284023668639054,穩定,5.63,6.1,0.47
L3_DAY_TYPE_TIME_PERIOD,05F0528N_05F0438N,Weekend,日間,336,359,23,0.06845238095238096,穩定,5.6,5.98,0.38
L3_DAY_TYPE_TIME_PERIOD,05F0528N_05F0438N,Weekend,早尖峰,336,377,41,0.12202380952380952,穩定,5.6,6.28,0.68
L3_DAY_TYPE_TIME_PERIOD,05F0528N_05F0438N,Weekend,晚尖峰,337,362,25,0.07418397626112759,穩定,5.62,6.03,0.42
L3_DAY_TYPE_TIME_PERIOD,05FR113S_05F0439S,Weekday,凌晨,112,135,23,0.20535714285714285,穩定,1.87,2.25,0.38
L3_DAY_TYPE_TIME_PERIOD,05FR113S_05F0439S,Weekday,夜間,113,124,11,0.09734513274336283,穩定,1.88,2.07,0.18
L3_DAY_TYPE_TIME_PERIOD,05FR113S_05F0439S,Weekday,日間,114,124,10,0.08771929824561403,穩定,1.9,2.07,0.17
L3_DAY_TYPE_TIME_PERIOD,05FR113S_05F0439S,Weekday,早尖峰,111,121,10,0.09009009009009009,穩定,1.85,2.02,0.17
L3_DAY_TYPE_TIME_PERIOD,05FR113S_05F0439S,Weekday,晚尖峰,114,124,10,0.08771929824561403,穩定,1.9,2.07,0.17
L3_DAY_TYPE_TIME_PERIOD,05FR113S_05F0439S,Weekend,凌晨,111,131,20,0.18018018018018017,穩定,1.85,2.18,0.33
L3_DAY_TYPE_TIME_PERIOD,05FR113S_05F0439S,Weekend,夜間,113,123,10,0.08849557522123894,穩定,1.88,2.05,0.17
L3_DAY_TYPE_TIME_PERIOD,05FR113S_05F0439S,Weekend,日間,113,122,9,0.07964601769911504,穩定,1.88,2.03,0.15
L3_DAY_TYPE_TIME_PERIOD,05FR113S_05F0439S,Weekend,早尖峰,112,123,11,0.09821428571428571,穩定,1.87,2.05,0.18
L3_DAY_TYPE_TIME_PERIOD,05FR113S_05F0439S,Weekend,晚尖峰,113,123,10,0.08849557522123894,穩定,1.88,2.05,0.17
L2_TIME_PERIOD,01F0005S_01F0017S,ALL,凌晨,47,52,5,0.10638297872340426,穩定,0.78,0.87,0.08
L2_TIME_PERIOD,01F0005S_01F0017S,ALL,夜間,51,55,4,0.0784313725490196,穩定,0.85,0.92,0.07
L2_TIME_PERIOD,01F0005S_01F0017S,ALL,日間,50,54,4,0.08,穩定,0.83,0.9,0.07
L2_TIME_PERIOD,01F0005S_01F0017S,ALL,早尖峰,48,53,5,0.10416666666666667,穩定,0.8,0.88,0.08
L2_TIME_PERIOD,01F0005S_01F0017S,ALL,晚尖峰,51,56,5,0.09803921568627451,穩定,0.85,0.93,0.08
L2_TIME_PERIOD,01F0017N_01F0005N,ALL,凌晨,45,50,5,0.1111111111111111,穩定,0.75,0.83,0.08
L2_TIME_PERIOD,01F0017N_01F0005N,ALL,夜間,48,54,6,0.125,穩定,0.8,0.9,0.1
L2_TIME_PERIOD,01F0017N_01F0005N,ALL,日間,48,52,4,0.08333333333333333,穩定,0.8,0.87,0.07
L2_TIME_PERIOD,01F0017N_01F0005N,ALL,早尖峰,47,51,4,0.0851063829787234,穩定,0.78,0.85,0.07
L2_TIME_PERIOD,01F0017N_01F0005N,ALL,晚尖峰,49,56,7,0.14285714285714285,穩定,0.82,0.93,0.12
L2_TIME_PERIOD,01F0017S_01F0029S,ALL,凌晨,46,51,5,0.10869565217391304,穩定,0.77,0.85,0.08
L2_TIME_PERIOD,01F0017S_01F0029S,ALL,夜間,48,54,6,0.125,穩定,0.8,0.9,0.1
L2_TIME_PERIOD,01F0017S_01F0029S,ALL,日間,49,54,5,0.10204081632653061,穩定,0.82,0.9,0.08
L2_TIME_PERIOD,01F0017S_01F0029S,ALL,早尖峰,48,55,7,0.14583333333333334,穩定,0.8,0.92,0.12
L2_TIME_PERIOD,01F0017S_01F0029S,ALL,晚尖峰,50,54,4,0.08,穩定,0.83,0.9,0.07
L2_TIME_PERIOD,01F0029N_01F0017N,ALL,凌晨,46,51,5,0.10869565217391304,穩定,0.77,0.85,0.08
L2_TIME_PERIOD,01F0029N_01F0017N,ALL,夜間,49,54,5,0.10204081632653061,穩定,0.82,0.9,0.08
L2_TIME_PERIOD,01F0029N_01F0017N,ALL,日間,49,52,3,0.061224489795918366,穩定,0.82,0.87,0.05
L2_TIME_PERIOD,01F0029N_01F0017N,ALL,早尖峰,47,51,4,0.0851063829787234,穩定,0.78,0.85,0.07
L2_TIME_PERIOD,01F0029N_01F0017N,ALL,晚尖峰,49,55,6,0.12244897959183673,穩定,0.82,0.92,0.1
L2_TIME_PERIOD,01F0029S_01F0061S,ALL,凌晨,121,132,11,0.09090909090909091,穩定,2.02,2.2,0.18
L2_TIME_PERIOD,01F0029S_01F0061S,ALL,夜間,127,151,24,0.1889763779527559,穩定,2.12,2.52,0.4
L2_TIME_PERIOD,01F0029S_01F0061S,ALL,日間,128,145,17,0.1328125,穩定,2.13,2.42,0.28
L2_TIME_PERIOD,01F0029S_01F0061S,ALL,早尖峰,130,409,279,2.146153846153846,高風險,2.17,6.82,4.65
L2_TIME_PERIOD,01F0029S_01F0061S,ALL,晚尖峰,134,197,63,0.4701492537313433,普通,2.23,3.28,1.05
L2_TIME_PERIOD,01F0061N_01F0029N,ALL,凌晨,120,132,12,0.1,穩定,2.0,2.2,0.2
L2_TIME_PERIOD,01F0061N_01F0029N,ALL,夜間,127,139,12,0.09448818897637795,穩定,2.12,2.32,0.2
L2_TIME_PERIOD,01F0061N_01F0029N,ALL,日間,127,136,9,0.07086614173228346,穩定,2.12,2.27,0.15
L2_TIME_PERIOD,01F0061N_01F0029N,ALL,早尖峰,122,132,10,0.08196721311475409,穩定,2.03,2.2,0.17
L2_TIME_PERIOD,01F0061N_01F0029N,ALL,晚尖峰,128,142,14,0.109375,穩定,2.13,2.37,0.23
L2_TIME_PERIOD,01F0061N_03F0087S,ALL,凌晨,1108,3202,2094,1.8898916967509025,高風險,18.47,53.37,34.9
L2_TIME_PERIOD,01F0061N_03F0087S,ALL,夜間,1691,3264,1573,0.9302188054405677,不穩定,28.18,54.4,26.22
L2_TIME_PERIOD,01F0061N_03F0087S,ALL,日間,1460,3282,1822,1.247945205479452,高風險,24.33,54.7,30.37
L2_TIME_PERIOD,01F0061N_03F0087S,ALL,早尖峰,1406,3240,1834,1.3044096728307255,高風險,23.43,54.0,30.57
L2_TIME_PERIOD,01F0061N_03F0087S,ALL,晚尖峰,1982,3300,1318,0.6649848637739657,不穩定,33.03,55.0,21.97
L2_TIME_PERIOD,01F0061S_01F0099S,ALL,凌晨,140,182,42,0.3,普通,2.33,3.03,0.7
L2_TIME_PERIOD,01F0061S_01F0099S,ALL,夜間,150,321,171,1.14,高風險,2.5,5.35,2.85
L2_TIME_PERIOD,01F0061S_01F0099S,ALL,日間,155,307,152,0.9806451612903225,不穩定,2.58,5.12,2.53
L2_TIME_PERIOD,01F0061S_01F0099S,ALL,早尖峰,203,637,434,2.1379310344827585,高風險,3.38,10.62,7.23
L2_TIME_PERIOD,01F0061S_01F0099S,ALL,晚尖峰,167,424,257,1.5389221556886228,高風險,2.78,7.07,4.28
L2_TIME_PERIOD,01F0099N_01F0061N,ALL,凌晨,141,205,64,0.45390070921985815,普通,2.35,3.42,1.07
L2_TIME_PERIOD,01F0099N_01F0061N,ALL,夜間,162,301,139,0.8580246913580247,不穩定,2.7,5.02,2.32
L2_TIME_PERIOD,01F0099N_01F0061N,ALL,日間,199,304,105,0.5276381909547738,不穩定,3.32,5.07,1.75
L2_TIME_PERIOD,01F0099N_01F0061N,ALL,早尖峰,153,206,53,0.3464052287581699,普通,2.55,3.43,0.88
L2_TIME_PERIOD,01F0099N_01F0061N,ALL,晚尖峰,220,405,185,0.8409090909090909,不穩定,3.67,6.75,3.08
L2_TIME_PERIOD,01F0099S_01F0147S,ALL,凌晨,181,209,28,0.15469613259668508,穩定,3.02,3.48,0.47
L2_TIME_PERIOD,01F0099S_01F0147S,ALL,夜間,190,248,58,0.30526315789473685,普通,3.17,4.13,0.97
L2_TIME_PERIOD,01F0099S_01F0147S,ALL,日間,199,288,89,0.4472361809045226,普通,3.32,4.8,1.48
L2_TIME_PERIOD,01F0099S_01F0147S,ALL,早尖峰,251,611,360,1.4342629482071714,高風險,4.18,10.18,6.0
L2_TIME_PERIOD,01F0099S_01F0147S,ALL,晚尖峰,211,367,156,0.7393364928909952,不穩定,3.52,6.12,2.6
L2_TIME_PERIOD,01F0099S_01H0163S,ALL,凌晨,231,253,22,0.09523809523809523,穩定,3.85,4.22,0.37
L2_TIME_PERIOD,01F0099S_01H0163S,ALL,夜間,247,316,69,0.2793522267206478,普通,4.12,5.27,1.15
L2_TIME_PERIOD,01F0099S_01H0163S,ALL,日間,255,314,59,0.23137254901960785,穩定,4.25,5.23,0.98
L2_TIME_PERIOD,01F0099S_01H0163S,ALL,早尖峰,291,521,230,0.7903780068728522,不穩定,4.85,8.68,3.83
L2_TIME_PERIOD,01F0099S_01H0163S,ALL,晚尖峰,268,359,91,0.33955223880597013,普通,4.47,5.98,1.52
L2_TIME_PERIOD,01F0099S_03F0054N,ALL,凌晨,1945,3229,1284,0.6601542416452442,不穩定,32.42,53.82,21.4
L2_TIME_PERIOD,01F0099S_03F0054N,ALL,夜間,2100,3228,1128,0.5371428571428571,不穩定,35.0,53.8,18.8
L2_TIME_PERIOD,01F0099S_03F0054N,ALL,日間,1954,3231,1277,0.6535312180143296,不穩定,32.57,53.85,21.28
L2_TIME_PERIOD,01F0099S_03F0054N,ALL,早尖峰,2078,3236,1158,0.5572666025024061,不穩定,34.63,53.93,19.3
L2_TIME_PERIOD,01F0099S_03F0054N,ALL,晚尖峰,2127,3245,1118,0.5256229431123648,不穩定,35.45,54.08,18.63
L2_TIME_PERIOD,01F0099S_03F0116S,ALL,凌晨,122,140,18,0.14754098360655737,穩定,2.03,2.33,0.3
L2_TIME_PERIOD,01F0099S_03F0116S,ALL,夜間,134,156,22,0.16417910447761194,穩定,2.23,2.6,0.37
L2_TIME_PERIOD,01F0099S_03F0116S,ALL,日間,144,376,232,1.6111111111111112,高風險,2.4,6.27,3.87
L2_TIME_PERIOD,01F0099S_03F0116S,ALL,早尖峰,155,278,123,0.7935483870967742,不穩定,2.58,4.63,2.05
L2_TIME_PERIOD,01F0099S_03F0116S,ALL,晚尖峰,151,395,244,1.6158940397350994,高風險,2.52,6.58,4.07
L2_TIME_PERIOD,01F0147N_01F0099N,ALL,凌晨,178,206,28,0.15730337078651685,穩定,2.97,3.43,0.47
L2_TIME_PERIOD,01F0147N_01F0099N,ALL,夜間,195,410,215,1.1025641025641026,高風險,3.25,6.83,3.58
L2_TIME_PERIOD,01F0147N_01F0099N,ALL,日間,216,484,268,1.2407407407407407,高風險,3.6,8.07,4.47
L2_TIME_PERIOD,01F0147N_01F0099N,ALL,早尖峰,189,216,27,0.14285714285714285,穩定,3.15,3.6,0.45
L2_TIME_PERIOD,01F0147N_01F0099N,ALL,晚尖峰,243,564,321,1.3209876543209877,高風險,4.05,9.4,5.35
L2_TIME_PERIOD,01F0147N_03F0054N,ALL,凌晨,346,408,62,0.1791907514450867,穩定,5.77,6.8,1.03
L2_TIME_PERIOD,01F0147N_03F0054N,ALL,夜間,358,499,141,0.39385474860335196,普通,5.97,8.32,2.35
L2_TIME_PERIOD,01F0147N_03F0054N,ALL,日間,376,480,104,0.2765957446808511,普通,6.27,8.0,1.73
L2_TIME_PERIOD,01F0147N_03F0054N,ALL,早尖峰,354,404,50,0.14124293785310735,穩定,5.9,6.73,0.83
L2_TIME_PERIOD,01F0147N_03F0054N,ALL,晚尖峰,383,555,172,0.4490861618798956,普通,6.38,9.25,2.87
L2_TIME_PERIOD,01F0147N_03F0116S,ALL,凌晨,154,578,424,2.7532467532467533,高風險,2.57,9.63,7.07
L2_TIME_PERIOD,01F0147N_03F0116S,ALL,夜間,167,290,123,0.7365269461077845,不穩定,2.78,4.83,2.05
L2_TIME_PERIOD,01F0147N_03F0116S,ALL,日間,180,398,218,1.211111111111111,高風險,3.0,6.63,3.63
L2_TIME_PERIOD,01F0147N_03F0116S,ALL,早尖峰,166,332,166,1.0,高風險,2.77,5.53,2.77
L2_TIME_PERIOD,01F0147N_03F0116S,ALL,晚尖峰,190,387,197,1.0368421052631578,高風險,3.17,6.45,3.28
L2_TIME_PERIOD,01F0147S_01F0153S,ALL,凌晨,27,32,5,0.18518518518518517,穩定,0.45,0.53,0.08
L2_TIME_PERIOD,01F0147S_01F0153S,ALL,夜間,29,35,6,0.20689655172413793,穩定,0.48,0.58,0.1
L2_TIME_PERIOD,01F0147S_01F0153S,ALL,日間,32,81,49,1.53125,高風險,0.53,1.35,0.82
L2_TIME_PERIOD,01F0147S_01F0153S,ALL,早尖峰,41,120,79,1.9268292682926829,高風險,0.68,2.0,1.32
L2_TIME_PERIOD,01F0147S_01F0153S,ALL,晚尖峰,33,180,147,4.454545454545454,高風險,0.55,3.0,2.45
L2_TIME_PERIOD,01F0153N_01F0147N,ALL,凌晨,27,31,4,0.14814814814814814,穩定,0.45,0.52,0.07
L2_TIME_PERIOD,01F0153N_01F0147N,ALL,夜間,30,96,66,2.2,高風險,0.5,1.6,1.1
L2_TIME_PERIOD,01F0153N_01F0147N,ALL,日間,34,71,37,1.088235294117647,高風險,0.57,1.18,0.62
L2_TIME_PERIOD,01F0153N_01F0147N,ALL,早尖峰,30,39,9,0.3,普通,0.5,0.65,0.15
L2_TIME_PERIOD,01F0153N_01F0147N,ALL,晚尖峰,37,113,76,2.054054054054054,高風險,0.62,1.88,1.27
L2_TIME_PERIOD,01F0153S_01F0182S,ALL,凌晨,103,120,17,0.1650485436893204,穩定,1.72,2.0,0.28
L2_TIME_PERIOD,01F0153S_01F0182S,ALL,夜間,112,215,103,0.9196428571428571,不穩定,1.87,3.58,1.72
L2_TIME_PERIOD,01F0153S_01F0182S,ALL,日間,131,385,254,1.9389312977099236,高風險,2.18,6.42,4.23
L2_TIME_PERIOD,01F0153S_01F0182S,ALL,早尖峰,134,175,41,0.30597014925373134,普通,2.23,2.92,0.68
L2_TIME_PERIOD,01F0153S_01F0182S,ALL,晚尖峰,156,616,460,2.948717948717949,高風險,2.6,10.27,7.67
L2_TIME_PERIOD,01F0182S_01F0248S,ALL,凌晨,245,281,36,0.1469387755102041,穩定,4.08,4.68,0.6
L2_TIME_PERIOD,01F0182S_01F0248S,ALL,夜間,291,954,663,2.2783505154639174,高風險,4.85,15.9,11.05
L2_TIME_PERIOD,01F0182S_01F0248S,ALL,日間,374,646,272,0.7272727272727273,不穩定,6.23,10.77,4.53
L2_TIME_PERIOD,01F0182S_01F0248S,ALL,早尖峰,306,512,206,0.673202614379085,不穩定,5.1,8.53,3.43
L2_TIME_PERIOD,01F0182S_01F0248S,ALL,晚尖峰,686,1011,325,0.4737609329446064,普通,11.43,16.85,5.42
L2_TIME_PERIOD,01F0213N_01F0153N,ALL,凌晨,217,251,34,0.15668202764976957,穩定,3.62,4.18,0.57
L2_TIME_PERIOD,01F0213N_01F0153N,ALL,夜間,249,637,388,1.5582329317269077,高風險,4.15,10.62,6.47
L2_TIME_PERIOD,01F0213N_01F0153N,ALL,日間,308,688,380,1.2337662337662338,高風險,5.13,11.47,6.33
L2_TIME_PERIOD,01F0213N_01F0153N,ALL,早尖峰,256,496,240,0.9375,不穩定,4.27,8.27,4.0
L2_TIME_PERIOD,01F0213N_01F0153N,ALL,晚尖峰,295,1051,756,2.5627118644067797,高風險,4.92,17.52,12.6
L2_TIME_PERIOD,01F0233N_01F0213N,ALL,凌晨,75,87,12,0.16,穩定,1.25,1.45,0.2
L2_TIME_PERIOD,01F0233N_01F0213N,ALL,夜間,83,93,10,0.12048192771084337,穩定,1.38,1.55,0.17
L2_TIME_PERIOD,01F0233N_01F0213N,ALL,日間,98,238,140,1.4285714285714286,高風險,1.63,3.97,2.33
L2_TIME_PERIOD,01F0233N_01F0213N,ALL,早尖峰,90,117,27,0.3,普通,1.5,1.95,0.45
L2_TIME_PERIOD,01F0233N_01F0213N,ALL,晚尖峰,89,101,12,0.1348314606741573,穩定,1.48,1.68,0.2
L2_TIME_PERIOD,01F0248S_01F0264S,ALL,凌晨,57,64,7,0.12280701754385964,穩定,0.95,1.07,0.12
L2_TIME_PERIOD,01F0248S_01F0264S,ALL,夜間,64,71,7,0.109375,穩定,1.07,1.18,0.12
L2_TIME_PERIOD,01F0248S_01F0264S,ALL,日間,66,73,7,0.10606060606060606,穩定,1.1,1.22,0.12
L2_TIME_PERIOD,01F0248S_01F0264S,ALL,早尖峰,61,67,6,0.09836065573770492,穩定,1.02,1.12,0.1
L2_TIME_PERIOD,01F0248S_01F0264S,ALL,晚尖峰,70,80,10,0.14285714285714285,穩定,1.17,1.33,0.17
L2_TIME_PERIOD,01F0256N_01F0233N,ALL,凌晨,87,97,10,0.11494252873563218,穩定,1.45,1.62,0.17
L2_TIME_PERIOD,01F0256N_01F0233N,ALL,夜間,98,117,19,0.19387755102040816,穩定,1.63,1.95,0.32
L2_TIME_PERIOD,01F0256N_01F0233N,ALL,日間,151,284,133,0.8807947019867549,不穩定,2.52,4.73,2.22
L2_TIME_PERIOD,01F0256N_01F0233N,ALL,早尖峰,183,267,84,0.45901639344262296,普通,3.05,4.45,1.4
L2_TIME_PERIOD,01F0256N_01F0233N,ALL,晚尖峰,123,201,78,0.6341463414634146,不穩定,2.05,3.35,1.3
L2_TIME_PERIOD,01F0264S_01F0293S,ALL,凌晨,102,117,15,0.14705882352941177,穩定,1.7,1.95,0.25
L2_TIME_PERIOD,01F0264S_01F0293S,ALL,夜間,111,122,11,0.0990990990990991,穩定,1.85,2.03,0.18
L2_TIME_PERIOD,01F0264S_01F0293S,ALL,日間,113,127,14,0.12389380530973451,穩定,1.88,2.12,0.23
L2_TIME_PERIOD,01F0264S_01F0293S,ALL,早尖峰,107,120,13,0.12149532710280374,穩定,1.78,2.0,0.22
L2_TIME_PERIOD,01F0264S_01F0293S,ALL,晚尖峰,117,210,93,0.7948717948717948,不穩定,1.95,3.5,1.55
L2_TIME_PERIOD,01F0293N_01F0256N,ALL,凌晨,134,155,21,0.15671641791044777,穩定,2.23,2.58,0.35
L2_TIME_PERIOD,01F0293N_01F0256N,ALL,夜間,141,164,23,0.16312056737588654,穩定,2.35,2.73,0.38
L2_TIME_PERIOD,01F0293N_01F0256N,ALL,日間,157,739,582,3.7070063694267517,高風險,2.62,12.32,9.7
L2_TIME_PERIOD,01F0293N_01F0256N,ALL,早尖峰,200,909,709,3.545,高風險,3.33,15.15,11.82
L2_TIME_PERIOD,01F0293N_01F0256N,ALL,晚尖峰,155,293,138,0.8903225806451613,不穩定,2.58,4.88,2.3
L2_TIME_PERIOD,01F0293S_01F0339S,ALL,凌晨,162,185,23,0.1419753086419753,穩定,2.7,3.08,0.38
L2_TIME_PERIOD,01F0293S_01F0339S,ALL,夜間,179,341,162,0.9050279329608939,不穩定,2.98,5.68,2.7
L2_TIME_PERIOD,01F0293S_01F0339S,ALL,日間,185,330,145,0.7837837837837838,不穩定,3.08,5.5,2.42
L2_TIME_PERIOD,01F0293S_01F0339S,ALL,早尖峰,175,214,39,0.22285714285714286,穩定,2.92,3.57,0.65
L2_TIME_PERIOD,01F0293S_01F0339S,ALL,晚尖峰,208,530,322,1.5480769230769231,高風險,3.47,8.83,5.37
L2_TIME_PERIOD,01F0339S_01F0376S,ALL,凌晨,134,159,25,0.1865671641791045,穩定,2.23,2.65,0.42
L2_TIME_PERIOD,01F0339S_01F0376S,ALL,夜間,155,230,75,0.4838709677419355,普通,2.58,3.83,1.25
L2_TIME_PERIOD,01F0339S_01F0376S,ALL,日間,164,220,56,0.34146341463414637,普通,2.73,3.67,0.93
L2_TIME_PERIOD,01F0339S_01F0376S,ALL,早尖峰,152,270,118,0.7763157894736842,不穩定,2.53,4.5,1.97
L2_TIME_PERIOD,01F0339S_01F0376S,ALL,晚尖峰,182,271,89,0.489010989010989,普通,3.03,4.52,1.48
L2_TIME_PERIOD,01F0339S_01H0447S,ALL,凌晨,390,424,34,0.08717948717948718,穩定,6.5,7.07,0.57
L2_TIME_PERIOD,01F0339S_01H0447S,ALL,夜間,426,500,74,0.17370892018779344,穩定,7.1,8.33,1.23
L2_TIME_PERIOD,01F0339S_01H0447S,ALL,日間,438,513,75,0.17123287671232876,穩定,7.3,8.55,1.25
L2_TIME_PERIOD,01F0339S_01H0447S,ALL,早尖峰,431,514,83,0.1925754060324826,穩定,7.18,8.57,1.38
L2_TIME_PERIOD,01F0339S_01H0447S,ALL,晚尖峰,452,512,60,0.13274336283185842,穩定,7.53,8.53,1.0
L2_TIME_PERIOD,01F0340N_01F0293N,ALL,凌晨,164,190,26,0.15853658536585366,穩定,2.73,3.17,0.43
L2_TIME_PERIOD,01F0340N_01F0293N,ALL,夜間,172,193,21,0.12209302325581395,穩定,2.87,3.22,0.35
L2_TIME_PERIOD,01F0340N_01F0293N,ALL,日間,180,368,188,1.0444444444444445,高風險,3.0,6.13,3.13
L2_TIME_PERIOD,01F0340N_01F0293N,ALL,早尖峰,181,519,338,1.867403314917127,高風險,3.02,8.65,5.63
L2_TIME_PERIOD,01F0340N_01F0293N,ALL,晚尖峰,183,209,26,0.14207650273224043,穩定,3.05,3.48,0.43
L2_TIME_PERIOD,01F0340N_01H0271N,ALL,凌晨,240,263,23,0.09583333333333334,穩定,4.0,4.38,0.38
L2_TIME_PERIOD,01F0340N_01H0271N,ALL,夜間,253,314,61,0.24110671936758893,穩定,4.22,5.23,1.02
L2_TIME_PERIOD,01F0340N_01H0271N,ALL,日間,273,749,476,1.7435897435897436,高風險,4.55,12.48,7.93
L2_TIME_PERIOD,01F0340N_01H0271N,ALL,早尖峰,376,882,506,1.3457446808510638,高風險,6.27,14.7,8.43
L2_TIME_PERIOD,01F0340N_01H0271N,ALL,晚尖峰,285,494,209,0.7333333333333333,不穩定,4.75,8.23,3.48
L2_TIME_PERIOD,01F0376N_01F0340N,ALL,凌晨,135,151,16,0.11851851851851852,穩定,2.25,2.52,0.27
L2_TIME_PERIOD,01F0376N_01F0340N,ALL,夜間,151,399,248,1.6423841059602649,高風險,2.52,6.65,4.13
L2_TIME_PERIOD,01F0376N_01F0340N,ALL,日間,169,414,245,1.4497041420118344,高風險,2.82,6.9,4.08
L2_TIME_PERIOD,01F0376N_01F0340N,ALL,早尖峰,169,421,252,1.4911242603550297,高風險,2.82,7.02,4.2
L2_TIME_PERIOD,01F0376N_01F0340N,ALL,晚尖峰,371,518,147,0.39622641509433965,普通,6.18,8.63,2.45
L2_TIME_PERIOD,01F0376S_01F0413S,ALL,凌晨,137,187,50,0.36496350364963503,普通,2.28,3.12,0.83
L2_TIME_PERIOD,01F0376S_01F0413S,ALL,夜間,153,302,149,0.9738562091503268,不穩定,2.55,5.03,2.48
L2_TIME_PERIOD,01F0376S_01F0413S,ALL,日間,161,261,100,0.6211180124223602,不穩定,2.68,4.35,1.67
L2_TIME_PERIOD,01F0376S_01F0413S,ALL,早尖峰,168,446,278,1.6547619047619047,高風險,2.8,7.43,4.63
L2_TIME_PERIOD,01F0376S_01F0413S,ALL,晚尖峰,173,331,158,0.9132947976878613,不穩定,2.88,5.52,2.63
L2_TIME_PERIOD,01F0413N_01F0376N,ALL,凌晨,132,150,18,0.13636363636363635,穩定,2.2,2.5,0.3
L2_TIME_PERIOD,01F0413N_01F0376N,ALL,夜間,140,231,91,0.65,不穩定,2.33,3.85,1.52
L2_TIME_PERIOD,01F0413N_01F0376N,ALL,日間,146,396,250,1.7123287671232876,高風險,2.43,6.6,4.17
L2_TIME_PERIOD,01F0413N_01F0376N,ALL,早尖峰,164,435,271,1.6524390243902438,高風險,2.73,7.25,4.52
L2_TIME_PERIOD,01F0413N_01F0376N,ALL,晚尖峰,278,705,427,1.5359712230215827,高風險,4.63,11.75,7.12
L2_TIME_PERIOD,01F0413S_01F0467S,ALL,凌晨,188,215,27,0.14361702127659576,穩定,3.13,3.58,0.45
L2_TIME_PERIOD,01F0413S_01F0467S,ALL,夜間,200,225,25,0.125,穩定,3.33,3.75,0.42
L2_TIME_PERIOD,01F0413S_01F0467S,ALL,日間,206,239,33,0.16019417475728157,穩定,3.43,3.98,0.55
L2_TIME_PERIOD,01F0413S_01F0467S,ALL,早尖峰,198,223,25,0.12626262626262627,穩定,3.3,3.72,0.42
L2_TIME_PERIOD,01F0413S_01F0467S,ALL,晚尖峰,213,260,47,0.22065727699530516,穩定,3.55,4.33,0.78
L2_TIME_PERIOD,01F0467N_01F0413N,ALL,凌晨,198,259,61,0.30808080808080807,普通,3.3,4.32,1.02
L2_TIME_PERIOD,01F0467N_01F0413N,ALL,夜間,210,264,54,0.2571428571428571,普通,3.5,4.4,0.9
L2_TIME_PERIOD,01F0467N_01F0413N,ALL,日間,234,508,274,1.170940170940171,高風險,3.9,8.47,4.57
L2_TIME_PERIOD,01F0467N_01F0413N,ALL,早尖峰,338,603,265,0.7840236686390533,不穩定,5.63,10.05,4.42
L2_TIME_PERIOD,01F0467N_01F0413N,ALL,晚尖峰,235,737,502,2.1361702127659576,高風險,3.92,12.28,8.37
L2_TIME_PERIOD,01F0467S_01F0492S,ALL,凌晨,89,154,65,0.7303370786516854,不穩定,1.48,2.57,1.08
L2_TIME_PERIOD,01F0467S_01F0492S,ALL,夜間,92,161,69,0.75,不穩定,1.53,2.68,1.15
L2_TIME_PERIOD,01F0467S_01F0492S,ALL,日間,95,172,77,0.8105263157894737,不穩定,1.58,2.87,1.28
L2_TIME_PERIOD,01F0467S_01F0492S,ALL,早尖峰,90,160,70,0.7777777777777778,不穩定,1.5,2.67,1.17
L2_TIME_PERIOD,01F0467S_01F0492S,ALL,晚尖峰,96,199,103,1.0729166666666667,高風險,1.6,3.32,1.72
L2_TIME_PERIOD,01F0492N_01F0467N,ALL,凌晨,89,102,13,0.14606741573033707,穩定,1.48,1.7,0.22
L2_TIME_PERIOD,01F0492N_01F0467N,ALL,夜間,93,107,14,0.15053763440860216,穩定,1.55,1.78,0.23
L2_TIME_PERIOD,01F0492N_01F0467N,ALL,日間,101,195,94,0.9306930693069307,不穩定,1.68,3.25,1.57
L2_TIME_PERIOD,01F0492N_01F0467N,ALL,早尖峰,111,389,278,2.5045045045045047,高風險,1.85,6.48,4.63
L2_TIME_PERIOD,01F0492N_01F0467N,ALL,晚尖峰,100,122,22,0.22,穩定,1.67,2.03,0.37
L2_TIME_PERIOD,01F0492S_01F0511S,ALL,凌晨,67,75,8,0.11940298507462686,穩定,1.12,1.25,0.13
L2_TIME_PERIOD,01F0492S_01F0511S,ALL,夜間,71,90,19,0.2676056338028169,普通,1.18,1.5,0.32
L2_TIME_PERIOD,01F0492S_01F0511S,ALL,日間,75,116,41,0.5466666666666666,不穩定,1.25,1.93,0.68
L2_TIME_PERIOD,01F0492S_01F0511S,ALL,早尖峰,72,127,55,0.7638888888888888,不穩定,1.2,2.12,0.92
L2_TIME_PERIOD,01F0492S_01F0511S,ALL,晚尖峰,88,208,120,1.3636363636363635,高風險,1.47,3.47,2.0
L2_TIME_PERIOD,01F0511N_01F0492N,ALL,凌晨,65,156,91,1.4,高風險,1.08,2.6,1.52
L2_TIME_PERIOD,01F0511N_01F0492N,ALL,夜間,67,159,92,1.373134328358209,高風險,1.12,2.65,1.53
L2_TIME_PERIOD,01F0511N_01F0492N,ALL,日間,72,175,103,1.4305555555555556,高風險,1.2,2.92,1.72
L2_TIME_PERIOD,01F0511N_01F0492N,ALL,早尖峰,73,283,210,2.8767123287671232,高風險,1.22,4.72,3.5
L2_TIME_PERIOD,01F0511N_01F0492N,ALL,晚尖峰,72,173,101,1.4027777777777777,高風險,1.2,2.88,1.68
L2_TIME_PERIOD,01F0511S_01F0532S,ALL,凌晨,77,88,11,0.14285714285714285,穩定,1.28,1.47,0.18
L2_TIME_PERIOD,01F0511S_01F0532S,ALL,夜間,80,92,12,0.15,穩定,1.33,1.53,0.2
L2_TIME_PERIOD,01F0511S_01F0532S,ALL,日間,86,222,136,1.5813953488372092,高風險,1.43,3.7,2.27
L2_TIME_PERIOD,01F0511S_01F0532S,ALL,早尖峰,87,265,178,2.045977011494253,高風險,1.45,4.42,2.97
L2_TIME_PERIOD,01F0511S_01F0532S,ALL,晚尖峰,92,304,212,2.3043478260869565,高風險,1.53,5.07,3.53
L2_TIME_PERIOD,01F0511S_03F0525N,ALL,凌晨,644,2499,1855,2.880434782608696,高風險,10.73,41.65,30.92
L2_TIME_PERIOD,01F0511S_03F0525N,ALL,夜間,660,1458,798,1.209090909090909,高風險,11.0,24.3,13.3
L2_TIME_PERIOD,01F0511S_03F0525N,ALL,日間,706,1086,380,0.5382436260623229,不穩定,11.77,18.1,6.33
L2_TIME_PERIOD,01F0511S_03F0525N,ALL,早尖峰,696,1009,313,0.44971264367816094,普通,11.6,16.82,5.22
L2_TIME_PERIOD,01F0511S_03F0525N,ALL,晚尖峰,907,1800,893,0.9845644983461963,不穩定,15.12,30.0,14.88
L2_TIME_PERIOD,01F0511S_03F0559S,ALL,凌晨,586,1291,705,1.2030716723549488,高風險,9.77,21.52,11.75
L2_TIME_PERIOD,01F0511S_03F0559S,ALL,夜間,640,1080,440,0.6875,不穩定,10.67,18.0,7.33
L2_TIME_PERIOD,01F0511S_03F0559S,ALL,日間,700,1076,376,0.5371428571428571,不穩定,11.67,17.93,6.27
L2_TIME_PERIOD,01F0511S_03F0559S,ALL,早尖峰,688,978,290,0.42151162790697677,普通,11.47,16.3,4.83
L2_TIME_PERIOD,01F0511S_03F0559S,ALL,晚尖峰,862,1622,760,0.8816705336426914,不穩定,14.37,27.03,12.67
L2_TIME_PERIOD,01F0532N_01F0511N,ALL,凌晨,76,87,11,0.14473684210526316,穩定,1.27,1.45,0.18
L2_TIME_PERIOD,01F0532N_01F0511N,ALL,夜間,80,90,10,0.125,穩定,1.33,1.5,0.17
L2_TIME_PERIOD,01F0532N_01F0511N,ALL,日間,84,100,16,0.19047619047619047,穩定,1.4,1.67,0.27
L2_TIME_PERIOD,01F0532N_01F0511N,ALL,早尖峰,86,125,39,0.45348837209302323,普通,1.43,2.08,0.65
L2_TIME_PERIOD,01F0532N_01F0511N,ALL,晚尖峰,87,101,14,0.16091954022988506,穩定,1.45,1.68,0.23
L2_TIME_PERIOD,01F0532N_03F0525N,ALL,凌晨,556,1515,959,1.724820143884892,高風險,9.27,25.25,15.98
L2_TIME_PERIOD,01F0532N_03F0525N,ALL,夜間,583,960,377,0.6466552315608919,不穩定,9.72,16.0,6.28
L2_TIME_PERIOD,01F0532N_03F0525N,ALL,日間,605,844,239,0.3950413223140496,普通,10.08,14.07,3.98
L2_TIME_PERIOD,01F0532N_03F0525N,ALL,早尖峰,608,844,236,0.3881578947368421,普通,10.13,14.07,3.93
L2_TIME_PERIOD,01F0532N_03F0525N,ALL,晚尖峰,750,1548,798,1.064,高風險,12.5,25.8,13.3
L2_TIME_PERIOD,01F0532N_03F0559S,ALL,凌晨,1888,3263,1375,0.7282838983050848,不穩定,31.47,54.38,22.92
L2_TIME_PERIOD,01F0532N_03F0559S,ALL,夜間,1780,3156,1376,0.7730337078651686,不穩定,29.67,52.6,22.93
L2_TIME_PERIOD,01F0532N_03F0559S,ALL,日間,1580,3135,1555,0.9841772151898734,不穩定,26.33,52.25,25.92
L2_TIME_PERIOD,01F0532N_03F0559S,ALL,早尖峰,1286,3141,1855,1.4424572317262832,高風險,21.43,52.35,30.92
L2_TIME_PERIOD,01F0532N_03F0559S,ALL,晚尖峰,1115,3057,1942,1.7417040358744396,高風險,18.58,50.95,32.37
L2_TIME_PERIOD,01F0532S_01F0557S,ALL,凌晨,91,103,12,0.13186813186813187,穩定,1.52,1.72,0.2
L2_TIME_PERIOD,01F0532S_01F0557S,ALL,夜間,98,116,18,0.1836734693877551,穩定,1.63,1.93,0.3
L2_TIME_PERIOD,01F0532S_01F0557S,ALL,日間,110,271,161,1.4636363636363636,高風險,1.83,4.52,2.68
L2_TIME_PERIOD,01F0532S_01F0557S,ALL,早尖峰,116,299,183,1.5775862068965518,高風險,1.93,4.98,3.05
L2_TIME_PERIOD,01F0532S_01F0557S,ALL,晚尖峰,121,331,210,1.7355371900826446,高風險,2.02,5.52,3.5
L2_TIME_PERIOD,01F0557N_01F0532N,ALL,凌晨,89,100,11,0.12359550561797752,穩定,1.48,1.67,0.18
L2_TIME_PERIOD,01F0557N_01F0532N,ALL,夜間,94,109,15,0.1595744680851064,穩定,1.57,1.82,0.25
L2_TIME_PERIOD,01F0557N_01F0532N,ALL,日間,103,156,53,0.5145631067961165,不穩定,1.72,2.6,0.88
L2_TIME_PERIOD,01F0557N_01F0532N,ALL,早尖峰,103,152,49,0.47572815533980584,普通,1.72,2.53,0.82
L2_TIME_PERIOD,01F0557N_01F0532N,ALL,晚尖峰,117,212,95,0.811965811965812,不穩定,1.95,3.53,1.58
L2_TIME_PERIOD,01F0557S_01F0578S,ALL,凌晨,78,90,12,0.15384615384615385,穩定,1.3,1.5,0.2
L2_TIME_PERIOD,01F0557S_01F0578S,ALL,夜間,81,170,89,1.0987654320987654,高風險,1.35,2.83,1.48
L2_TIME_PERIOD,01F0557S_01F0578S,ALL,日間,92,322,230,2.5,高風險,1.53,5.37,3.83
L2_TIME_PERIOD,01F0557S_01F0578S,ALL,早尖峰,105,324,219,2.085714285714286,高風險,1.75,5.4,3.65
L2_TIME_PERIOD,01F0557S_01F0578S,ALL,晚尖峰,106,442,336,3.169811320754717,高風險,1.77,7.37,5.6
L2_TIME_PERIOD,01F0578S_01F0633S,ALL,凌晨,199,231,32,0.16080402010050251,穩定,3.32,3.85,0.53
L2_TIME_PERIOD,01F0578S_01F0633S,ALL,夜間,210,390,180,0.8571428571428571,不穩定,3.5,6.5,3.0
L2_TIME_PERIOD,01F0578S_01F0633S,ALL,日間,248,389,141,0.5685483870967742,不穩定,4.13,6.48,2.35
L2_TIME_PERIOD,01F0578S_01F0633S,ALL,早尖峰,242,349,107,0.44214876033057854,普通,4.03,5.82,1.78
L2_TIME_PERIOD,01F0578S_01F0633S,ALL,晚尖峰,290,474,184,0.6344827586206897,不穩定,4.83,7.9,3.07
L2_TIME_PERIOD,01F0578S_01H0610S,ALL,凌晨,115,127,12,0.10434782608695652,穩定,1.92,2.12,0.2
L2_TIME_PERIOD,01F0578S_01H0610S,ALL,夜間,128,242,114,0.890625,不穩定,2.13,4.03,1.9
L2_TIME_PERIOD,01F0578S_01H0610S,ALL,日間,144,242,98,0.6805555555555556,不穩定,2.4,4.03,1.63
L2_TIME_PERIOD,01F0578S_01H0610S,ALL,早尖峰,158,225,67,0.4240506329113924,普通,2.63,3.75,1.12
L2_TIME_PERIOD,01F0578S_01H0610S,ALL,晚尖峰,195,324,129,0.6615384615384615,不穩定,3.25,5.4,2.15
L2_TIME_PERIOD,01F0584N_01F0557N,ALL,凌晨,98,112,14,0.14285714285714285,穩定,1.63,1.87,0.23
L2_TIME_PERIOD,01F0584N_01F0557N,ALL,夜間,102,116,14,0.13725490196078433,穩定,1.7,1.93,0.23
L2_TIME_PERIOD,01F0584N_01F0557N,ALL,日間,109,145,36,0.3302752293577982,普通,1.82,2.42,0.6
L2_TIME_PERIOD,01F0584N_01F0557N,ALL,早尖峰,108,142,34,0.3148148148148148,普通,1.8,2.37,0.57
L2_TIME_PERIOD,01F0584N_01F0557N,ALL,晚尖峰,116,255,139,1.1982758620689655,高風險,1.93,4.25,2.32
L2_TIME_PERIOD,01F0616S_01F0633S,ALL,凌晨,60,70,10,0.16666666666666666,穩定,1.0,1.17,0.17
L2_TIME_PERIOD,01F0616S_01F0633S,ALL,夜間,64,73,9,0.140625,穩定,1.07,1.22,0.15
L2_TIME_PERIOD,01F0616S_01F0633S,ALL,日間,70,106,36,0.5142857142857142,不穩定,1.17,1.77,0.6
L2_TIME_PERIOD,01F0616S_01F0633S,ALL,早尖峰,70,112,42,0.6,不穩定,1.17,1.87,0.7
L2_TIME_PERIOD,01F0616S_01F0633S,ALL,晚尖峰,67,80,13,0.19402985074626866,穩定,1.12,1.33,0.22
L2_TIME_PERIOD,01F0633N_01F0584N,ALL,凌晨,175,203,28,0.16,穩定,2.92,3.38,0.47
L2_TIME_PERIOD,01F0633N_01F0584N,ALL,夜間,183,223,40,0.2185792349726776,穩定,3.05,3.72,0.67
L2_TIME_PERIOD,01F0633N_01F0584N,ALL,日間,203,337,134,0.6600985221674877,不穩定,3.38,5.62,2.23
L2_TIME_PERIOD,01F0633N_01F0584N,ALL,早尖峰,211,388,177,0.8388625592417062,不穩定,3.52,6.47,2.95
L2_TIME_PERIOD,01F0633N_01F0584N,ALL,晚尖峰,245,462,217,0.8857142857142857,不穩定,4.08,7.7,3.62
L2_TIME_PERIOD,01F0633N_01F0616N,ALL,凌晨,60,68,8,0.13333333333333333,穩定,1.0,1.13,0.13
L2_TIME_PERIOD,01F0633N_01F0616N,ALL,夜間,63,73,10,0.15873015873015872,穩定,1.05,1.22,0.17
L2_TIME_PERIOD,01F0633N_01F0616N,ALL,日間,68,163,95,1.3970588235294117,高風險,1.13,2.72,1.58
L2_TIME_PERIOD,01F0633N_01F0616N,ALL,早尖峰,71,246,175,2.464788732394366,高風險,1.18,4.1,2.92
L2_TIME_PERIOD,01F0633N_01F0616N,ALL,晚尖峰,75,266,191,2.546666666666667,高風險,1.25,4.43,3.18
L2_TIME_PERIOD,01F0633N_01H0579N,ALL,凌晨,194,220,26,0.13402061855670103,穩定,3.23,3.67,0.43
L2_TIME_PERIOD,01F0633N_01H0579N,ALL,夜間,211,265,54,0.2559241706161137,普通,3.52,4.42,0.9
L2_TIME_PERIOD,01F0633N_01H0579N,ALL,日間,230,377,147,0.6391304347826087,不穩定,3.83,6.28,2.45
L2_TIME_PERIOD,01F0633N_01H0579N,ALL,早尖峰,252,413,161,0.6388888888888888,不穩定,4.2,6.88,2.68
L2_TIME_PERIOD,01F0633N_01H0579N,ALL,晚尖峰,312,515,203,0.6506410256410257,不穩定,5.2,8.58,3.38
L2_TIME_PERIOD,01F0633S_01F0664S,ALL,凌晨,114,133,19,0.16666666666666666,穩定,1.9,2.22,0.32
L2_TIME_PERIOD,01F0633S_01F0664S,ALL,夜間,118,136,18,0.15254237288135594,穩定,1.97,2.27,0.3
L2_TIME_PERIOD,01F0633S_01F0664S,ALL,日間,126,153,27,0.21428571428571427,穩定,2.1,2.55,0.45
L2_TIME_PERIOD,01F0633S_01F0664S,ALL,早尖峰,127,186,59,0.4645669291338583,普通,2.12,3.1,0.98
L2_TIME_PERIOD,01F0633S_01F0664S,ALL,晚尖峰,124,151,27,0.21774193548387097,穩定,2.07,2.52,0.45
L2_TIME_PERIOD,01F0664N_01F0633N,ALL,凌晨,112,127,15,0.13392857142857142,穩定,1.87,2.12,0.25
L2_TIME_PERIOD,01F0664N_01F0633N,ALL,夜間,115,130,15,0.13043478260869565,穩定,1.92,2.17,0.25
L2_TIME_PERIOD,01F0664N_01F0633N,ALL,日間,120,161,41,0.3416666666666667,普通,2.0,2.68,0.68
L2_TIME_PERIOD,01F0664N_01F0633N,ALL,早尖峰,118,186,68,0.576271186440678,不穩定,1.97,3.1,1.13
L2_TIME_PERIOD,01F0664N_01F0633N,ALL,晚尖峰,128,326,198,1.546875,高風險,2.13,5.43,3.3
L2_TIME_PERIOD,01F0664S_01F0681S,ALL,凌晨,60,69,9,0.15,穩定,1.0,1.15,0.15
L2_TIME_PERIOD,01F0664S_01F0681S,ALL,夜間,63,70,7,0.1111111111111111,穩定,1.05,1.17,0.12
L2_TIME_PERIOD,01F0664S_01F0681S,ALL,日間,64,73,9,0.140625,穩定,1.07,1.22,0.15
L2_TIME_PERIOD,01F0664S_01F0681S,ALL,早尖峰,64,77,13,0.203125,穩定,1.07,1.28,0.22
L2_TIME_PERIOD,01F0664S_01F0681S,ALL,晚尖峰,65,83,18,0.27692307692307694,普通,1.08,1.38,0.3
L2_TIME_PERIOD,01F0681N_01F0664N,ALL,凌晨,61,69,8,0.13114754098360656,穩定,1.02,1.15,0.13
L2_TIME_PERIOD,01F0681N_01F0664N,ALL,夜間,64,72,8,0.125,穩定,1.07,1.2,0.13
L2_TIME_PERIOD,01F0681N_01F0664N,ALL,日間,65,75,10,0.15384615384615385,穩定,1.08,1.25,0.17
L2_TIME_PERIOD,01F0681N_01F0664N,ALL,早尖峰,62,71,9,0.14516129032258066,穩定,1.03,1.18,0.15
L2_TIME_PERIOD,01F0681N_01F0664N,ALL,晚尖峰,69,153,84,1.2173913043478262,高風險,1.15,2.55,1.4
L2_TIME_PERIOD,01F0681S_01F0699S,ALL,凌晨,69,80,11,0.15942028985507245,穩定,1.15,1.33,0.18
L2_TIME_PERIOD,01F0681S_01F0699S,ALL,夜間,69,78,9,0.13043478260869565,穩定,1.15,1.3,0.15
L2_TIME_PERIOD,01F0681S_01F0699S,ALL,日間,69,80,11,0.15942028985507245,穩定,1.15,1.33,0.18
L2_TIME_PERIOD,01F0681S_01F0699S,ALL,早尖峰,70,105,35,0.5,不穩定,1.17,1.75,0.58
L2_TIME_PERIOD,01F0681S_01F0699S,ALL,晚尖峰,68,79,11,0.16176470588235295,穩定,1.13,1.32,0.18
L2_TIME_PERIOD,01F0699N_01F0681N,ALL,凌晨,68,77,9,0.1323529411764706,穩定,1.13,1.28,0.15
L2_TIME_PERIOD,01F0699N_01F0681N,ALL,夜間,69,77,8,0.11594202898550725,穩定,1.15,1.28,0.13
L2_TIME_PERIOD,01F0699N_01F0681N,ALL,日間,67,77,10,0.14925373134328357,穩定,1.12,1.28,0.17
L2_TIME_PERIOD,01F0699N_01F0681N,ALL,早尖峰,66,76,10,0.15151515151515152,穩定,1.1,1.27,0.17
L2_TIME_PERIOD,01F0699N_01F0681N,ALL,晚尖峰,69,109,40,0.5797101449275363,不穩定,1.15,1.82,0.67
L2_TIME_PERIOD,01F0699S_01F0750S,ALL,凌晨,180,207,27,0.15,穩定,3.0,3.45,0.45
L2_TIME_PERIOD,01F0699S_01F0750S,ALL,夜間,183,213,30,0.16393442622950818,穩定,3.05,3.55,0.5
L2_TIME_PERIOD,01F0699S_01F0750S,ALL,日間,192,334,142,0.7395833333333334,不穩定,3.2,5.57,2.37
L2_TIME_PERIOD,01F0699S_01F0750S,ALL,早尖峰,200,345,145,0.725,不穩定,3.33,5.75,2.42
L2_TIME_PERIOD,01F0699S_01F0750S,ALL,晚尖峰,188,249,61,0.324468085106383,普通,3.13,4.15,1.02
L2_TIME_PERIOD,01F0750N_01F0699N,ALL,凌晨,180,209,29,0.16111111111111112,穩定,3.0,3.48,0.48
L2_TIME_PERIOD,01F0750N_01F0699N,ALL,夜間,188,218,30,0.1595744680851064,穩定,3.13,3.63,0.5
L2_TIME_PERIOD,01F0750N_01F0699N,ALL,日間,187,215,28,0.1497326203208556,穩定,3.12,3.58,0.47
L2_TIME_PERIOD,01F0750N_01F0699N,ALL,早尖峰,176,206,30,0.17045454545454544,穩定,2.93,3.43,0.5
L2_TIME_PERIOD,01F0750N_01F0699N,ALL,晚尖峰,195,230,35,0.1794871794871795,穩定,3.25,3.83,0.58
L2_TIME_PERIOD,01F0750N_01H0608N,ALL,凌晨,483,531,48,0.09937888198757763,穩定,8.05,8.85,0.8
L2_TIME_PERIOD,01F0750N_01H0608N,ALL,夜間,524,612,88,0.16793893129770993,穩定,8.73,10.2,1.47
L2_TIME_PERIOD,01F0750N_01H0608N,ALL,日間,529,588,59,0.11153119092627599,穩定,8.82,9.8,0.98
L2_TIME_PERIOD,01F0750N_01H0608N,ALL,早尖峰,505,541,36,0.07128712871287128,穩定,8.42,9.02,0.6
L2_TIME_PERIOD,01F0750N_01H0608N,ALL,晚尖峰,575,864,289,0.5026086956521739,不穩定,9.58,14.4,4.82
L2_TIME_PERIOD,01F0750S_01F0880S,ALL,凌晨,458,539,81,0.17685589519650655,穩定,7.63,8.98,1.35
L2_TIME_PERIOD,01F0750S_01F0880S,ALL,夜間,478,689,211,0.44142259414225943,普通,7.97,11.48,3.52
L2_TIME_PERIOD,01F0750S_01F0880S,ALL,日間,530,1458,928,1.7509433962264151,高風險,8.83,24.3,15.47
L2_TIME_PERIOD,01F0750S_01F0880S,ALL,早尖峰,531,972,441,0.8305084745762712,不穩定,8.85,16.2,7.35
L2_TIME_PERIOD,01F0750S_01F0880S,ALL,晚尖峰,502,921,419,0.8346613545816733,不穩定,8.37,15.35,6.98
L2_TIME_PERIOD,01F0880N_01F0750N,ALL,凌晨,468,578,110,0.23504273504273504,穩定,7.8,9.63,1.83
L2_TIME_PERIOD,01F0880N_01F0750N,ALL,夜間,509,1074,565,1.1100196463654224,高風險,8.48,17.9,9.42
L2_TIME_PERIOD,01F0880N_01F0750N,ALL,日間,514,907,393,0.7645914396887159,不穩定,8.57,15.12,6.55
L2_TIME_PERIOD,01F0880N_01F0750N,ALL,早尖峰,474,553,79,0.16666666666666666,穩定,7.9,9.22,1.32
L2_TIME_PERIOD,01F0880N_01F0750N,ALL,晚尖峰,593,1121,528,0.8903878583473862,不穩定,9.88,18.68,8.8
L2_TIME_PERIOD,01F0880S_01F0928S,ALL,凌晨,169,198,29,0.17159763313609466,穩定,2.82,3.3,0.48
L2_TIME_PERIOD,01F0880S_01F0928S,ALL,夜間,181,356,175,0.9668508287292817,不穩定,3.02,5.93,2.92
L2_TIME_PERIOD,01F0880S_01F0928S,ALL,日間,227,630,403,1.775330396475771,高風險,3.78,10.5,6.72
L2_TIME_PERIOD,01F0880S_01F0928S,ALL,早尖峰,230,454,224,0.9739130434782609,不穩定,3.83,7.57,3.73
L2_TIME_PERIOD,01F0880S_01F0928S,ALL,晚尖峰,217,451,234,1.0783410138248848,高風險,3.62,7.52,3.9
L2_TIME_PERIOD,01F0928N_01F0880N,ALL,凌晨,168,199,31,0.18452380952380953,穩定,2.8,3.32,0.52
L2_TIME_PERIOD,01F0928N_01F0880N,ALL,夜間,190,556,366,1.9263157894736842,高風險,3.17,9.27,6.1
L2_TIME_PERIOD,01F0928N_01F0880N,ALL,日間,195,351,156,0.8,不穩定,3.25,5.85,2.6
L2_TIME_PERIOD,01F0928N_01F0880N,ALL,早尖峰,186,313,127,0.6827956989247311,不穩定,3.1,5.22,2.12
L2_TIME_PERIOD,01F0928N_01F0880N,ALL,晚尖峰,229,590,361,1.5764192139737991,高風險,3.82,9.83,6.02
L2_TIME_PERIOD,01F0928S_01F0950S,ALL,凌晨,78,91,13,0.16666666666666666,穩定,1.3,1.52,0.22
L2_TIME_PERIOD,01F0928S_01F0950S,ALL,夜間,81,164,83,1.0246913580246915,高風險,1.35,2.73,1.38
L2_TIME_PERIOD,01F0928S_01F0950S,ALL,日間,87,227,140,1.6091954022988506,高風險,1.45,3.78,2.33
L2_TIME_PERIOD,01F0928S_01F0950S,ALL,早尖峰,89,143,54,0.6067415730337079,不穩定,1.48,2.38,0.9
L2_TIME_PERIOD,01F0928S_01F0950S,ALL,晚尖峰,86,186,100,1.1627906976744187,高風險,1.43,3.1,1.67
L2_TIME_PERIOD,01F0950S_01F0980S,ALL,凌晨,107,128,21,0.19626168224299065,穩定,1.78,2.13,0.35
L2_TIME_PERIOD,01F0950S_01F0980S,ALL,夜間,111,257,146,1.3153153153153154,高風險,1.85,4.28,2.43
L2_TIME_PERIOD,01F0950S_01F0980S,ALL,日間,118,241,123,1.0423728813559323,高風險,1.97,4.02,2.05
L2_TIME_PERIOD,01F0950S_01F0980S,ALL,早尖峰,114,160,46,0.40350877192982454,普通,1.9,2.67,0.77
L2_TIME_PERIOD,01F0950S_01F0980S,ALL,晚尖峰,120,274,154,1.2833333333333334,高風險,2.0,4.57,2.57
L2_TIME_PERIOD,01F0956N_01F0928N,ALL,凌晨,97,114,17,0.17525773195876287,穩定,1.62,1.9,0.28
L2_TIME_PERIOD,01F0956N_01F0928N,ALL,夜間,107,385,278,2.5981308411214954,高風險,1.78,6.42,4.63
L2_TIME_PERIOD,01F0956N_01F0928N,ALL,日間,109,359,250,2.293577981651376,高風險,1.82,5.98,4.17
L2_TIME_PERIOD,01F0956N_01F0928N,ALL,早尖峰,104,161,57,0.5480769230769231,不穩定,1.73,2.68,0.95
L2_TIME_PERIOD,01F0956N_01F0928N,ALL,晚尖峰,282,451,169,0.599290780141844,不穩定,4.7,7.52,2.82
L2_TIME_PERIOD,01F0979N_01F0956N,ALL,凌晨,81,102,21,0.25925925925925924,普通,1.35,1.7,0.35
L2_TIME_PERIOD,01F0979N_01F0956N,ALL,夜間,87,223,136,1.5632183908045978,高風險,1.45,3.72,2.27
L2_TIME_PERIOD,01F0979N_01F0956N,ALL,日間,86,135,49,0.5697674418604651,不穩定,1.43,2.25,0.82
L2_TIME_PERIOD,01F0979N_01F0956N,ALL,早尖峰,86,106,20,0.23255813953488372,穩定,1.43,1.77,0.33
L2_TIME_PERIOD,01F0979N_01F0956N,ALL,晚尖峰,98,370,272,2.7755102040816326,高風險,1.63,6.17,4.53
L2_TIME_PERIOD,01F0980S_01F1045S,ALL,凌晨,229,263,34,0.14847161572052403,穩定,3.82,4.38,0.57
L2_TIME_PERIOD,01F0980S_01F1045S,ALL,夜間,234,287,53,0.2264957264957265,穩定,3.9,4.78,0.88
L2_TIME_PERIOD,01F0980S_01F1045S,ALL,日間,237,471,234,0.9873417721518988,不穩定,3.95,7.85,3.9
L2_TIME_PERIOD,01F0980S_01F1045S,ALL,早尖峰,231,261,30,0.12987012987012986,穩定,3.85,4.35,0.5
L2_TIME_PERIOD,01F0980S_01F1045S,ALL,晚尖峰,239,283,44,0.18410041841004185,穩定,3.98,4.72,0.73
L2_TIME_PERIOD,01F0980S_03F0996N,ALL,凌晨,140,1453,1313,9.378571428571428,高風險,2.33,24.22,21.88
L2_TIME_PERIOD,01F0980S_03F0996N,ALL,夜間,141,183,42,0.2978723404255319,普通,2.35,3.05,0.7
L2_TIME_PERIOD,01F0980S_03F0996N,ALL,日間,144,178,34,0.2361111111111111,穩定,2.4,2.97,0.57
L2_TIME_PERIOD,01F0980S_03F0996N,ALL,早尖峰,142,520,378,2.6619718309859155,高風險,2.37,8.67,6.3
L2_TIME_PERIOD,01F0980S_03F0996N,ALL,晚尖峰,143,167,24,0.16783216783216784,穩定,2.38,2.78,0.4
L2_TIME_PERIOD,01F0980S_03F1022S,ALL,凌晨,113,130,17,0.1504424778761062,穩定,1.88,2.17,0.28
L2_TIME_PERIOD,01F0980S_03F1022S,ALL,夜間,119,141,22,0.18487394957983194,穩定,1.98,2.35,0.37
L2_TIME_PERIOD,01F0980S_03F1022S,ALL,日間,124,145,21,0.1693548387096774,穩定,2.07,2.42,0.35
L2_TIME_PERIOD,01F0980S_03F1022S,ALL,早尖峰,119,139,20,0.16806722689075632,穩定,1.98,2.32,0.33
L2_TIME_PERIOD,01F0980S_03F1022S,ALL,晚尖峰,129,213,84,0.6511627906976745,不穩定,2.15,3.55,1.4
L2_TIME_PERIOD,01F1045N_01F0979N,ALL,凌晨,234,278,44,0.18803418803418803,穩定,3.9,4.63,0.73
L2_TIME_PERIOD,01F1045N_01F0979N,ALL,夜間,244,440,196,0.8032786885245902,不穩定,4.07,7.33,3.27
L2_TIME_PERIOD,01F1045N_01F0979N,ALL,日間,241,295,54,0.22406639004149378,穩定,4.02,4.92,0.9
L2_TIME_PERIOD,01F1045N_01F0979N,ALL,早尖峰,253,512,259,1.023715415019763,高風險,4.22,8.53,4.32
L2_TIME_PERIOD,01F1045N_01F0979N,ALL,晚尖峰,248,718,470,1.8951612903225807,高風險,4.13,11.97,7.83
L2_TIME_PERIOD,01F1045N_03F0996N,ALL,凌晨,227,275,48,0.21145374449339208,穩定,3.78,4.58,0.8
L2_TIME_PERIOD,01F1045N_03F0996N,ALL,夜間,240,518,278,1.1583333333333334,高風險,4.0,8.63,4.63
L2_TIME_PERIOD,01F1045N_03F0996N,ALL,日間,235,282,47,0.2,穩定,3.92,4.7,0.78
L2_TIME_PERIOD,01F1045N_03F0996N,ALL,早尖峰,234,451,217,0.9273504273504274,不穩定,3.9,7.52,3.62
L2_TIME_PERIOD,01F1045N_03F0996N,ALL,晚尖峰,242,592,350,1.4462809917355373,高風險,4.03,9.87,5.83
L2_TIME_PERIOD,01F1045N_03F1022S,ALL,凌晨,307,2389,2082,6.7817589576547235,高風險,5.12,39.82,34.7
L2_TIME_PERIOD,01F1045N_03F1022S,ALL,夜間,319,949,630,1.974921630094044,高風險,5.32,15.82,10.5
L2_TIME_PERIOD,01F1045N_03F1022S,ALL,日間,316,1108,792,2.5063291139240507,高風險,5.27,18.47,13.2
L2_TIME_PERIOD,01F1045N_03F1022S,ALL,早尖峰,312,1193,881,2.823717948717949,高風險,5.2,19.88,14.68
L2_TIME_PERIOD,01F1045N_03F1022S,ALL,晚尖峰,325,868,543,1.6707692307692308,高風險,5.42,14.47,9.05
L2_TIME_PERIOD,01F1045S_01F1123S,ALL,凌晨,271,317,46,0.16974169741697417,穩定,4.52,5.28,0.77
L2_TIME_PERIOD,01F1045S_01F1123S,ALL,夜間,275,334,59,0.21454545454545454,穩定,4.58,5.57,0.98
L2_TIME_PERIOD,01F1045S_01F1123S,ALL,日間,279,371,92,0.32974910394265233,普通,4.65,6.18,1.53
L2_TIME_PERIOD,01F1045S_01F1123S,ALL,早尖峰,273,311,38,0.1391941391941392,穩定,4.55,5.18,0.63
L2_TIME_PERIOD,01F1045S_01F1123S,ALL,晚尖峰,279,341,62,0.2222222222222222,穩定,4.65,5.68,1.03
L2_TIME_PERIOD,01F1123N_01F1045N,ALL,凌晨,270,321,51,0.18888888888888888,穩定,4.5,5.35,0.85
L2_TIME_PERIOD,01F1123N_01F1045N,ALL,夜間,281,402,121,0.4306049822064057,普通,4.68,6.7,2.02
L2_TIME_PERIOD,01F1123N_01F1045N,ALL,日間,278,340,62,0.22302158273381295,穩定,4.63,5.67,1.03
L2_TIME_PERIOD,01F1123N_01F1045N,ALL,早尖峰,275,318,43,0.15636363636363637,穩定,4.58,5.3,0.72
L2_TIME_PERIOD,01F1123N_01F1045N,ALL,晚尖峰,284,439,155,0.545774647887324,不穩定,4.73,7.32,2.58
L2_TIME_PERIOD,01F1123S_01F1292S,ALL,凌晨,592,757,165,0.27871621621621623,普通,9.87,12.62,2.75
L2_TIME_PERIOD,01F1123S_01F1292S,ALL,夜間,598,698,100,0.16722408026755853,穩定,9.97,11.63,1.67
L2_TIME_PERIOD,01F1123S_01F1292S,ALL,日間,606,752,146,0.24092409240924093,穩定,10.1,12.53,2.43
L2_TIME_PERIOD,01F1123S_01F1292S,ALL,早尖峰,593,705,112,0.18887015177065766,穩定,9.88,11.75,1.87
L2_TIME_PERIOD,01F1123S_01F1292S,ALL,晚尖峰,602,687,85,0.14119601328903655,穩定,10.03,11.45,1.42
L2_TIME_PERIOD,01F1292N_01F1123N,ALL,凌晨,583,759,176,0.3018867924528302,普通,9.72,12.65,2.93
L2_TIME_PERIOD,01F1292N_01F1123N,ALL,夜間,603,936,333,0.5522388059701493,不穩定,10.05,15.6,5.55
L2_TIME_PERIOD,01F1292N_01F1123N,ALL,日間,598,754,156,0.2608695652173913,普通,9.97,12.57,2.6
L2_TIME_PERIOD,01F1292N_01F1123N,ALL,早尖峰,584,707,123,0.2106164383561644,穩定,9.73,11.78,2.05
L2_TIME_PERIOD,01F1292N_01F1123N,ALL,晚尖峰,607,1287,680,1.1202635914332784,高風險,10.12,21.45,11.33
L2_TIME_PERIOD,01F1292S_01F1389S,ALL,凌晨,338,403,65,0.19230769230769232,穩定,5.63,6.72,1.08
L2_TIME_PERIOD,01F1292S_01F1389S,ALL,夜間,341,384,43,0.12609970674486803,穩定,5.68,6.4,0.72
L2_TIME_PERIOD,01F1292S_01F1389S,ALL,日間,343,387,44,0.1282798833819242,穩定,5.72,6.45,0.73
L2_TIME_PERIOD,01F1292S_01F1389S,ALL,早尖峰,337,385,48,0.142433234421365,穩定,5.62,6.42,0.8
L2_TIME_PERIOD,01F1292S_01F1389S,ALL,晚尖峰,342,380,38,0.1111111111111111,穩定,5.7,6.33,0.63
L2_TIME_PERIOD,01F1389N_01F1292N,ALL,凌晨,328,386,58,0.17682926829268292,穩定,5.47,6.43,0.97
L2_TIME_PERIOD,01F1389N_01F1292N,ALL,夜間,336,392,56,0.16666666666666666,穩定,5.6,6.53,0.93
L2_TIME_PERIOD,01F1389N_01F1292N,ALL,日間,335,376,41,0.12238805970149254,穩定,5.58,6.27,0.68
L2_TIME_PERIOD,01F1389N_01F1292N,ALL,早尖峰,329,374,45,0.13677811550151975,穩定,5.48,6.23,0.75
L2_TIME_PERIOD,01F1389N_01F1292N,ALL,晚尖峰,339,561,222,0.6548672566371682,不穩定,5.65,9.35,3.7
L2_TIME_PERIOD,01F1389S_01F1465S,ALL,凌晨,265,324,59,0.22264150943396227,穩定,4.42,5.4,0.98
L2_TIME_PERIOD,01F1389S_01F1465S,ALL,夜間,267,303,36,0.1348314606741573,穩定,4.45,5.05,0.6
L2_TIME_PERIOD,01F1389S_01F1465S,ALL,日間,271,314,43,0.15867158671586715,穩定,4.52,5.23,0.72
L2_TIME_PERIOD,01F1389S_01F1465S,ALL,早尖峰,264,309,45,0.17045454545454544,穩定,4.4,5.15,0.75
L2_TIME_PERIOD,01F1389S_01F1465S,ALL,晚尖峰,270,308,38,0.14074074074074075,穩定,4.5,5.13,0.63
L2_TIME_PERIOD,01F1465N_01F1389N,ALL,凌晨,259,298,39,0.15057915057915058,穩定,4.32,4.97,0.65
L2_TIME_PERIOD,01F1465N_01F1389N,ALL,夜間,266,299,33,0.12406015037593984,穩定,4.43,4.98,0.55
L2_TIME_PERIOD,01F1465N_01F1389N,ALL,日間,265,294,29,0.10943396226415095,穩定,4.42,4.9,0.48
L2_TIME_PERIOD,01F1465N_01F1389N,ALL,早尖峰,261,293,32,0.12260536398467432,穩定,4.35,4.88,0.53
L2_TIME_PERIOD,01F1465N_01F1389N,ALL,晚尖峰,267,309,42,0.15730337078651685,穩定,4.45,5.15,0.7
L2_TIME_PERIOD,01F1465S_01F1572S,ALL,凌晨,368,439,71,0.19293478260869565,穩定,6.13,7.32,1.18
L2_TIME_PERIOD,01F1465S_01F1572S,ALL,夜間,374,420,46,0.12299465240641712,穩定,6.23,7.0,0.77
L2_TIME_PERIOD,01F1465S_01F1572S,ALL,日間,377,438,61,0.16180371352785147,穩定,6.28,7.3,1.02
L2_TIME_PERIOD,01F1465S_01F1572S,ALL,早尖峰,368,428,60,0.16304347826086957,穩定,6.13,7.13,1.0
L2_TIME_PERIOD,01F1465S_01F1572S,ALL,晚尖峰,382,626,244,0.6387434554973822,不穩定,6.37,10.43,4.07
L2_TIME_PERIOD,01F1572N_01F1465N,ALL,凌晨,370,507,137,0.37027027027027026,普通,6.17,8.45,2.28
L2_TIME_PERIOD,01F1572N_01F1465N,ALL,夜間,385,506,121,0.3142857142857143,普通,6.42,8.43,2.02
L2_TIME_PERIOD,01F1572N_01F1465N,ALL,日間,386,474,88,0.22797927461139897,穩定,6.43,7.9,1.47
L2_TIME_PERIOD,01F1572N_01F1465N,ALL,早尖峰,376,475,99,0.2632978723404255,普通,6.27,7.92,1.65
L2_TIME_PERIOD,01F1572N_01F1465N,ALL,晚尖峰,386,491,105,0.27202072538860106,普通,6.43,8.18,1.75
L2_TIME_PERIOD,01F1572S_01F1621S,ALL,凌晨,168,202,34,0.20238095238095238,穩定,2.8,3.37,0.57
L2_TIME_PERIOD,01F1572S_01F1621S,ALL,夜間,171,198,27,0.15789473684210525,穩定,2.85,3.3,0.45
L2_TIME_PERIOD,01F1572S_01F1621S,ALL,日間,173,222,49,0.2832369942196532,普通,2.88,3.7,0.82
L2_TIME_PERIOD,01F1572S_01F1621S,ALL,早尖峰,167,198,31,0.18562874251497005,穩定,2.78,3.3,0.52
L2_TIME_PERIOD,01F1572S_01F1621S,ALL,晚尖峰,179,568,389,2.1731843575418996,高風險,2.98,9.47,6.48
L2_TIME_PERIOD,01F1621N_01F1572N,ALL,凌晨,164,200,36,0.21951219512195122,穩定,2.73,3.33,0.6
L2_TIME_PERIOD,01F1621N_01F1572N,ALL,夜間,171,242,71,0.4152046783625731,普通,2.85,4.03,1.18
L2_TIME_PERIOD,01F1621N_01F1572N,ALL,日間,171,196,25,0.14619883040935672,穩定,2.85,3.27,0.42
L2_TIME_PERIOD,01F1621N_01F1572N,ALL,早尖峰,168,194,26,0.15476190476190477,穩定,2.8,3.23,0.43
L2_TIME_PERIOD,01F1621N_01F1572N,ALL,晚尖峰,171,211,40,0.23391812865497075,穩定,2.85,3.52,0.67
L2_TIME_PERIOD,01F1621S_01F1664S,ALL,凌晨,144,232,88,0.6111111111111112,不穩定,2.4,3.87,1.47
L2_TIME_PERIOD,01F1621S_01F1664S,ALL,夜間,149,216,67,0.44966442953020136,普通,2.48,3.6,1.12
L2_TIME_PERIOD,01F1621S_01F1664S,ALL,日間,152,316,164,1.0789473684210527,高風險,2.53,5.27,2.73
L2_TIME_PERIOD,01F1621S_01F1664S,ALL,早尖峰,146,208,62,0.4246575342465753,普通,2.43,3.47,1.03
L2_TIME_PERIOD,01F1621S_01F1664S,ALL,晚尖峰,173,536,363,2.098265895953757,高風險,2.88,8.93,6.05
L2_TIME_PERIOD,01F1621S_03F1651N,ALL,凌晨,2336,3356,1020,0.4366438356164384,普通,38.93,55.93,17.0
L2_TIME_PERIOD,01F1621S_03F1651N,ALL,夜間,1738,3301,1563,0.8993095512082854,不穩定,28.97,55.02,26.05
L2_TIME_PERIOD,01F1621S_03F1651N,ALL,日間,715,3220,2505,3.5034965034965033,高風險,11.92,53.67,41.75
L2_TIME_PERIOD,01F1621S_03F1651N,ALL,早尖峰,1112,3282,2170,1.9514388489208634,高風險,18.53,54.7,36.17
L2_TIME_PERIOD,01F1621S_03F1651N,ALL,晚尖峰,754,3199,2445,3.2427055702917773,高風險,12.57,53.32,40.75
L2_TIME_PERIOD,01F1621S_03F1710S,ALL,凌晨,600,1280,680,1.1333333333333333,高風險,10.0,21.33,11.33
L2_TIME_PERIOD,01F1621S_03F1710S,ALL,夜間,589,836,247,0.41935483870967744,普通,9.82,13.93,4.12
L2_TIME_PERIOD,01F1621S_03F1710S,ALL,日間,607,887,280,0.4612850082372323,普通,10.12,14.78,4.67
L2_TIME_PERIOD,01F1621S_03F1710S,ALL,早尖峰,584,724,140,0.23972602739726026,穩定,9.73,12.07,2.33
L2_TIME_PERIOD,01F1621S_03F1710S,ALL,晚尖峰,619,850,231,0.37318255250403876,普通,10.32,14.17,3.85
L2_TIME_PERIOD,01F1664N_01F1621N,ALL,凌晨,143,212,69,0.4825174825174825,普通,2.38,3.53,1.15
L2_TIME_PERIOD,01F1664N_01F1621N,ALL,夜間,151,217,66,0.4370860927152318,普通,2.52,3.62,1.1
L2_TIME_PERIOD,01F1664N_01F1621N,ALL,日間,156,401,245,1.5705128205128205,高風險,2.6,6.68,4.08
L2_TIME_PERIOD,01F1664N_01F1621N,ALL,早尖峰,155,273,118,0.7612903225806451,不穩定,2.58,4.55,1.97
L2_TIME_PERIOD,01F1664N_01F1621N,ALL,晚尖峰,154,446,292,1.896103896103896,高風險,2.57,7.43,4.87
L2_TIME_PERIOD,01F1664N_03F1651N,ALL,凌晨,504,618,114,0.2261904761904762,穩定,8.4,10.3,1.9
L2_TIME_PERIOD,01F1664N_03F1651N,ALL,夜間,516,570,54,0.10465116279069768,穩定,8.6,9.5,0.9
L2_TIME_PERIOD,01F1664N_03F1651N,ALL,日間,531,594,63,0.11864406779661017,穩定,8.85,9.9,1.05
L2_TIME_PERIOD,01F1664N_03F1651N,ALL,早尖峰,518,567,49,0.0945945945945946,穩定,8.63,9.45,0.82
L2_TIME_PERIOD,01F1664N_03F1651N,ALL,晚尖峰,531,617,86,0.16195856873822975,穩定,8.85,10.28,1.43
L2_TIME_PERIOD,01F1664N_03F1710S,ALL,凌晨,521,2650,2129,4.08637236084453,高風險,8.68,44.17,35.48
L2_TIME_PERIOD,01F1664N_03F1710S,ALL,夜間,517,1645,1128,2.1818181818181817,高風險,8.62,27.42,18.8
L2_TIME_PERIOD,01F1664N_03F1710S,ALL,日間,535,2027,1492,2.788785046728972,高風險,8.92,33.78,24.87
L2_TIME_PERIOD,01F1664N_03F1710S,ALL,早尖峰,515,1108,593,1.1514563106796116,高風險,8.58,18.47,9.88
L2_TIME_PERIOD,01F1664N_03F1710S,ALL,晚尖峰,529,1586,1057,1.998109640831758,高風險,8.82,26.43,17.62
L2_TIME_PERIOD,01F1664S_01F1699S,ALL,凌晨,118,143,25,0.211864406779661,穩定,1.97,2.38,0.42
L2_TIME_PERIOD,01F1664S_01F1699S,ALL,夜間,126,176,50,0.3968253968253968,普通,2.1,2.93,0.83
L2_TIME_PERIOD,01F1664S_01F1699S,ALL,日間,133,256,123,0.924812030075188,不穩定,2.22,4.27,2.05
L2_TIME_PERIOD,01F1664S_01F1699S,ALL,早尖峰,130,235,105,0.8076923076923077,不穩定,2.17,3.92,1.75
L2_TIME_PERIOD,01F1664S_01F1699S,ALL,晚尖峰,173,341,168,0.9710982658959537,不穩定,2.88,5.68,2.8
L2_TIME_PERIOD,01F1699N_01F1664N,ALL,凌晨,116,143,27,0.23275862068965517,穩定,1.93,2.38,0.45
L2_TIME_PERIOD,01F1699N_01F1664N,ALL,夜間,127,156,29,0.2283464566929134,穩定,2.12,2.6,0.48
L2_TIME_PERIOD,01F1699N_01F1664N,ALL,日間,133,228,95,0.7142857142857143,不穩定,2.22,3.8,1.58
L2_TIME_PERIOD,01F1699N_01F1664N,ALL,早尖峰,130,195,65,0.5,不穩定,2.17,3.25,1.08
L2_TIME_PERIOD,01F1699N_01F1664N,ALL,晚尖峰,137,314,177,1.2919708029197081,高風險,2.28,5.23,2.95
L2_TIME_PERIOD,01F1699S_01F1774S,ALL,凌晨,252,304,52,0.20634920634920634,穩定,4.2,5.07,0.87
L2_TIME_PERIOD,01F1699S_01F1774S,ALL,夜間,262,343,81,0.30916030534351147,普通,4.37,5.72,1.35
L2_TIME_PERIOD,01F1699S_01F1774S,ALL,日間,275,355,80,0.2909090909090909,普通,4.58,5.92,1.33
L2_TIME_PERIOD,01F1699S_01F1774S,ALL,早尖峰,271,313,42,0.15498154981549817,穩定,4.52,5.22,0.7
L2_TIME_PERIOD,01F1699S_01F1774S,ALL,晚尖峰,298,582,284,0.9530201342281879,不穩定,4.97,9.7,4.73
L2_TIME_PERIOD,01F1774N_01F1699N,ALL,凌晨,255,314,59,0.23137254901960785,穩定,4.25,5.23,0.98
L2_TIME_PERIOD,01F1774N_01F1699N,ALL,夜間,276,395,119,0.4311594202898551,普通,4.6,6.58,1.98
L2_TIME_PERIOD,01F1774N_01F1699N,ALL,日間,297,576,279,0.9393939393939394,不穩定,4.95,9.6,4.65
L2_TIME_PERIOD,01F1774N_01F1699N,ALL,早尖峰,284,431,147,0.5176056338028169,不穩定,4.73,7.18,2.45
L2_TIME_PERIOD,01F1774N_01F1699N,ALL,晚尖峰,304,579,275,0.9046052631578947,不穩定,5.07,9.65,4.58
L2_TIME_PERIOD,01F1774S_01F1802S,ALL,凌晨,91,111,20,0.21978021978021978,穩定,1.52,1.85,0.33
L2_TIME_PERIOD,01F1774S_01F1802S,ALL,夜間,93,106,13,0.13978494623655913,穩定,1.55,1.77,0.22
L2_TIME_PERIOD,01F1774S_01F1802S,ALL,日間,95,109,14,0.14736842105263157,穩定,1.58,1.82,0.23
L2_TIME_PERIOD,01F1774S_01F1802S,ALL,早尖峰,94,107,13,0.13829787234042554,穩定,1.57,1.78,0.22
L2_TIME_PERIOD,01F1774S_01F1802S,ALL,晚尖峰,96,109,13,0.13541666666666666,穩定,1.6,1.82,0.22
L2_TIME_PERIOD,01F1802N_01F1774N,ALL,凌晨,95,115,20,0.21052631578947367,穩定,1.58,1.92,0.33
L2_TIME_PERIOD,01F1802N_01F1774N,ALL,夜間,98,118,20,0.20408163265306123,穩定,1.63,1.97,0.33
L2_TIME_PERIOD,01F1802N_01F1774N,ALL,日間,99,124,25,0.25252525252525254,普通,1.65,2.07,0.42
L2_TIME_PERIOD,01F1802N_01F1774N,ALL,早尖峰,97,118,21,0.21649484536082475,穩定,1.62,1.97,0.35
L2_TIME_PERIOD,01F1802N_01F1774N,ALL,晚尖峰,106,160,54,0.5094339622641509,不穩定,1.77,2.67,0.9
L2_TIME_PERIOD,01F1802S_01F1839S,ALL,凌晨,121,149,28,0.23140495867768596,穩定,2.02,2.48,0.47
L2_TIME_PERIOD,01F1802S_01F1839S,ALL,夜間,123,138,15,0.12195121951219512,穩定,2.05,2.3,0.25
L2_TIME_PERIOD,01F1802S_01F1839S,ALL,日間,125,145,20,0.16,穩定,2.08,2.42,0.33
L2_TIME_PERIOD,01F1802S_01F1839S,ALL,早尖峰,124,142,18,0.14516129032258066,穩定,2.07,2.37,0.3
L2_TIME_PERIOD,01F1802S_01F1839S,ALL,晚尖峰,126,141,15,0.11904761904761904,穩定,2.1,2.35,0.25
L2_TIME_PERIOD,01F1839N_01F1802N,ALL,凌晨,124,153,29,0.23387096774193547,穩定,2.07,2.55,0.48
L2_TIME_PERIOD,01F1839N_01F1802N,ALL,夜間,128,158,30,0.234375,穩定,2.13,2.63,0.5
L2_TIME_PERIOD,01F1839N_01F1802N,ALL,日間,130,152,22,0.16923076923076924,穩定,2.17,2.53,0.37
L2_TIME_PERIOD,01F1839N_01F1802N,ALL,早尖峰,128,155,27,0.2109375,穩定,2.13,2.58,0.45
L2_TIME_PERIOD,01F1839N_01F1802N,ALL,晚尖峰,139,195,56,0.4028776978417266,普通,2.32,3.25,0.93
L2_TIME_PERIOD,01F1839S_01F1906S,ALL,凌晨,225,276,51,0.22666666666666666,穩定,3.75,4.6,0.85
L2_TIME_PERIOD,01F1839S_01F1906S,ALL,夜間,230,258,28,0.12173913043478261,穩定,3.83,4.3,0.47
L2_TIME_PERIOD,01F1839S_01F1906S,ALL,日間,235,283,48,0.20425531914893616,穩定,3.92,4.72,0.8
L2_TIME_PERIOD,01F1839S_01F1906S,ALL,早尖峰,230,267,37,0.1608695652173913,穩定,3.83,4.45,0.62
L2_TIME_PERIOD,01F1839S_01F1906S,ALL,晚尖峰,237,265,28,0.11814345991561181,穩定,3.95,4.42,0.47
L2_TIME_PERIOD,01F1906N_01F1839N,ALL,凌晨,228,280,52,0.22807017543859648,穩定,3.8,4.67,0.87
L2_TIME_PERIOD,01F1906N_01F1839N,ALL,夜間,235,284,49,0.20851063829787234,穩定,3.92,4.73,0.82
L2_TIME_PERIOD,01F1906N_01F1839N,ALL,日間,238,280,42,0.17647058823529413,穩定,3.97,4.67,0.7
L2_TIME_PERIOD,01F1906N_01F1839N,ALL,早尖峰,236,291,55,0.2330508474576271,穩定,3.93,4.85,0.92
L2_TIME_PERIOD,01F1906N_01F1839N,ALL,晚尖峰,250,377,127,0.508,不穩定,4.17,6.28,2.12
L2_TIME_PERIOD,01F1906S_01F1960S,ALL,凌晨,177,217,40,0.22598870056497175,穩定,2.95,3.62,0.67
L2_TIME_PERIOD,01F1906S_01F1960S,ALL,夜間,181,211,30,0.16574585635359115,穩定,3.02,3.52,0.5
L2_TIME_PERIOD,01F1906S_01F1960S,ALL,日間,189,343,154,0.8148148148148148,不穩定,3.15,5.72,2.57
L2_TIME_PERIOD,01F1906S_01F1960S,ALL,早尖峰,184,222,38,0.20652173913043478,穩定,3.07,3.7,0.63
L2_TIME_PERIOD,01F1906S_01F1960S,ALL,晚尖峰,190,243,53,0.2789473684210526,普通,3.17,4.05,0.88
L2_TIME_PERIOD,01F1906S_03F1941N,ALL,凌晨,214,317,103,0.48130841121495327,普通,3.57,5.28,1.72
L2_TIME_PERIOD,01F1906S_03F1941N,ALL,夜間,218,251,33,0.15137614678899083,穩定,3.63,4.18,0.55
L2_TIME_PERIOD,01F1906S_03F1941N,ALL,日間,230,278,48,0.20869565217391303,穩定,3.83,4.63,0.8
L2_TIME_PERIOD,01F1906S_03F1941N,ALL,早尖峰,226,339,113,0.5,不穩定,3.77,5.65,1.88
L2_TIME_PERIOD,01F1906S_03F1941N,ALL,晚尖峰,226,267,41,0.18141592920353983,穩定,3.77,4.45,0.68
L2_TIME_PERIOD,01F1906S_03F1991S,ALL,凌晨,202,1721,1519,7.51980198019802,高風險,3.37,28.68,25.32
L2_TIME_PERIOD,01F1906S_03F1991S,ALL,夜間,203,809,606,2.9852216748768474,高風險,3.38,13.48,10.1
L2_TIME_PERIOD,01F1906S_03F1991S,ALL,日間,210,259,49,0.23333333333333334,穩定,3.5,4.32,0.82
L2_TIME_PERIOD,01F1906S_03F1991S,ALL,早尖峰,204,242,38,0.18627450980392157,穩定,3.4,4.03,0.63
L2_TIME_PERIOD,01F1906S_03F1991S,ALL,晚尖峰,208,240,32,0.15384615384615385,穩定,3.47,4.0,0.53
L2_TIME_PERIOD,01F1960N_01F1906N,ALL,凌晨,179,219,40,0.22346368715083798,穩定,2.98,3.65,0.67
L2_TIME_PERIOD,01F1960N_01F1906N,ALL,夜間,184,233,49,0.266304347826087,普通,3.07,3.88,0.82
L2_TIME_PERIOD,01F1960N_01F1906N,ALL,日間,187,222,35,0.18716577540106952,穩定,3.12,3.7,0.58
L2_TIME_PERIOD,01F1960N_01F1906N,ALL,早尖峰,183,214,31,0.16939890710382513,穩定,3.05,3.57,0.52
L2_TIME_PERIOD,01F1960N_01F1906N,ALL,晚尖峰,198,246,48,0.24242424242424243,穩定,3.3,4.1,0.8
L2_TIME_PERIOD,01F1960N_03F1941N,ALL,凌晨,276,328,52,0.18840579710144928,穩定,4.6,5.47,0.87
L2_TIME_PERIOD,01F1960N_03F1941N,ALL,夜間,278,366,88,0.31654676258992803,普通,4.63,6.1,1.47
L2_TIME_PERIOD,01F1960N_03F1941N,ALL,日間,286,395,109,0.3811188811188811,普通,4.77,6.58,1.82
L2_TIME_PERIOD,01F1960N_03F1941N,ALL,早尖峰,279,328,49,0.17562724014336917,穩定,4.65,5.47,0.82
L2_TIME_PERIOD,01F1960N_03F1941N,ALL,晚尖峰,298,422,124,0.4161073825503356,普通,4.97,7.03,2.07
L2_TIME_PERIOD,01F1960N_03F1991S,ALL,凌晨,249,311,62,0.24899598393574296,穩定,4.15,5.18,1.03
L2_TIME_PERIOD,01F1960N_03F1991S,ALL,夜間,260,318,58,0.2230769230769231,穩定,4.33,5.3,0.97
L2_TIME_PERIOD,01F1960N_03F1991S,ALL,日間,270,318,48,0.17777777777777778,穩定,4.5,5.3,0.8
L2_TIME_PERIOD,01F1960N_03F1991S,ALL,早尖峰,260,300,40,0.15384615384615385,穩定,4.33,5.0,0.67
L2_TIME_PERIOD,01F1960N_03F1991S,ALL,晚尖峰,278,356,78,0.2805755395683453,普通,4.63,5.93,1.3
L2_TIME_PERIOD,01F1960S_01F2011S,ALL,凌晨,172,210,38,0.22093023255813954,穩定,2.87,3.5,0.63
L2_TIME_PERIOD,01F1960S_01F2011S,ALL,夜間,174,219,45,0.25862068965517243,普通,2.9,3.65,0.75
L2_TIME_PERIOD,01F1960S_01F2011S,ALL,日間,183,369,186,1.0163934426229508,高風險,3.05,6.15,3.1
L2_TIME_PERIOD,01F1960S_01F2011S,ALL,早尖峰,178,238,60,0.33707865168539325,普通,2.97,3.97,1.0
L2_TIME_PERIOD,01F1960S_01F2011S,ALL,晚尖峰,184,243,59,0.32065217391304346,普通,3.07,4.05,0.98
L2_TIME_PERIOD,01F2011N_01F1960N,ALL,凌晨,171,210,39,0.22807017543859648,穩定,2.85,3.5,0.65
L2_TIME_PERIOD,01F2011N_01F1960N,ALL,夜間,177,385,208,1.1751412429378532,高風險,2.95,6.42,3.47
L2_TIME_PERIOD,01F2011N_01F1960N,ALL,日間,182,272,90,0.4945054945054945,普通,3.03,4.53,1.5
L2_TIME_PERIOD,01F2011N_01F1960N,ALL,早尖峰,173,206,33,0.1907514450867052,穩定,2.88,3.43,0.55
L2_TIME_PERIOD,01F2011N_01F1960N,ALL,晚尖峰,195,463,268,1.3743589743589744,高風險,3.25,7.72,4.47
L2_TIME_PERIOD,01F2011S_01F2089S,ALL,凌晨,263,322,59,0.22433460076045628,穩定,4.38,5.37,0.98
L2_TIME_PERIOD,01F2011S_01F2089S,ALL,夜間,266,325,59,0.22180451127819548,穩定,4.43,5.42,0.98
L2_TIME_PERIOD,01F2011S_01F2089S,ALL,日間,282,749,467,1.6560283687943262,高風險,4.7,12.48,7.78
L2_TIME_PERIOD,01F2011S_01F2089S,ALL,早尖峰,271,323,52,0.1918819188191882,穩定,4.52,5.38,0.87
L2_TIME_PERIOD,01F2011S_01F2089S,ALL,晚尖峰,278,344,66,0.23741007194244604,穩定,4.63,5.73,1.1
L2_TIME_PERIOD,01F2011S_03F2194N,ALL,凌晨,2194,3276,1082,0.49316317228805834,普通,36.57,54.6,18.03
L2_TIME_PERIOD,01F2011S_03F2194N,ALL,夜間,2379,3300,921,0.3871374527112232,普通,39.65,55.0,15.35
L2_TIME_PERIOD,01F2011S_03F2194N,ALL,日間,2342,3302,960,0.4099060631938514,普通,39.03,55.03,16.0
L2_TIME_PERIOD,01F2011S_03F2194N,ALL,早尖峰,1861,3241,1380,0.7415368081676518,不穩定,31.02,54.02,23.0
L2_TIME_PERIOD,01F2011S_03F2194N,ALL,晚尖峰,2454,3330,876,0.3569682151589242,普通,40.9,55.5,14.6
L2_TIME_PERIOD,01F2011S_03F2235S,ALL,凌晨,999,2211,1212,1.2132132132132132,高風險,16.65,36.85,20.2
L2_TIME_PERIOD,01F2011S_03F2235S,ALL,夜間,1048,1694,646,0.6164122137404581,不穩定,17.47,28.23,10.77
L2_TIME_PERIOD,01F2011S_03F2235S,ALL,日間,1091,1972,881,0.8075160403299725,不穩定,18.18,32.87,14.68
L2_TIME_PERIOD,01F2011S_03F2235S,ALL,早尖峰,1053,1173,120,0.11396011396011396,穩定,17.55,19.55,2.0
L2_TIME_PERIOD,01F2011S_03F2235S,ALL,晚尖峰,1095,1751,656,0.5990867579908675,不穩定,18.25,29.18,10.93
L2_TIME_PERIOD,01F2089N_01F2011N,ALL,凌晨,263,322,59,0.22433460076045628,穩定,4.38,5.37,0.98
L2_TIME_PERIOD,01F2089N_01F2011N,ALL,夜間,271,491,220,0.8118081180811808,不穩定,4.52,8.18,3.67
L2_TIME_PERIOD,01F2089N_01F2011N,ALL,日間,280,384,104,0.37142857142857144,普通,4.67,6.4,1.73
L2_TIME_PERIOD,01F2089N_01F2011N,ALL,早尖峰,267,316,49,0.18352059925093633,穩定,4.45,5.27,0.82
L2_TIME_PERIOD,01F2089N_01F2011N,ALL,晚尖峰,301,769,468,1.5548172757475083,高風險,5.02,12.82,7.8
L2_TIME_PERIOD,01F2089N_03F2194N,ALL,凌晨,908,1094,186,0.20484581497797358,穩定,15.13,18.23,3.1
L2_TIME_PERIOD,01F2089N_03F2194N,ALL,夜間,929,1042,113,0.1216361679224973,穩定,15.48,17.37,1.88
L2_TIME_PERIOD,01F2089N_03F2194N,ALL,日間,951,1057,106,0.11146161934805468,穩定,15.85,17.62,1.77
L2_TIME_PERIOD,01F2089N_03F2194N,ALL,早尖峰,936,1034,98,0.1047008547008547,穩定,15.6,17.23,1.63
L2_TIME_PERIOD,01F2089N_03F2194N,ALL,晚尖峰,965,1155,190,0.19689119170984457,穩定,16.08,19.25,3.17
L2_TIME_PERIOD,01F2089N_03F2235S,ALL,凌晨,804,1281,477,0.5932835820895522,不穩定,13.4,21.35,7.95
L2_TIME_PERIOD,01F2089N_03F2235S,ALL,夜間,820,990,170,0.2073170731707317,穩定,13.67,16.5,2.83
L2_TIME_PERIOD,01F2089N_03F2235S,ALL,日間,848,1092,244,0.28773584905660377,普通,14.13,18.2,4.07
L2_TIME_PERIOD,01F2089N_03F2235S,ALL,早尖峰,834,946,112,0.1342925659472422,穩定,13.9,15.77,1.87
L2_TIME_PERIOD,01F2089N_03F2235S,ALL,晚尖峰,856,1081,225,0.2628504672897196,普通,14.27,18.02,3.75
L2_TIME_PERIOD,01F2089S_01F2156S,ALL,凌晨,224,275,51,0.22767857142857142,穩定,3.73,4.58,0.85
L2_TIME_PERIOD,01F2089S_01F2156S,ALL,夜間,225,278,53,0.23555555555555555,穩定,3.75,4.63,0.88
L2_TIME_PERIOD,01F2089S_01F2156S,ALL,日間,239,489,250,1.0460251046025104,高風險,3.98,8.15,4.17
L2_TIME_PERIOD,01F2089S_01F2156S,ALL,早尖峰,230,280,50,0.21739130434782608,穩定,3.83,4.67,0.83
L2_TIME_PERIOD,01F2089S_01F2156S,ALL,晚尖峰,236,322,86,0.3644067796610169,普通,3.93,5.37,1.43
L2_TIME_PERIOD,01F2156N_01F2089N,ALL,凌晨,223,276,53,0.23766816143497757,穩定,3.72,4.6,0.88
L2_TIME_PERIOD,01F2156N_01F2089N,ALL,夜間,230,533,303,1.317391304347826,高風險,3.83,8.88,5.05
L2_TIME_PERIOD,01F2156N_01F2089N,ALL,日間,237,374,137,0.5780590717299579,不穩定,3.95,6.23,2.28
L2_TIME_PERIOD,01F2156N_01F2089N,ALL,早尖峰,223,269,46,0.2062780269058296,穩定,3.72,4.48,0.77
L2_TIME_PERIOD,01F2156N_01F2089N,ALL,晚尖峰,254,687,433,1.704724409448819,高風險,4.23,11.45,7.22
L2_TIME_PERIOD,01F2156S_01F2249S,ALL,凌晨,313,406,93,0.2971246006389776,普通,5.22,6.77,1.55
L2_TIME_PERIOD,01F2156S_01F2249S,ALL,夜間,311,396,85,0.2733118971061093,普通,5.18,6.6,1.42
L2_TIME_PERIOD,01F2156S_01F2249S,ALL,日間,325,432,107,0.3292307692307692,普通,5.42,7.2,1.78
L2_TIME_PERIOD,01F2156S_01F2249S,ALL,早尖峰,313,382,69,0.22044728434504793,穩定,5.22,6.37,1.15
L2_TIME_PERIOD,01F2156S_01F2249S,ALL,晚尖峰,320,397,77,0.240625,穩定,5.33,6.62,1.28
L2_TIME_PERIOD,01F2249N_01F2156N,ALL,凌晨,311,450,139,0.44694533762057875,普通,5.18,7.5,2.32
L2_TIME_PERIOD,01F2249N_01F2156N,ALL,夜間,314,496,182,0.5796178343949044,不穩定,5.23,8.27,3.03
L2_TIME_PERIOD,01F2249N_01F2156N,ALL,日間,321,560,239,0.7445482866043613,不穩定,5.35,9.33,3.98
L2_TIME_PERIOD,01F2249N_01F2156N,ALL,早尖峰,304,406,102,0.3355263157894737,普通,5.07,6.77,1.7
L2_TIME_PERIOD,01F2249N_01F2156N,ALL,晚尖峰,339,802,463,1.3657817109144543,高風險,5.65,13.37,7.72
L2_TIME_PERIOD,01F2249S_01F2322S,ALL,凌晨,252,309,57,0.2261904761904762,穩定,4.2,5.15,0.95
L2_TIME_PERIOD,01F2249S_01F2322S,ALL,夜間,247,309,62,0.25101214574898784,普通,4.12,5.15,1.03
L2_TIME_PERIOD,01F2249S_01F2322S,ALL,日間,259,331,72,0.277992277992278,普通,4.32,5.52,1.2
L2_TIME_PERIOD,01F2249S_01F2322S,ALL,早尖峰,249,300,51,0.20481927710843373,穩定,4.15,5.0,0.85
L2_TIME_PERIOD,01F2249S_01F2322S,ALL,晚尖峰,254,315,61,0.24015748031496062,穩定,4.23,5.25,1.02
L2_TIME_PERIOD,01F2322N_01F2249N,ALL,凌晨,253,309,56,0.22134387351778656,穩定,4.22,5.15,0.93
L2_TIME_PERIOD,01F2322N_01F2249N,ALL,夜間,251,317,66,0.26294820717131473,普通,4.18,5.28,1.1
L2_TIME_PERIOD,01F2322N_01F2249N,ALL,日間,259,334,75,0.28957528957528955,普通,4.32,5.57,1.25
L2_TIME_PERIOD,01F2322N_01F2249N,ALL,早尖峰,244,303,59,0.24180327868852458,穩定,4.07,5.05,0.98
L2_TIME_PERIOD,01F2322N_01F2249N,ALL,晚尖峰,267,404,137,0.5131086142322098,不穩定,4.45,6.73,2.28
L2_TIME_PERIOD,01F2322S_01F2394S,ALL,凌晨,243,298,55,0.22633744855967078,穩定,4.05,4.97,0.92
L2_TIME_PERIOD,01F2322S_01F2394S,ALL,夜間,240,296,56,0.23333333333333334,穩定,4.0,4.93,0.93
L2_TIME_PERIOD,01F2322S_01F2394S,ALL,日間,249,299,50,0.20080321285140562,穩定,4.15,4.98,0.83
L2_TIME_PERIOD,01F2322S_01F2394S,ALL,早尖峰,242,287,45,0.1859504132231405,穩定,4.03,4.78,0.75
L2_TIME_PERIOD,01F2322S_01F2394S,ALL,晚尖峰,248,301,53,0.21370967741935484,穩定,4.13,5.02,0.88
L2_TIME_PERIOD,01F2394N_01F2322N,ALL,凌晨,244,299,55,0.22540983606557377,穩定,4.07,4.98,0.92
L2_TIME_PERIOD,01F2394N_01F2322N,ALL,夜間,243,307,64,0.26337448559670784,普通,4.05,5.12,1.07
L2_TIME_PERIOD,01F2394N_01F2322N,ALL,日間,249,313,64,0.2570281124497992,普通,4.15,5.22,1.07
L2_TIME_PERIOD,01F2394N_01F2322N,ALL,早尖峰,237,290,53,0.22362869198312235,穩定,3.95,4.83,0.88
L2_TIME_PERIOD,01F2394N_01F2322N,ALL,晚尖峰,255,449,194,0.7607843137254902,不穩定,4.25,7.48,3.23
L2_TIME_PERIOD,01F2394S_01F2425S,ALL,凌晨,104,128,24,0.23076923076923078,穩定,1.73,2.13,0.4
L2_TIME_PERIOD,01F2394S_01F2425S,ALL,夜間,102,126,24,0.23529411764705882,穩定,1.7,2.1,0.4
L2_TIME_PERIOD,01F2394S_01F2425S,ALL,日間,105,124,19,0.18095238095238095,穩定,1.75,2.07,0.32
L2_TIME_PERIOD,01F2394S_01F2425S,ALL,早尖峰,102,122,20,0.19607843137254902,穩定,1.7,2.03,0.33
L2_TIME_PERIOD,01F2394S_01F2425S,ALL,晚尖峰,105,126,21,0.2,穩定,1.75,2.1,0.35
L2_TIME_PERIOD,01F2425N_01F2394N,ALL,凌晨,104,129,25,0.2403846153846154,穩定,1.73,2.15,0.42
L2_TIME_PERIOD,01F2425N_01F2394N,ALL,夜間,103,129,26,0.2524271844660194,普通,1.72,2.15,0.43
L2_TIME_PERIOD,01F2425N_01F2394N,ALL,日間,105,130,25,0.23809523809523808,穩定,1.75,2.17,0.42
L2_TIME_PERIOD,01F2425N_01F2394N,ALL,早尖峰,101,125,24,0.2376237623762376,穩定,1.68,2.08,0.4
L2_TIME_PERIOD,01F2425N_01F2394N,ALL,晚尖峰,107,292,185,1.7289719626168225,高風險,1.78,4.87,3.08
L2_TIME_PERIOD,01F2425S_01F2472S,ALL,凌晨,166,218,52,0.3132530120481928,普通,2.77,3.63,0.87
L2_TIME_PERIOD,01F2425S_01F2472S,ALL,夜間,154,200,46,0.2987012987012987,普通,2.57,3.33,0.77
L2_TIME_PERIOD,01F2425S_01F2472S,ALL,日間,160,219,59,0.36875,普通,2.67,3.65,0.98
L2_TIME_PERIOD,01F2425S_01F2472S,ALL,早尖峰,155,198,43,0.27741935483870966,普通,2.58,3.3,0.72
L2_TIME_PERIOD,01F2425S_01F2472S,ALL,晚尖峰,159,209,50,0.31446540880503143,普通,2.65,3.48,0.83
L2_TIME_PERIOD,01F2425S_03F2614N,ALL,凌晨,875,2299,1424,1.6274285714285714,高風險,14.58,38.32,23.73
L2_TIME_PERIOD,01F2425S_03F2614N,ALL,夜間,868,2144,1276,1.4700460829493087,高風險,14.47,35.73,21.27
L2_TIME_PERIOD,01F2425S_03F2614N,ALL,日間,881,2088,1207,1.3700340522133938,高風險,14.68,34.8,20.12
L2_TIME_PERIOD,01F2425S_03F2614N,ALL,早尖峰,849,1235,386,0.4546525323910483,普通,14.15,20.58,6.43
L2_TIME_PERIOD,01F2425S_03F2614N,ALL,晚尖峰,870,1940,1070,1.2298850574712643,高風險,14.5,32.33,17.83
L2_TIME_PERIOD,01F2425S_03F2709S,ALL,凌晨,667,858,191,0.2863568215892054,普通,11.12,14.3,3.18
L2_TIME_PERIOD,01F2425S_03F2709S,ALL,夜間,646,834,188,0.29102167182662536,普通,10.77,13.9,3.13
L2_TIME_PERIOD,01F2425S_03F2709S,ALL,日間,653,758,105,0.16079632465543645,穩定,10.88,12.63,1.75
L2_TIME_PERIOD,01F2425S_03F2709S,ALL,早尖峰,644,763,119,0.18478260869565216,穩定,10.73,12.72,1.98
L2_TIME_PERIOD,01F2425S_03F2709S,ALL,晚尖峰,649,772,123,0.18952234206471494,穩定,10.82,12.87,2.05
L2_TIME_PERIOD,01F2472N_01F2425N,ALL,凌晨,174,278,104,0.5977011494252874,不穩定,2.9,4.63,1.73
L2_TIME_PERIOD,01F2472N_01F2425N,ALL,夜間,158,260,102,0.6455696202531646,不穩定,2.63,4.33,1.7
L2_TIME_PERIOD,01F2472N_01F2425N,ALL,日間,161,246,85,0.5279503105590062,不穩定,2.68,4.1,1.42
L2_TIME_PERIOD,01F2472N_01F2425N,ALL,早尖峰,155,239,84,0.5419354838709678,不穩定,2.58,3.98,1.4
L2_TIME_PERIOD,01F2472N_01F2425N,ALL,晚尖峰,164,290,126,0.7682926829268293,不穩定,2.73,4.83,2.1
L2_TIME_PERIOD,01F2472N_03F2614N,ALL,凌晨,920,1236,316,0.34347826086956523,普通,15.33,20.6,5.27
L2_TIME_PERIOD,01F2472N_03F2614N,ALL,夜間,882,1112,230,0.26077097505668934,普通,14.7,18.53,3.83
L2_TIME_PERIOD,01F2472N_03F2614N,ALL,日間,886,1081,195,0.2200902934537246,穩定,14.77,18.02,3.25
L2_TIME_PERIOD,01F2472N_03F2614N,ALL,早尖峰,880,1120,240,0.2727272727272727,普通,14.67,18.67,4.0
L2_TIME_PERIOD,01F2472N_03F2614N,ALL,晚尖峰,889,1123,234,0.26321709786276715,普通,14.82,18.72,3.9
L2_TIME_PERIOD,01F2472N_03F2709S,ALL,凌晨,1524,3225,1701,1.1161417322834646,高風險,25.4,53.75,28.35
L2_TIME_PERIOD,01F2472N_03F2709S,ALL,夜間,1319,3164,1845,1.398786959818044,高風險,21.98,52.73,30.75
L2_TIME_PERIOD,01F2472N_03F2709S,ALL,日間,832,3220,2388,2.8701923076923075,高風險,13.87,53.67,39.8
L2_TIME_PERIOD,01F2472N_03F2709S,ALL,早尖峰,752,3092,2340,3.1117021276595747,高風險,12.53,51.53,39.0
L2_TIME_PERIOD,01F2472N_03F2709S,ALL,晚尖峰,1646,3277,1631,0.9908869987849331,不穩定,27.43,54.62,27.18
L2_TIME_PERIOD,01F2472S_01F2514S,ALL,凌晨,140,175,35,0.25,普通,2.33,2.92,0.58
L2_TIME_PERIOD,01F2472S_01F2514S,ALL,夜間,142,174,32,0.22535211267605634,穩定,2.37,2.9,0.53
L2_TIME_PERIOD,01F2472S_01F2514S,ALL,日間,147,178,31,0.2108843537414966,穩定,2.45,2.97,0.52
L2_TIME_PERIOD,01F2472S_01F2514S,ALL,早尖峰,142,170,28,0.19718309859154928,穩定,2.37,2.83,0.47
L2_TIME_PERIOD,01F2472S_01F2514S,ALL,晚尖峰,147,178,31,0.2108843537414966,穩定,2.45,2.97,0.52
L2_TIME_PERIOD,01F2514N_01F2472N,ALL,凌晨,140,177,37,0.2642857142857143,普通,2.33,2.95,0.62
L2_TIME_PERIOD,01F2514N_01F2472N,ALL,夜間,142,176,34,0.23943661971830985,穩定,2.37,2.93,0.57
L2_TIME_PERIOD,01F2514N_01F2472N,ALL,日間,146,182,36,0.2465753424657534,穩定,2.43,3.03,0.6
L2_TIME_PERIOD,01F2514N_01F2472N,ALL,早尖峰,140,173,33,0.2357142857142857,穩定,2.33,2.88,0.55
L2_TIME_PERIOD,01F2514N_01F2472N,ALL,晚尖峰,148,217,69,0.46621621621621623,普通,2.47,3.62,1.15
L2_TIME_PERIOD,01F2514S_01F2603S,ALL,凌晨,300,370,70,0.23333333333333334,穩定,5.0,6.17,1.17
L2_TIME_PERIOD,01F2514S_01F2603S,ALL,夜間,296,369,73,0.24662162162162163,穩定,4.93,6.15,1.22
L2_TIME_PERIOD,01F2514S_01F2603S,ALL,日間,303,362,59,0.19471947194719472,穩定,5.05,6.03,0.98
L2_TIME_PERIOD,01F2514S_01F2603S,ALL,早尖峰,294,356,62,0.2108843537414966,穩定,4.9,5.93,1.03
L2_TIME_PERIOD,01F2514S_01F2603S,ALL,晚尖峰,305,366,61,0.2,穩定,5.08,6.1,1.02
L2_TIME_PERIOD,01F2603N_01F2514N,ALL,凌晨,302,371,69,0.22847682119205298,穩定,5.03,6.18,1.15
L2_TIME_PERIOD,01F2603N_01F2514N,ALL,夜間,298,370,72,0.24161073825503357,穩定,4.97,6.17,1.2
L2_TIME_PERIOD,01F2603N_01F2514N,ALL,日間,304,370,66,0.21710526315789475,穩定,5.07,6.17,1.1
L2_TIME_PERIOD,01F2603N_01F2514N,ALL,早尖峰,294,360,66,0.22448979591836735,穩定,4.9,6.0,1.1
L2_TIME_PERIOD,01F2603N_01F2514N,ALL,晚尖峰,307,407,100,0.3257328990228013,普通,5.12,6.78,1.67
L2_TIME_PERIOD,01F2603S_01F2674S,ALL,凌晨,243,297,54,0.2222222222222222,穩定,4.05,4.95,0.9
L2_TIME_PERIOD,01F2603S_01F2674S,ALL,夜間,237,296,59,0.2489451476793249,穩定,3.95,4.93,0.98
L2_TIME_PERIOD,01F2603S_01F2674S,ALL,日間,242,289,47,0.19421487603305784,穩定,4.03,4.82,0.78
L2_TIME_PERIOD,01F2603S_01F2674S,ALL,早尖峰,237,285,48,0.20253164556962025,穩定,3.95,4.75,0.8
L2_TIME_PERIOD,01F2603S_01F2674S,ALL,晚尖峰,243,293,50,0.205761316872428,穩定,4.05,4.88,0.83
L2_TIME_PERIOD,01F2674N_01F2603N,ALL,凌晨,248,299,51,0.2056451612903226,穩定,4.13,4.98,0.85
L2_TIME_PERIOD,01F2674N_01F2603N,ALL,夜間,240,299,59,0.24583333333333332,穩定,4.0,4.98,0.98
L2_TIME_PERIOD,01F2674N_01F2603N,ALL,日間,244,297,53,0.21721311475409835,穩定,4.07,4.95,0.88
L2_TIME_PERIOD,01F2674N_01F2603N,ALL,早尖峰,237,290,53,0.22362869198312235,穩定,3.95,4.83,0.88
L2_TIME_PERIOD,01F2674N_01F2603N,ALL,晚尖峰,247,309,62,0.25101214574898784,普通,4.12,5.15,1.03
L2_TIME_PERIOD,01F2674S_01F2714S,ALL,凌晨,138,169,31,0.2246376811594203,穩定,2.3,2.82,0.52
L2_TIME_PERIOD,01F2674S_01F2714S,ALL,夜間,135,168,33,0.24444444444444444,穩定,2.25,2.8,0.55
L2_TIME_PERIOD,01F2674S_01F2714S,ALL,日間,137,165,28,0.20437956204379562,穩定,2.28,2.75,0.47
L2_TIME_PERIOD,01F2674S_01F2714S,ALL,早尖峰,135,163,28,0.2074074074074074,穩定,2.25,2.72,0.47
L2_TIME_PERIOD,01F2674S_01F2714S,ALL,晚尖峰,138,167,29,0.21014492753623187,穩定,2.3,2.78,0.48
L2_TIME_PERIOD,01F2714N_01F2674N,ALL,凌晨,139,169,30,0.2158273381294964,穩定,2.32,2.82,0.5
L2_TIME_PERIOD,01F2714N_01F2674N,ALL,夜間,135,167,32,0.23703703703703705,穩定,2.25,2.78,0.53
L2_TIME_PERIOD,01F2714N_01F2674N,ALL,日間,138,166,28,0.2028985507246377,穩定,2.3,2.77,0.47
L2_TIME_PERIOD,01F2714N_01F2674N,ALL,早尖峰,134,165,31,0.23134328358208955,穩定,2.23,2.75,0.52
L2_TIME_PERIOD,01F2714N_01F2674N,ALL,晚尖峰,139,169,30,0.2158273381294964,穩定,2.32,2.82,0.5
L2_TIME_PERIOD,01F2714S_01F2827S,ALL,凌晨,385,507,122,0.3168831168831169,普通,6.42,8.45,2.03
L2_TIME_PERIOD,01F2714S_01F2827S,ALL,夜間,377,487,110,0.2917771883289125,普通,6.28,8.12,1.83
L2_TIME_PERIOD,01F2714S_01F2827S,ALL,日間,382,476,94,0.24607329842931938,穩定,6.37,7.93,1.57
L2_TIME_PERIOD,01F2714S_01F2827S,ALL,早尖峰,374,475,101,0.2700534759358289,普通,6.23,7.92,1.68
L2_TIME_PERIOD,01F2714S_01F2827S,ALL,晚尖峰,386,492,106,0.27461139896373055,普通,6.43,8.2,1.77
L2_TIME_PERIOD,01F2714S_03F2985N,ALL,凌晨,633,2320,1687,2.665086887835703,高風險,10.55,38.67,28.12
L2_TIME_PERIOD,01F2714S_03F2985N,ALL,夜間,635,2005,1370,2.15748031496063,高風險,10.58,33.42,22.83
L2_TIME_PERIOD,01F2714S_03F2985N,ALL,日間,652,2280,1628,2.496932515337423,高風險,10.87,38.0,27.13
L2_TIME_PERIOD,01F2714S_03F2985N,ALL,早尖峰,631,1588,957,1.5166402535657686,高風險,10.52,26.47,15.95
L2_TIME_PERIOD,01F2714S_03F2985N,ALL,晚尖峰,646,1931,1285,1.9891640866873066,高風險,10.77,32.18,21.42
L2_TIME_PERIOD,01F2714S_03F3101S,ALL,凌晨,926,1253,327,0.3531317494600432,普通,15.43,20.88,5.45
L2_TIME_PERIOD,01F2714S_03F3101S,ALL,夜間,881,1194,313,0.35527809307604996,普通,14.68,19.9,5.22
L2_TIME_PERIOD,01F2714S_03F3101S,ALL,日間,888,1165,277,0.3119369369369369,普通,14.8,19.42,4.62
L2_TIME_PERIOD,01F2714S_03F3101S,ALL,早尖峰,882,1127,245,0.2777777777777778,普通,14.7,18.78,4.08
L2_TIME_PERIOD,01F2714S_03F3101S,ALL,晚尖峰,889,1130,241,0.27109111361079863,普通,14.82,18.83,4.02
L2_TIME_PERIOD,01F2827N_01F2714N,ALL,凌晨,390,536,146,0.37435897435897436,普通,6.5,8.93,2.43
L2_TIME_PERIOD,01F2827N_01F2714N,ALL,夜間,375,503,128,0.3413333333333333,普通,6.25,8.38,2.13
L2_TIME_PERIOD,01F2827N_01F2714N,ALL,日間,383,488,105,0.2741514360313316,普通,6.38,8.13,1.75
L2_TIME_PERIOD,01F2827N_01F2714N,ALL,早尖峰,373,496,123,0.3297587131367292,普通,6.22,8.27,2.05
L2_TIME_PERIOD,01F2827N_01F2714N,ALL,晚尖峰,383,497,114,0.29765013054830286,普通,6.38,8.28,1.9
L2_TIME_PERIOD,01F2827N_03F2985N,ALL,凌晨,884,1187,303,0.3427601809954751,普通,14.73,19.78,5.05
L2_TIME_PERIOD,01F2827N_03F2985N,ALL,夜間,879,1127,248,0.2821387940841866,普通,14.65,18.78,4.13
L2_TIME_PERIOD,01F2827N_03F2985N,ALL,日間,893,1085,192,0.21500559910414332,穩定,14.88,18.08,3.2
L2_TIME_PERIOD,01F2827N_03F2985N,ALL,早尖峰,867,1068,201,0.23183391003460208,穩定,14.45,17.8,3.35
L2_TIME_PERIOD,01F2827N_03F2985N,ALL,晚尖峰,892,1075,183,0.20515695067264575,穩定,14.87,17.92,3.05
L2_TIME_PERIOD,01F2827N_03F3101S,ALL,凌晨,1287,3185,1898,1.4747474747474747,高風險,21.45,53.08,31.63
L2_TIME_PERIOD,01F2827N_03F3101S,ALL,夜間,1965,3285,1320,0.6717557251908397,不穩定,32.75,54.75,22.0
L2_TIME_PERIOD,01F2827N_03F3101S,ALL,日間,1353,3276,1923,1.4212860310421287,高風險,22.55,54.6,32.05
L2_TIME_PERIOD,01F2827N_03F3101S,ALL,早尖峰,1380,3272,1892,1.3710144927536232,高風險,23.0,54.53,31.53
L2_TIME_PERIOD,01F2827N_03F3101S,ALL,晚尖峰,1758,3238,1480,0.8418657565415245,不穩定,29.3,53.97,24.67
L2_TIME_PERIOD,01F2827S_01F2866S,ALL,凌晨,134,165,31,0.23134328358208955,穩定,2.23,2.75,0.52
L2_TIME_PERIOD,01F2827S_01F2866S,ALL,夜間,132,163,31,0.23484848484848486,穩定,2.2,2.72,0.52
L2_TIME_PERIOD,01F2827S_01F2866S,ALL,日間,135,161,26,0.1925925925925926,穩定,2.25,2.68,0.43
L2_TIME_PERIOD,01F2827S_01F2866S,ALL,早尖峰,131,159,28,0.21374045801526717,穩定,2.18,2.65,0.47
L2_TIME_PERIOD,01F2827S_01F2866S,ALL,晚尖峰,136,166,30,0.22058823529411764,穩定,2.27,2.77,0.5
L2_TIME_PERIOD,01F2866N_01F2827N,ALL,凌晨,133,165,32,0.24060150375939848,穩定,2.22,2.75,0.53
L2_TIME_PERIOD,01F2866N_01F2827N,ALL,夜間,131,162,31,0.2366412213740458,穩定,2.18,2.7,0.52
L2_TIME_PERIOD,01F2866N_01F2827N,ALL,日間,134,163,29,0.21641791044776118,穩定,2.23,2.72,0.48
L2_TIME_PERIOD,01F2866N_01F2827N,ALL,早尖峰,129,161,32,0.24806201550387597,穩定,2.15,2.68,0.53
L2_TIME_PERIOD,01F2866N_01F2827N,ALL,晚尖峰,133,165,32,0.24060150375939848,穩定,2.22,2.75,0.53
L2_TIME_PERIOD,01F2866S_01F2930S,ALL,凌晨,214,268,54,0.2523364485981308,普通,3.57,4.47,0.9
L2_TIME_PERIOD,01F2866S_01F2930S,ALL,夜間,211,270,59,0.2796208530805687,普通,3.52,4.5,0.98
L2_TIME_PERIOD,01F2866S_01F2930S,ALL,日間,214,261,47,0.21962616822429906,穩定,3.57,4.35,0.78
L2_TIME_PERIOD,01F2866S_01F2930S,ALL,早尖峰,209,257,48,0.22966507177033493,穩定,3.48,4.28,0.8
L2_TIME_PERIOD,01F2866S_01F2930S,ALL,晚尖峰,217,281,64,0.29493087557603687,普通,3.62,4.68,1.07
L2_TIME_PERIOD,01F2930N_01F2866N,ALL,凌晨,217,268,51,0.2350230414746544,穩定,3.62,4.47,0.85
L2_TIME_PERIOD,01F2930N_01F2866N,ALL,夜間,213,266,53,0.24882629107981222,穩定,3.55,4.43,0.88
L2_TIME_PERIOD,01F2930N_01F2866N,ALL,日間,218,264,46,0.21100917431192662,穩定,3.63,4.4,0.77
L2_TIME_PERIOD,01F2930N_01F2866N,ALL,早尖峰,211,261,50,0.23696682464454977,穩定,3.52,4.35,0.83
L2_TIME_PERIOD,01F2930N_01F2866N,ALL,晚尖峰,218,267,49,0.22477064220183487,穩定,3.63,4.45,0.82
L2_TIME_PERIOD,01F2930S_01F3019S,ALL,凌晨,299,372,73,0.24414715719063546,穩定,4.98,6.2,1.22
L2_TIME_PERIOD,01F2930S_01F3019S,ALL,夜間,300,390,90,0.3,普通,5.0,6.5,1.5
L2_TIME_PERIOD,01F2930S_01F3019S,ALL,日間,306,369,63,0.20588235294117646,穩定,5.1,6.15,1.05
L2_TIME_PERIOD,01F2930S_01F3019S,ALL,早尖峰,297,361,64,0.21548821548821548,穩定,4.95,6.02,1.07
L2_TIME_PERIOD,01F2930S_01F3019S,ALL,晚尖峰,313,579,266,0.8498402555910544,不穩定,5.22,9.65,4.43
L2_TIME_PERIOD,01F2930S_03F3307N,ALL,凌晨,1621,3310,1689,1.0419494139420111,高風險,27.02,55.17,28.15
L2_TIME_PERIOD,01F2930S_03F3307N,ALL,夜間,1558,3288,1730,1.110397946084724,高風險,25.97,54.8,28.83
L2_TIME_PERIOD,01F2930S_03F3307N,ALL,日間,1482,3316,1834,1.2375168690958165,高風險,24.7,55.27,30.57
L2_TIME_PERIOD,01F2930S_03F3307N,ALL,早尖峰,1304,3288,1984,1.521472392638037,高風險,21.73,54.8,33.07
L2_TIME_PERIOD,01F2930S_03F3307N,ALL,晚尖峰,1759,3333,1574,0.8948266060261513,不穩定,29.32,55.55,26.23
L2_TIME_PERIOD,01F2930S_03F3392S,ALL,凌晨,1037,1687,650,0.626808100289296,不穩定,17.28,28.12,10.83
L2_TIME_PERIOD,01F2930S_03F3392S,ALL,夜間,994,1553,559,0.562374245472837,不穩定,16.57,25.88,9.32
L2_TIME_PERIOD,01F2930S_03F3392S,ALL,日間,1005,1517,512,0.5094527363184079,不穩定,16.75,25.28,8.53
L2_TIME_PERIOD,01F2930S_03F3392S,ALL,早尖峰,988,1235,247,0.25,普通,16.47,20.58,4.12
L2_TIME_PERIOD,01F2930S_03F3392S,ALL,晚尖峰,1001,1675,674,0.6733266733266733,不穩定,16.68,27.92,11.23
L2_TIME_PERIOD,01F3019N_01F2930N,ALL,凌晨,301,374,73,0.2425249169435216,穩定,5.02,6.23,1.22
L2_TIME_PERIOD,01F3019N_01F2930N,ALL,夜間,301,370,69,0.2292358803986711,穩定,5.02,6.17,1.15
L2_TIME_PERIOD,01F3019N_01F2930N,ALL,日間,312,373,61,0.1955128205128205,穩定,5.2,6.22,1.02
L2_TIME_PERIOD,01F3019N_01F2930N,ALL,早尖峰,301,366,65,0.2159468438538206,穩定,5.02,6.1,1.08
L2_TIME_PERIOD,01F3019N_01F2930N,ALL,晚尖峰,311,376,65,0.2090032154340836,穩定,5.18,6.27,1.08
L2_TIME_PERIOD,01F3019N_03F3307N,ALL,凌晨,863,1247,384,0.44495944380069524,普通,14.38,20.78,6.4
L2_TIME_PERIOD,01F3019N_03F3307N,ALL,夜間,832,1245,413,0.4963942307692308,普通,13.87,20.75,6.88
L2_TIME_PERIOD,01F3019N_03F3307N,ALL,日間,848,1263,415,0.4893867924528302,普通,14.13,21.05,6.92
L2_TIME_PERIOD,01F3019N_03F3307N,ALL,早尖峰,831,1057,226,0.2719614921780987,普通,13.85,17.62,3.77
L2_TIME_PERIOD,01F3019N_03F3307N,ALL,晚尖峰,834,1300,466,0.5587529976019184,不穩定,13.9,21.67,7.77
L2_TIME_PERIOD,01F3019N_03F3392S,ALL,凌晨,968,2906,1938,2.0020661157024793,高風險,16.13,48.43,32.3
L2_TIME_PERIOD,01F3019N_03F3392S,ALL,夜間,899,3102,2203,2.4505005561735262,高風險,14.98,51.7,36.72
L2_TIME_PERIOD,01F3019N_03F3392S,ALL,日間,959,3240,2281,2.37851929092805,高風險,15.98,54.0,38.02
L2_TIME_PERIOD,01F3019N_03F3392S,ALL,早尖峰,816,3022,2206,2.7034313725490198,高風險,13.6,50.37,36.77
L2_TIME_PERIOD,01F3019N_03F3392S,ALL,晚尖峰,891,3146,2255,2.5308641975308643,高風險,14.85,52.43,37.58
L2_TIME_PERIOD,01F3019S_01F3083S,ALL,凌晨,214,270,56,0.2616822429906542,普通,3.57,4.5,0.93
L2_TIME_PERIOD,01F3019S_01F3083S,ALL,夜間,216,294,78,0.3611111111111111,普通,3.6,4.9,1.3
L2_TIME_PERIOD,01F3019S_01F3083S,ALL,日間,223,279,56,0.25112107623318386,普通,3.72,4.65,0.93
L2_TIME_PERIOD,01F3019S_01F3083S,ALL,早尖峰,216,262,46,0.21296296296296297,穩定,3.6,4.37,0.77
L2_TIME_PERIOD,01F3019S_01F3083S,ALL,晚尖峰,231,527,296,1.2813852813852813,高風險,3.85,8.78,4.93
L2_TIME_PERIOD,01F3083N_01F3019N,ALL,凌晨,215,270,55,0.2558139534883721,普通,3.58,4.5,0.92
L2_TIME_PERIOD,01F3083N_01F3019N,ALL,夜間,216,270,54,0.25,普通,3.6,4.5,0.9
L2_TIME_PERIOD,01F3083N_01F3019N,ALL,日間,228,272,44,0.19298245614035087,穩定,3.8,4.53,0.73
L2_TIME_PERIOD,01F3083N_01F3019N,ALL,早尖峰,218,263,45,0.20642201834862386,穩定,3.63,4.38,0.75
L2_TIME_PERIOD,01F3083N_01F3019N,ALL,晚尖峰,226,274,48,0.21238938053097345,穩定,3.77,4.57,0.8
L2_TIME_PERIOD,01F3083S_01F3126S,ALL,凌晨,141,179,38,0.2695035460992908,普通,2.35,2.98,0.63
L2_TIME_PERIOD,01F3083S_01F3126S,ALL,夜間,144,195,51,0.3541666666666667,普通,2.4,3.25,0.85
L2_TIME_PERIOD,01F3083S_01F3126S,ALL,日間,149,186,37,0.2483221476510067,穩定,2.48,3.1,0.62
L2_TIME_PERIOD,01F3083S_01F3126S,ALL,早尖峰,143,176,33,0.23076923076923078,穩定,2.38,2.93,0.55
L2_TIME_PERIOD,01F3083S_01F3126S,ALL,晚尖峰,159,338,179,1.1257861635220126,高風險,2.65,5.63,2.98
L2_TIME_PERIOD,01F3126N_01F3083N,ALL,凌晨,143,180,37,0.25874125874125875,普通,2.38,3.0,0.62
L2_TIME_PERIOD,01F3126N_01F3083N,ALL,夜間,146,179,33,0.22602739726027396,穩定,2.43,2.98,0.55
L2_TIME_PERIOD,01F3126N_01F3083N,ALL,日間,156,198,42,0.2692307692307692,普通,2.6,3.3,0.7
L2_TIME_PERIOD,01F3126N_01F3083N,ALL,早尖峰,151,177,26,0.17218543046357615,穩定,2.52,2.95,0.43
L2_TIME_PERIOD,01F3126N_01F3083N,ALL,晚尖峰,153,184,31,0.20261437908496732,穩定,2.55,3.07,0.52
L2_TIME_PERIOD,01F3126S_01F3185S,ALL,凌晨,201,263,62,0.30845771144278605,普通,3.35,4.38,1.03
L2_TIME_PERIOD,01F3126S_01F3185S,ALL,夜間,212,347,135,0.6367924528301887,不穩定,3.53,5.78,2.25
L2_TIME_PERIOD,01F3126S_01F3185S,ALL,日間,218,307,89,0.40825688073394495,普通,3.63,5.12,1.48
L2_TIME_PERIOD,01F3126S_01F3185S,ALL,早尖峰,208,253,45,0.21634615384615385,穩定,3.47,4.22,0.75
L2_TIME_PERIOD,01F3126S_01F3185S,ALL,晚尖峰,265,627,362,1.3660377358490565,高風險,4.42,10.45,6.03
L2_TIME_PERIOD,01F3126S_03F3445N,ALL,凌晨,2330,3315,985,0.4227467811158798,普通,38.83,55.25,16.42
L2_TIME_PERIOD,01F3126S_03F3445N,ALL,夜間,2273,3314,1041,0.4579850417949846,普通,37.88,55.23,17.35
L2_TIME_PERIOD,01F3126S_03F3445N,ALL,日間,2234,3325,1091,0.4883616830796777,普通,37.23,55.42,18.18
L2_TIME_PERIOD,01F3126S_03F3445N,ALL,早尖峰,1658,3276,1618,0.9758745476477684,不穩定,27.63,54.6,26.97
L2_TIME_PERIOD,01F3126S_03F3445N,ALL,晚尖峰,2246,3330,1084,0.4826357969723954,普通,37.43,55.5,18.07
L2_TIME_PERIOD,01F3126S_03F3496S,ALL,凌晨,588,714,126,0.21428571428571427,穩定,9.8,11.9,2.1
L2_TIME_PERIOD,01F3126S_03F3496S,ALL,夜間,571,731,160,0.28021015761821366,普通,9.52,12.18,2.67
L2_TIME_PERIOD,01F3126S_03F3496S,ALL,日間,591,730,139,0.23519458544839256,穩定,9.85,12.17,2.32
L2_TIME_PERIOD,01F3126S_03F3496S,ALL,早尖峰,587,720,133,0.22657580919931858,穩定,9.78,12.0,2.22
L2_TIME_PERIOD,01F3126S_03F3496S,ALL,晚尖峰,604,794,190,0.31456953642384106,普通,10.07,13.23,3.17
L2_TIME_PERIOD,01F3185N_01F3126N,ALL,凌晨,201,293,92,0.4577114427860697,普通,3.35,4.88,1.53
L2_TIME_PERIOD,01F3185N_01F3126N,ALL,夜間,206,260,54,0.2621359223300971,普通,3.43,4.33,0.9
L2_TIME_PERIOD,01F3185N_01F3126N,ALL,日間,221,344,123,0.5565610859728507,不穩定,3.68,5.73,2.05
L2_TIME_PERIOD,01F3185N_01F3126N,ALL,早尖峰,229,384,155,0.6768558951965066,不穩定,3.82,6.4,2.58
L2_TIME_PERIOD,01F3185N_01F3126N,ALL,晚尖峰,216,266,50,0.23148148148148148,穩定,3.6,4.43,0.83
L2_TIME_PERIOD,01F3185N_03F3445N,ALL,凌晨,536,671,135,0.251865671641791,普通,8.93,11.18,2.25
L2_TIME_PERIOD,01F3185N_03F3445N,ALL,夜間,554,614,60,0.10830324909747292,穩定,9.23,10.23,1.0
L2_TIME_PERIOD,01F3185N_03F3445N,ALL,日間,580,714,134,0.23103448275862068,穩定,9.67,11.9,2.23
L2_TIME_PERIOD,01F3185N_03F3445N,ALL,早尖峰,580,714,134,0.23103448275862068,穩定,9.67,11.9,2.23
L2_TIME_PERIOD,01F3185N_03F3445N,ALL,晚尖峰,571,665,94,0.1646234676007005,穩定,9.52,11.08,1.57
L2_TIME_PERIOD,01F3185N_03F3496S,ALL,凌晨,546,2853,2307,4.225274725274725,高風險,9.1,47.55,38.45
L2_TIME_PERIOD,01F3185N_03F3496S,ALL,夜間,550,2722,2172,3.949090909090909,高風險,9.17,45.37,36.2
L2_TIME_PERIOD,01F3185N_03F3496S,ALL,日間,577,2813,2236,3.8752166377816293,高風險,9.62,46.88,37.27
L2_TIME_PERIOD,01F3185N_03F3496S,ALL,早尖峰,571,2585,2014,3.5271453590192645,高風險,9.52,43.08,33.57
L2_TIME_PERIOD,01F3185N_03F3496S,ALL,晚尖峰,579,2811,2232,3.854922279792746,高風險,9.65,46.85,37.2
L2_TIME_PERIOD,01F3185S_01F3227S,ALL,凌晨,142,178,36,0.2535211267605634,普通,2.37,2.97,0.6
L2_TIME_PERIOD,01F3185S_01F3227S,ALL,夜間,152,283,131,0.8618421052631579,不穩定,2.53,4.72,2.18
L2_TIME_PERIOD,01F3185S_01F3227S,ALL,日間,161,247,86,0.5341614906832298,不穩定,2.68,4.12,1.43
L2_TIME_PERIOD,01F3185S_01F3227S,ALL,早尖峰,152,180,28,0.18421052631578946,穩定,2.53,3.0,0.47
L2_TIME_PERIOD,01F3185S_01F3227S,ALL,晚尖峰,237,361,124,0.5232067510548524,不穩定,3.95,6.02,2.07
L2_TIME_PERIOD,01F3227N_01F3185N,ALL,凌晨,142,177,35,0.24647887323943662,穩定,2.37,2.95,0.58
L2_TIME_PERIOD,01F3227N_01F3185N,ALL,夜間,148,179,31,0.20945945945945946,穩定,2.47,2.98,0.52
L2_TIME_PERIOD,01F3227N_01F3185N,ALL,日間,160,293,133,0.83125,不穩定,2.67,4.88,2.22
L2_TIME_PERIOD,01F3227N_01F3185N,ALL,早尖峰,167,357,190,1.1377245508982037,高風險,2.78,5.95,3.17
L2_TIME_PERIOD,01F3227N_01F3185N,ALL,晚尖峰,157,190,33,0.21019108280254778,穩定,2.62,3.17,0.55
L2_TIME_PERIOD,01F3227S_01F3252S,ALL,凌晨,84,105,21,0.25,普通,1.4,1.75,0.35
L2_TIME_PERIOD,01F3227S_01F3252S,ALL,夜間,87,107,20,0.22988505747126436,穩定,1.45,1.78,0.33
L2_TIME_PERIOD,01F3227S_01F3252S,ALL,日間,91,105,14,0.15384615384615385,穩定,1.52,1.75,0.23
L2_TIME_PERIOD,01F3227S_01F3252S,ALL,早尖峰,87,103,16,0.1839080459770115,穩定,1.45,1.72,0.27
L2_TIME_PERIOD,01F3227S_01F3252S,ALL,晚尖峰,96,110,14,0.14583333333333334,穩定,1.6,1.83,0.23
L2_TIME_PERIOD,01F3252N_01F3227N,ALL,凌晨,87,107,20,0.22988505747126436,穩定,1.45,1.78,0.33
L2_TIME_PERIOD,01F3252N_01F3227N,ALL,夜間,90,117,27,0.3,普通,1.5,1.95,0.45
L2_TIME_PERIOD,01F3252N_01F3227N,ALL,日間,99,253,154,1.5555555555555556,高風險,1.65,4.22,2.57
L2_TIME_PERIOD,01F3252N_01F3227N,ALL,早尖峰,103,217,114,1.1067961165048543,高風險,1.72,3.62,1.9
L2_TIME_PERIOD,01F3252N_01F3227N,ALL,晚尖峰,98,238,140,1.4285714285714286,高風險,1.63,3.97,2.33
L2_TIME_PERIOD,01F3252S_01F3286S,ALL,凌晨,116,146,30,0.25862068965517243,普通,1.93,2.43,0.5
L2_TIME_PERIOD,01F3252S_01F3286S,ALL,夜間,119,147,28,0.23529411764705882,穩定,1.98,2.45,0.47
L2_TIME_PERIOD,01F3252S_01F3286S,ALL,日間,123,147,24,0.1951219512195122,穩定,2.05,2.45,0.4
L2_TIME_PERIOD,01F3252S_01F3286S,ALL,早尖峰,119,143,24,0.20168067226890757,穩定,1.98,2.38,0.4
L2_TIME_PERIOD,01F3252S_01F3286S,ALL,晚尖峰,126,154,28,0.2222222222222222,穩定,2.1,2.57,0.47
L2_TIME_PERIOD,01F3286N_01F3252N,ALL,凌晨,119,146,27,0.226890756302521,穩定,1.98,2.43,0.45
L2_TIME_PERIOD,01F3286N_01F3252N,ALL,夜間,119,147,28,0.23529411764705882,穩定,1.98,2.45,0.47
L2_TIME_PERIOD,01F3286N_01F3252N,ALL,日間,126,183,57,0.4523809523809524,普通,2.1,3.05,0.95
L2_TIME_PERIOD,01F3286N_01F3252N,ALL,早尖峰,124,208,84,0.6774193548387096,不穩定,2.07,3.47,1.4
L2_TIME_PERIOD,01F3286N_01F3252N,ALL,晚尖峰,126,153,27,0.21428571428571427,穩定,2.1,2.55,0.45
L2_TIME_PERIOD,01F3286S_01F3366S,ALL,凌晨,272,344,72,0.2647058823529412,普通,4.53,5.73,1.2
L2_TIME_PERIOD,01F3286S_01F3366S,ALL,夜間,283,507,224,0.7915194346289752,不穩定,4.72,8.45,3.73
L2_TIME_PERIOD,01F3286S_01F3366S,ALL,日間,303,493,190,0.6270627062706271,不穩定,5.05,8.22,3.17
L2_TIME_PERIOD,01F3286S_01F3366S,ALL,早尖峰,303,457,154,0.5082508250825083,不穩定,5.05,7.62,2.57
L2_TIME_PERIOD,01F3286S_01F3366S,ALL,晚尖峰,319,810,491,1.5391849529780564,高風險,5.32,13.5,8.18
L2_TIME_PERIOD,01F3366N_01F3286N,ALL,凌晨,275,341,66,0.24,穩定,4.58,5.68,1.1
L2_TIME_PERIOD,01F3366N_01F3286N,ALL,夜間,283,348,65,0.22968197879858657,穩定,4.72,5.8,1.08
L2_TIME_PERIOD,01F3366N_01F3286N,ALL,日間,307,362,55,0.1791530944625407,穩定,5.12,6.03,0.92
L2_TIME_PERIOD,01F3366N_01F3286N,ALL,早尖峰,290,343,53,0.18275862068965518,穩定,4.83,5.72,0.88
L2_TIME_PERIOD,01F3366N_01F3286N,ALL,晚尖峰,311,379,68,0.21864951768488747,穩定,5.18,6.32,1.13
L2_TIME_PERIOD,01F3366S_01F3398S,ALL,凌晨,102,130,28,0.27450980392156865,普通,1.7,2.17,0.47
L2_TIME_PERIOD,01F3366S_01F3398S,ALL,夜間,108,276,168,1.5555555555555556,高風險,1.8,4.6,2.8
L2_TIME_PERIOD,01F3366S_01F3398S,ALL,日間,116,223,107,0.9224137931034483,不穩定,1.93,3.72,1.78
L2_TIME_PERIOD,01F3366S_01F3398S,ALL,早尖峰,116,167,51,0.4396551724137931,普通,1.93,2.78,0.85
L2_TIME_PERIOD,01F3366S_01F3398S,ALL,晚尖峰,139,449,310,2.2302158273381294,高風險,2.32,7.48,5.17
L2_TIME_PERIOD,01F3398N_01F3366N,ALL,凌晨,104,131,27,0.25961538461538464,普通,1.73,2.18,0.45
L2_TIME_PERIOD,01F3398N_01F3366N,ALL,夜間,109,135,26,0.23853211009174313,穩定,1.82,2.25,0.43
L2_TIME_PERIOD,01F3398N_01F3366N,ALL,日間,121,141,20,0.1652892561983471,穩定,2.02,2.35,0.33
L2_TIME_PERIOD,01F3398N_01F3366N,ALL,早尖峰,114,133,19,0.16666666666666666,穩定,1.9,2.22,0.32
L2_TIME_PERIOD,01F3398N_01F3366N,ALL,晚尖峰,123,146,23,0.18699186991869918,穩定,2.05,2.43,0.38
L2_TIME_PERIOD,01F3398S_01F3460S,ALL,凌晨,207,262,55,0.26570048309178745,普通,3.45,4.37,0.92
L2_TIME_PERIOD,01F3398S_01F3460S,ALL,夜間,224,489,265,1.1830357142857142,高風險,3.73,8.15,4.42
L2_TIME_PERIOD,01F3398S_01F3460S,ALL,日間,247,519,272,1.1012145748987854,高風險,4.12,8.65,4.53
L2_TIME_PERIOD,01F3398S_01F3460S,ALL,早尖峰,230,278,48,0.20869565217391303,穩定,3.83,4.63,0.8
L2_TIME_PERIOD,01F3398S_01F3460S,ALL,晚尖峰,395,830,435,1.1012658227848102,高風險,6.58,13.83,7.25
L2_TIME_PERIOD,01F3460N_01F3398N,ALL,凌晨,209,262,53,0.2535885167464115,普通,3.48,4.37,0.88
L2_TIME_PERIOD,01F3460N_01F3398N,ALL,夜間,220,297,77,0.35,普通,3.67,4.95,1.28
L2_TIME_PERIOD,01F3460N_01F3398N,ALL,日間,251,516,265,1.0557768924302788,高風險,4.18,8.6,4.42
L2_TIME_PERIOD,01F3460N_01F3398N,ALL,早尖峰,247,340,93,0.3765182186234818,普通,4.12,5.67,1.55
L2_TIME_PERIOD,01F3460N_01F3398N,ALL,晚尖峰,252,610,358,1.4206349206349207,高風險,4.2,10.17,5.97
L2_TIME_PERIOD,01F3460S_01F3535S,ALL,凌晨,249,348,99,0.39759036144578314,普通,4.15,5.8,1.65
L2_TIME_PERIOD,01F3460S_01F3535S,ALL,夜間,269,497,228,0.8475836431226765,不穩定,4.48,8.28,3.8
L2_TIME_PERIOD,01F3460S_01F3535S,ALL,日間,294,611,317,1.0782312925170068,高風險,4.9,10.18,5.28
L2_TIME_PERIOD,01F3460S_01F3535S,ALL,早尖峰,262,392,130,0.4961832061068702,普通,4.37,6.53,2.17
L2_TIME_PERIOD,01F3460S_01F3535S,ALL,晚尖峰,322,789,467,1.450310559006211,高風險,5.37,13.15,7.78
L2_TIME_PERIOD,01F3535N_01F3460N,ALL,凌晨,251,331,80,0.3187250996015936,普通,4.18,5.52,1.33
L2_TIME_PERIOD,01F3535N_01F3460N,ALL,夜間,259,339,80,0.3088803088803089,普通,4.32,5.65,1.33
L2_TIME_PERIOD,01F3535N_01F3460N,ALL,日間,294,592,298,1.0136054421768708,高風險,4.9,9.87,4.97
L2_TIME_PERIOD,01F3535N_01F3460N,ALL,早尖峰,309,565,256,0.8284789644012945,不穩定,5.15,9.42,4.27
L2_TIME_PERIOD,01F3535N_01F3460N,ALL,晚尖峰,285,537,252,0.8842105263157894,不穩定,4.75,8.95,4.2
L2_TIME_PERIOD,01F3535S_01F3561S,ALL,凌晨,114,151,37,0.32456140350877194,普通,1.9,2.52,0.62
L2_TIME_PERIOD,01F3535S_01F3561S,ALL,夜間,124,166,42,0.3387096774193548,普通,2.07,2.77,0.7
L2_TIME_PERIOD,01F3535S_01F3561S,ALL,日間,130,163,33,0.25384615384615383,普通,2.17,2.72,0.55
L2_TIME_PERIOD,01F3535S_01F3561S,ALL,早尖峰,120,152,32,0.26666666666666666,普通,2.0,2.53,0.53
L2_TIME_PERIOD,01F3535S_01F3561S,ALL,晚尖峰,147,298,151,1.0272108843537415,高風險,2.45,4.97,2.52
L2_TIME_PERIOD,01F3559N_01F3535N,ALL,凌晨,106,143,37,0.3490566037735849,普通,1.77,2.38,0.62
L2_TIME_PERIOD,01F3559N_01F3535N,ALL,夜間,115,146,31,0.26956521739130435,普通,1.92,2.43,0.52
L2_TIME_PERIOD,01F3559N_01F3535N,ALL,日間,131,291,160,1.2213740458015268,高風險,2.18,4.85,2.67
L2_TIME_PERIOD,01F3559N_01F3535N,ALL,早尖峰,123,232,109,0.8861788617886179,不穩定,2.05,3.87,1.82
L2_TIME_PERIOD,01F3559N_01F3535N,ALL,晚尖峰,129,274,145,1.124031007751938,高風險,2.15,4.57,2.42
L2_TIME_PERIOD,01F3561S_01F3590S,ALL,凌晨,99,123,24,0.24242424242424243,穩定,1.65,2.05,0.4
L2_TIME_PERIOD,01F3561S_01F3590S,ALL,夜間,109,140,31,0.28440366972477066,普通,1.82,2.33,0.52
L2_TIME_PERIOD,01F3561S_01F3590S,ALL,日間,117,143,26,0.2222222222222222,穩定,1.95,2.38,0.43
L2_TIME_PERIOD,01F3561S_01F3590S,ALL,早尖峰,107,125,18,0.16822429906542055,穩定,1.78,2.08,0.3
L2_TIME_PERIOD,01F3561S_01F3590S,ALL,晚尖峰,135,239,104,0.7703703703703704,不穩定,2.25,3.98,1.73
L2_TIME_PERIOD,01F3590N_01F3559N,ALL,凌晨,108,133,25,0.23148148148148148,穩定,1.8,2.22,0.42
L2_TIME_PERIOD,01F3590N_01F3559N,ALL,夜間,114,135,21,0.18421052631578946,穩定,1.9,2.25,0.35
L2_TIME_PERIOD,01F3590N_01F3559N,ALL,日間,124,246,122,0.9838709677419355,不穩定,2.07,4.1,2.03
L2_TIME_PERIOD,01F3590N_01F3559N,ALL,早尖峰,139,187,48,0.34532374100719426,普通,2.32,3.12,0.8
L2_TIME_PERIOD,01F3590N_01F3559N,ALL,晚尖峰,122,165,43,0.3524590163934426,普通,2.03,2.75,0.72
L2_TIME_PERIOD,01F3590S_01F3640S,ALL,凌晨,173,210,37,0.2138728323699422,穩定,2.88,3.5,0.62
L2_TIME_PERIOD,01F3590S_01F3640S,ALL,夜間,186,226,40,0.21505376344086022,穩定,3.1,3.77,0.67
L2_TIME_PERIOD,01F3590S_01F3640S,ALL,日間,197,245,48,0.2436548223350254,穩定,3.28,4.08,0.8
L2_TIME_PERIOD,01F3590S_01F3640S,ALL,早尖峰,184,213,29,0.15760869565217392,穩定,3.07,3.55,0.48
L2_TIME_PERIOD,01F3590S_01F3640S,ALL,晚尖峰,214,278,64,0.29906542056074764,普通,3.57,4.63,1.07
L2_TIME_PERIOD,01F3590S_03F3743N,ALL,凌晨,2574,3362,788,0.3061383061383061,普通,42.9,56.03,13.13
L2_TIME_PERIOD,01F3590S_03F3743N,ALL,夜間,2611,3376,765,0.2929911911145155,普通,43.52,56.27,12.75
L2_TIME_PERIOD,01F3590S_03F3743N,ALL,日間,2656,3394,738,0.27786144578313254,普通,44.27,56.57,12.3
L2_TIME_PERIOD,01F3590S_03F3743N,ALL,早尖峰,2699,3397,698,0.25861430159318266,普通,44.98,56.62,11.63
L2_TIME_PERIOD,01F3590S_03F3743N,ALL,晚尖峰,2737,3403,666,0.2433321154548776,穩定,45.62,56.72,11.1
L2_TIME_PERIOD,01F3590S_03F3854S,ALL,凌晨,993,2966,1973,1.986908358509567,高風險,16.55,49.43,32.88
L2_TIME_PERIOD,01F3590S_03F3854S,ALL,夜間,980,2928,1948,1.9877551020408164,高風險,16.33,48.8,32.47
L2_TIME_PERIOD,01F3590S_03F3854S,ALL,日間,1009,2711,1702,1.6868186323092171,高風險,16.82,45.18,28.37
L2_TIME_PERIOD,01F3590S_03F3854S,ALL,早尖峰,978,2696,1718,1.756646216768916,高風險,16.3,44.93,28.63
L2_TIME_PERIOD,01F3590S_03F3854S,ALL,晚尖峰,1008,2852,1844,1.8293650793650793,高風險,16.8,47.53,30.73
L2_TIME_PERIOD,01F3640N_01F3590N,ALL,凌晨,173,210,37,0.2138728323699422,穩定,2.88,3.5,0.62
L2_TIME_PERIOD,01F3640N_01F3590N,ALL,夜間,182,214,32,0.17582417582417584,穩定,3.03,3.57,0.53
L2_TIME_PERIOD,01F3640N_01F3590N,ALL,日間,196,307,111,0.5663265306122449,不穩定,3.27,5.12,1.85
L2_TIME_PERIOD,01F3640N_01F3590N,ALL,早尖峰,222,416,194,0.8738738738738738,不穩定,3.7,6.93,3.23
L2_TIME_PERIOD,01F3640N_01F3590N,ALL,晚尖峰,194,239,45,0.23195876288659795,穩定,3.23,3.98,0.75
L2_TIME_PERIOD,01F3640N_03F3743N,ALL,凌晨,1039,1421,382,0.36766121270452357,普通,17.32,23.68,6.37
L2_TIME_PERIOD,01F3640N_03F3743N,ALL,夜間,1051,1259,208,0.19790675547098002,穩定,17.52,20.98,3.47
L2_TIME_PERIOD,01F3640N_03F3743N,ALL,日間,1122,1597,475,0.4233511586452763,普通,18.7,26.62,7.92
L2_TIME_PERIOD,01F3640N_03F3743N,ALL,早尖峰,1081,1275,194,0.17946345975948197,穩定,18.02,21.25,3.23
L2_TIME_PERIOD,01F3640N_03F3743N,ALL,晚尖峰,1085,1390,305,0.28110599078341014,普通,18.08,23.17,5.08
L2_TIME_PERIOD,01F3640N_03F3854S,ALL,凌晨,792,1592,800,1.0101010101010102,高風險,13.2,26.53,13.33
L2_TIME_PERIOD,01F3640N_03F3854S,ALL,夜間,823,1089,266,0.32320777642770354,普通,13.72,18.15,4.43
L2_TIME_PERIOD,01F3640N_03F3854S,ALL,日間,874,1687,813,0.9302059496567505,不穩定,14.57,28.12,13.55
L2_TIME_PERIOD,01F3640N_03F3854S,ALL,早尖峰,856,1090,234,0.2733644859813084,普通,14.27,18.17,3.9
L2_TIME_PERIOD,01F3640N_03F3854S,ALL,晚尖峰,851,1193,342,0.4018801410105758,普通,14.18,19.88,5.7
L2_TIME_PERIOD,01F3640S_01F3676S,ALL,凌晨,122,149,27,0.22131147540983606,穩定,2.03,2.48,0.45
L2_TIME_PERIOD,01F3640S_01F3676S,ALL,夜間,131,160,29,0.22137404580152673,穩定,2.18,2.67,0.48
L2_TIME_PERIOD,01F3640S_01F3676S,ALL,日間,143,213,70,0.48951048951048953,普通,2.38,3.55,1.17
L2_TIME_PERIOD,01F3640S_01F3676S,ALL,早尖峰,134,158,24,0.1791044776119403,穩定,2.23,2.63,0.4
L2_TIME_PERIOD,01F3640S_01F3676S,ALL,晚尖峰,151,206,55,0.36423841059602646,普通,2.52,3.43,0.92
L2_TIME_PERIOD,01F3676N_01F3640N,ALL,凌晨,126,151,25,0.1984126984126984,穩定,2.1,2.52,0.42
L2_TIME_PERIOD,01F3676N_01F3640N,ALL,夜間,133,158,25,0.18796992481203006,穩定,2.22,2.63,0.42
L2_TIME_PERIOD,01F3676N_01F3640N,ALL,日間,147,214,67,0.4557823129251701,普通,2.45,3.57,1.12
L2_TIME_PERIOD,01F3676N_01F3640N,ALL,早尖峰,157,268,111,0.7070063694267515,不穩定,2.62,4.47,1.85
L2_TIME_PERIOD,01F3676N_01F3640N,ALL,晚尖峰,145,236,91,0.6275862068965518,不穩定,2.42,3.93,1.52
L2_TIME_PERIOD,01F3676S_01F3686S,ALL,凌晨,35,42,7,0.2,穩定,0.58,0.7,0.12
L2_TIME_PERIOD,01F3676S_01F3686S,ALL,夜間,38,45,7,0.18421052631578946,穩定,0.63,0.75,0.12
L2_TIME_PERIOD,01F3676S_01F3686S,ALL,日間,41,66,25,0.6097560975609756,不穩定,0.68,1.1,0.42
L2_TIME_PERIOD,01F3676S_01F3686S,ALL,早尖峰,38,46,8,0.21052631578947367,穩定,0.63,0.77,0.13
L2_TIME_PERIOD,01F3676S_01F3686S,ALL,晚尖峰,42,51,9,0.21428571428571427,穩定,0.7,0.85,0.15
L2_TIME_PERIOD,01F3686S_01F3736S,ALL,凌晨,204,255,51,0.25,普通,3.4,4.25,0.85
L2_TIME_PERIOD,01F3686S_01F3736S,ALL,夜間,206,253,47,0.22815533980582525,穩定,3.43,4.22,0.78
L2_TIME_PERIOD,01F3686S_01F3736S,ALL,日間,227,268,41,0.18061674008810572,穩定,3.78,4.47,0.68
L2_TIME_PERIOD,01F3686S_01F3736S,ALL,早尖峰,211,259,48,0.22748815165876776,穩定,3.52,4.32,0.8
L2_TIME_PERIOD,01F3686S_01F3736S,ALL,晚尖峰,221,252,31,0.14027149321266968,穩定,3.68,4.2,0.52
L2_TIME_PERIOD,01F3696N_01F3676N,ALL,凌晨,74,89,15,0.20270270270270271,穩定,1.23,1.48,0.25
L2_TIME_PERIOD,01F3696N_01F3676N,ALL,夜間,77,90,13,0.16883116883116883,穩定,1.28,1.5,0.22
L2_TIME_PERIOD,01F3696N_01F3676N,ALL,日間,84,103,19,0.2261904761904762,穩定,1.4,1.72,0.32
L2_TIME_PERIOD,01F3696N_01F3676N,ALL,早尖峰,86,134,48,0.5581395348837209,不穩定,1.43,2.23,0.8
L2_TIME_PERIOD,01F3696N_01F3676N,ALL,晚尖峰,87,128,41,0.47126436781609193,普通,1.45,2.13,0.68
L2_TIME_PERIOD,01F3736N_01F3696N,ALL,凌晨,168,208,40,0.23809523809523808,穩定,2.8,3.47,0.67
L2_TIME_PERIOD,01F3736N_01F3696N,ALL,夜間,168,203,35,0.20833333333333334,穩定,2.8,3.38,0.58
L2_TIME_PERIOD,01F3736N_01F3696N,ALL,日間,186,205,19,0.10215053763440861,穩定,3.1,3.42,0.32
L2_TIME_PERIOD,01F3736N_01F3696N,ALL,早尖峰,174,205,31,0.1781609195402299,穩定,2.9,3.42,0.52
L2_TIME_PERIOD,01F3736N_01F3696N,ALL,晚尖峰,175,209,34,0.19428571428571428,穩定,2.92,3.48,0.57
L2_TIME_PERIOD,01H0163S_01H0206S,ALL,凌晨,151,163,12,0.07947019867549669,穩定,2.52,2.72,0.2
L2_TIME_PERIOD,01H0163S_01H0206S,ALL,夜間,162,386,224,1.382716049382716,高風險,2.7,6.43,3.73
L2_TIME_PERIOD,01H0163S_01H0206S,ALL,日間,163,331,168,1.030674846625767,高風險,2.72,5.52,2.8
L2_TIME_PERIOD,01H0163S_01H0206S,ALL,早尖峰,162,329,167,1.0308641975308641,高風險,2.7,5.48,2.78
L2_TIME_PERIOD,01H0163S_01H0206S,ALL,晚尖峰,367,866,499,1.3596730245231607,高風險,6.12,14.43,8.32
L2_TIME_PERIOD,01H0174N_01F0099N,ALL,凌晨,269,295,26,0.09665427509293681,穩定,4.48,4.92,0.43
L2_TIME_PERIOD,01H0174N_01F0099N,ALL,夜間,297,668,371,1.2491582491582491,高風險,4.95,11.13,6.18
L2_TIME_PERIOD,01H0174N_01F0099N,ALL,日間,318,657,339,1.0660377358490567,高風險,5.3,10.95,5.65
L2_TIME_PERIOD,01H0174N_01F0099N,ALL,早尖峰,286,317,31,0.10839160839160839,穩定,4.77,5.28,0.52
L2_TIME_PERIOD,01H0174N_01F0099N,ALL,晚尖峰,353,838,485,1.3739376770538243,高風險,5.88,13.97,8.08
L2_TIME_PERIOD,01H0174N_03F0054N,ALL,凌晨,433,498,65,0.15011547344110854,穩定,7.22,8.3,1.08
L2_TIME_PERIOD,01H0174N_03F0054N,ALL,夜間,455,753,298,0.654945054945055,不穩定,7.58,12.55,4.97
L2_TIME_PERIOD,01H0174N_03F0054N,ALL,日間,465,655,190,0.40860215053763443,普通,7.75,10.92,3.17
L2_TIME_PERIOD,01H0174N_03F0054N,ALL,早尖峰,443,488,45,0.10158013544018059,穩定,7.38,8.13,0.75
L2_TIME_PERIOD,01H0174N_03F0054N,ALL,晚尖峰,480,841,361,0.7520833333333333,不穩定,8.0,14.02,6.02
L2_TIME_PERIOD,01H0174N_03F0116S,ALL,凌晨,243,277,34,0.13991769547325103,穩定,4.05,4.62,0.57
L2_TIME_PERIOD,01H0174N_03F0116S,ALL,夜間,265,501,236,0.8905660377358491,不穩定,4.42,8.35,3.93
L2_TIME_PERIOD,01H0174N_03F0116S,ALL,日間,277,514,237,0.855595667870036,不穩定,4.62,8.57,3.95
L2_TIME_PERIOD,01H0174N_03F0116S,ALL,早尖峰,259,418,159,0.6138996138996139,不穩定,4.32,6.97,2.65
L2_TIME_PERIOD,01H0174N_03F0116S,ALL,晚尖峰,292,613,321,1.0993150684931507,高風險,4.87,10.22,5.35
L2_TIME_PERIOD,01H0200N_01H0174N,ALL,凌晨,94,102,8,0.0851063829787234,穩定,1.57,1.7,0.13
L2_TIME_PERIOD,01H0200N_01H0174N,ALL,夜間,100,128,28,0.28,普通,1.67,2.13,0.47
L2_TIME_PERIOD,01H0200N_01H0174N,ALL,日間,103,121,18,0.17475728155339806,穩定,1.72,2.02,0.3
L2_TIME_PERIOD,01H0200N_01H0174N,ALL,早尖峰,100,112,12,0.12,穩定,1.67,1.87,0.2
L2_TIME_PERIOD,01H0200N_01H0174N,ALL,晚尖峰,106,241,135,1.2735849056603774,高風險,1.77,4.02,2.25
L2_TIME_PERIOD,01H0206S_01H0305S,ALL,凌晨,347,371,24,0.069164265129683,穩定,5.78,6.18,0.4
L2_TIME_PERIOD,01H0206S_01H0305S,ALL,夜間,385,659,274,0.7116883116883117,不穩定,6.42,10.98,4.57
L2_TIME_PERIOD,01H0206S_01H0305S,ALL,日間,388,475,87,0.22422680412371135,穩定,6.47,7.92,1.45
L2_TIME_PERIOD,01H0206S_01H0305S,ALL,早尖峰,371,403,32,0.0862533692722372,穩定,6.18,6.72,0.53
L2_TIME_PERIOD,01H0206S_01H0305S,ALL,晚尖峰,491,988,497,1.0122199592668024,高風險,8.18,16.47,8.28
L2_TIME_PERIOD,01H0208N_01H0200N,ALL,凌晨,28,30,2,0.07142857142857142,穩定,0.47,0.5,0.03
L2_TIME_PERIOD,01H0208N_01H0200N,ALL,夜間,30,34,4,0.13333333333333333,穩定,0.5,0.57,0.07
L2_TIME_PERIOD,01H0208N_01H0200N,ALL,日間,32,51,19,0.59375,不穩定,0.53,0.85,0.32
L2_TIME_PERIOD,01H0208N_01H0200N,ALL,早尖峰,35,114,79,2.257142857142857,高風險,0.58,1.9,1.32
L2_TIME_PERIOD,01H0208N_01H0200N,ALL,晚尖峰,32,36,4,0.125,穩定,0.53,0.6,0.07
L2_TIME_PERIOD,01H0271N_01H0208N,ALL,凌晨,221,239,18,0.08144796380090498,穩定,3.68,3.98,0.3
L2_TIME_PERIOD,01H0271N_01H0208N,ALL,夜間,235,284,49,0.20851063829787234,穩定,3.92,4.73,0.82
L2_TIME_PERIOD,01H0271N_01H0208N,ALL,日間,262,641,379,1.4465648854961832,高風險,4.37,10.68,6.32
L2_TIME_PERIOD,01H0271N_01H0208N,ALL,早尖峰,326,717,391,1.1993865030674846,高風險,5.43,11.95,6.52
L2_TIME_PERIOD,01H0271N_01H0208N,ALL,晚尖峰,272,503,231,0.8492647058823529,不穩定,4.53,8.38,3.85
L2_TIME_PERIOD,01H0305S_01F0339S,ALL,凌晨,118,130,12,0.1016949152542373,穩定,1.97,2.17,0.2
L2_TIME_PERIOD,01H0305S_01F0339S,ALL,夜間,133,213,80,0.6015037593984962,不穩定,2.22,3.55,1.33
L2_TIME_PERIOD,01H0305S_01F0339S,ALL,日間,135,203,68,0.5037037037037037,不穩定,2.25,3.38,1.13
L2_TIME_PERIOD,01H0305S_01F0339S,ALL,早尖峰,129,160,31,0.24031007751937986,穩定,2.15,2.67,0.52
L2_TIME_PERIOD,01H0305S_01F0339S,ALL,晚尖峰,159,236,77,0.48427672955974843,普通,2.65,3.93,1.28
L2_TIME_PERIOD,01H0305S_01H0334S,ALL,凌晨,102,110,8,0.0784313725490196,穩定,1.7,1.83,0.13
L2_TIME_PERIOD,01H0305S_01H0334S,ALL,夜間,109,129,20,0.1834862385321101,穩定,1.82,2.15,0.33
L2_TIME_PERIOD,01H0305S_01H0334S,ALL,日間,109,123,14,0.12844036697247707,穩定,1.82,2.05,0.23
L2_TIME_PERIOD,01H0305S_01H0334S,ALL,早尖峰,106,117,11,0.10377358490566038,穩定,1.77,1.95,0.18
L2_TIME_PERIOD,01H0305S_01H0334S,ALL,晚尖峰,118,145,27,0.2288135593220339,穩定,1.97,2.42,0.45
L2_TIME_PERIOD,01H0333N_01H0271N,ALL,凌晨,215,233,18,0.08372093023255814,穩定,3.58,3.88,0.3
L2_TIME_PERIOD,01H0333N_01H0271N,ALL,夜間,229,356,127,0.5545851528384279,不穩定,3.82,5.93,2.12
L2_TIME_PERIOD,01H0333N_01H0271N,ALL,日間,246,903,657,2.6707317073170733,高風險,4.1,15.05,10.95
L2_TIME_PERIOD,01H0333N_01H0271N,ALL,早尖峰,328,1081,753,2.2957317073170733,高風險,5.47,18.02,12.55
L2_TIME_PERIOD,01H0333N_01H0271N,ALL,晚尖峰,271,634,363,1.3394833948339484,高風險,4.52,10.57,6.05
L2_TIME_PERIOD,01H0334S_01H0447S,ALL,凌晨,402,438,36,0.08955223880597014,穩定,6.7,7.3,0.6
L2_TIME_PERIOD,01H0334S_01H0447S,ALL,夜間,428,472,44,0.102803738317757,穩定,7.13,7.87,0.73
L2_TIME_PERIOD,01H0334S_01H0447S,ALL,日間,432,474,42,0.09722222222222222,穩定,7.2,7.9,0.7
L2_TIME_PERIOD,01H0334S_01H0447S,ALL,早尖峰,428,480,52,0.12149532710280374,穩定,7.13,8.0,0.87
L2_TIME_PERIOD,01H0334S_01H0447S,ALL,晚尖峰,437,479,42,0.09610983981693363,穩定,7.28,7.98,0.7
L2_TIME_PERIOD,01H0447N_01F0340N,ALL,凌晨,388,422,34,0.08762886597938144,穩定,6.47,7.03,0.57
L2_TIME_PERIOD,01H0447N_01F0340N,ALL,夜間,428,819,391,0.9135514018691588,不穩定,7.13,13.65,6.52
L2_TIME_PERIOD,01H0447N_01F0340N,ALL,日間,446,568,122,0.273542600896861,普通,7.43,9.47,2.03
L2_TIME_PERIOD,01H0447N_01F0340N,ALL,早尖峰,436,603,167,0.3830275229357798,普通,7.27,10.05,2.78
L2_TIME_PERIOD,01H0447N_01F0340N,ALL,晚尖峰,609,1205,596,0.9786535303776683,不穩定,10.15,20.08,9.93
L2_TIME_PERIOD,01H0447N_01H0333N,ALL,凌晨,406,444,38,0.09359605911330049,穩定,6.77,7.4,0.63
L2_TIME_PERIOD,01H0447N_01H0333N,ALL,夜間,434,557,123,0.2834101382488479,普通,7.23,9.28,2.05
L2_TIME_PERIOD,01H0447N_01H0333N,ALL,日間,436,476,40,0.09174311926605505,穩定,7.27,7.93,0.67
L2_TIME_PERIOD,01H0447N_01H0333N,ALL,早尖峰,433,481,48,0.11085450346420324,穩定,7.22,8.02,0.8
L2_TIME_PERIOD,01H0447N_01H0333N,ALL,晚尖峰,476,920,444,0.9327731092436975,不穩定,7.93,15.33,7.4
L2_TIME_PERIOD,01H0447S_01H0579S,ALL,凌晨,459,491,32,0.06971677559912855,穩定,7.65,8.18,0.53
L2_TIME_PERIOD,01H0447S_01H0579S,ALL,夜間,488,544,56,0.11475409836065574,穩定,8.13,9.07,0.93
L2_TIME_PERIOD,01H0447S_01H0579S,ALL,日間,494,664,170,0.3441295546558704,普通,8.23,11.07,2.83
L2_TIME_PERIOD,01H0447S_01H0579S,ALL,早尖峰,489,659,170,0.3476482617586912,普通,8.15,10.98,2.83
L2_TIME_PERIOD,01H0447S_01H0579S,ALL,晚尖峰,500,732,232,0.464,普通,8.33,12.2,3.87
L2_TIME_PERIOD,01H0579N_01H0447N,ALL,凌晨,455,494,39,0.08571428571428572,穩定,7.58,8.23,0.65
L2_TIME_PERIOD,01H0579N_01H0447N,ALL,夜間,480,538,58,0.12083333333333333,穩定,8.0,8.97,0.97
L2_TIME_PERIOD,01H0579N_01H0447N,ALL,日間,485,524,39,0.08041237113402062,穩定,8.08,8.73,0.65
L2_TIME_PERIOD,01H0579N_01H0447N,ALL,早尖峰,475,517,42,0.08842105263157894,穩定,7.92,8.62,0.7
L2_TIME_PERIOD,01H0579N_01H0447N,ALL,晚尖峰,519,1021,502,0.9672447013487476,不穩定,8.65,17.02,8.37
L2_TIME_PERIOD,01H0579S_01F0633S,ALL,凌晨,193,220,27,0.13989637305699482,穩定,3.22,3.67,0.45
L2_TIME_PERIOD,01H0579S_01F0633S,ALL,夜間,213,383,170,0.7981220657276995,不穩定,3.55,6.38,2.83
L2_TIME_PERIOD,01H0579S_01F0633S,ALL,日間,246,384,138,0.5609756097560976,不穩定,4.1,6.4,2.3
L2_TIME_PERIOD,01H0579S_01F0633S,ALL,早尖峰,241,339,98,0.4066390041493776,普通,4.02,5.65,1.63
L2_TIME_PERIOD,01H0579S_01F0633S,ALL,晚尖峰,303,454,151,0.49834983498349833,普通,5.05,7.57,2.52
L2_TIME_PERIOD,01H0579S_01H0610S,ALL,凌晨,110,119,9,0.08181818181818182,穩定,1.83,1.98,0.15
L2_TIME_PERIOD,01H0579S_01H0610S,ALL,夜間,121,171,50,0.4132231404958678,普通,2.02,2.85,0.83
L2_TIME_PERIOD,01H0579S_01H0610S,ALL,日間,128,214,86,0.671875,不穩定,2.13,3.57,1.43
L2_TIME_PERIOD,01H0579S_01H0610S,ALL,早尖峰,128,176,48,0.375,普通,2.13,2.93,0.8
L2_TIME_PERIOD,01H0579S_01H0610S,ALL,晚尖峰,142,249,107,0.7535211267605634,不穩定,2.37,4.15,1.78
L2_TIME_PERIOD,01H0608N_01F0584N,ALL,凌晨,83,92,9,0.10843373493975904,穩定,1.38,1.53,0.15
L2_TIME_PERIOD,01H0608N_01F0584N,ALL,夜間,92,112,20,0.21739130434782608,穩定,1.53,1.87,0.33
L2_TIME_PERIOD,01H0608N_01F0584N,ALL,日間,101,130,29,0.2871287128712871,普通,1.68,2.17,0.48
L2_TIME_PERIOD,01H0608N_01F0584N,ALL,早尖峰,102,141,39,0.38235294117647056,普通,1.7,2.35,0.65
L2_TIME_PERIOD,01H0608N_01F0584N,ALL,晚尖峰,117,184,67,0.5726495726495726,不穩定,1.95,3.07,1.12
L2_TIME_PERIOD,01H0608N_01H0579N,ALL,凌晨,100,109,9,0.09,穩定,1.67,1.82,0.15
L2_TIME_PERIOD,01H0608N_01H0579N,ALL,夜間,109,129,20,0.1834862385321101,穩定,1.82,2.15,0.33
L2_TIME_PERIOD,01H0608N_01H0579N,ALL,日間,114,133,19,0.16666666666666666,穩定,1.9,2.22,0.32
L2_TIME_PERIOD,01H0608N_01H0579N,ALL,早尖峰,111,124,13,0.11711711711711711,穩定,1.85,2.07,0.22
L2_TIME_PERIOD,01H0608N_01H0579N,ALL,晚尖峰,128,164,36,0.28125,普通,2.13,2.73,0.6
L2_TIME_PERIOD,01H0610S_01F0750S,ALL,凌晨,485,530,45,0.09278350515463918,穩定,8.08,8.83,0.75
L2_TIME_PERIOD,01H0610S_01F0750S,ALL,夜間,521,616,95,0.18234165067178504,穩定,8.68,10.27,1.58
L2_TIME_PERIOD,01H0610S_01F0750S,ALL,日間,538,900,362,0.6728624535315985,不穩定,8.97,15.0,6.03
L2_TIME_PERIOD,01H0610S_01F0750S,ALL,早尖峰,546,917,371,0.6794871794871795,不穩定,9.1,15.28,6.18
L2_TIME_PERIOD,01H0610S_01F0750S,ALL,晚尖峰,543,751,208,0.3830570902394107,普通,9.05,12.52,3.47
L2_TIME_PERIOD,03A0015S_03A0041S,ALL,凌晨,115,130,15,0.13043478260869565,穩定,1.92,2.17,0.25
L2_TIME_PERIOD,03A0015S_03A0041S,ALL,夜間,122,136,14,0.11475409836065574,穩定,2.03,2.27,0.23
L2_TIME_PERIOD,03A0015S_03A0041S,ALL,日間,123,139,16,0.13008130081300814,穩定,2.05,2.32,0.27
L2_TIME_PERIOD,03A0015S_03A0041S,ALL,早尖峰,119,194,75,0.6302521008403361,不穩定,1.98,3.23,1.25
L2_TIME_PERIOD,03A0015S_03A0041S,ALL,晚尖峰,128,263,135,1.0546875,高風險,2.13,4.38,2.25
L2_TIME_PERIOD,03A0041N_03A0015N,ALL,凌晨,116,131,15,0.12931034482758622,穩定,1.93,2.18,0.25
L2_TIME_PERIOD,03A0041N_03A0015N,ALL,夜間,120,127,7,0.058333333333333334,穩定,2.0,2.12,0.12
L2_TIME_PERIOD,03A0041N_03A0015N,ALL,日間,120,127,7,0.058333333333333334,穩定,2.0,2.12,0.12
L2_TIME_PERIOD,03A0041N_03A0015N,ALL,早尖峰,120,130,10,0.08333333333333333,穩定,2.0,2.17,0.17
L2_TIME_PERIOD,03A0041N_03A0015N,ALL,晚尖峰,123,130,7,0.056910569105691054,穩定,2.05,2.17,0.12
L2_TIME_PERIOD,03A0041S_03F0201N,ALL,凌晨,123,165,42,0.34146341463414637,普通,2.05,2.75,0.7
L2_TIME_PERIOD,03A0041S_03F0201N,ALL,夜間,160,262,102,0.6375,不穩定,2.67,4.37,1.7
L2_TIME_PERIOD,03A0041S_03F0201N,ALL,日間,186,657,471,2.532258064516129,高風險,3.1,10.95,7.85
L2_TIME_PERIOD,03A0041S_03F0201N,ALL,早尖峰,198,1014,816,4.121212121212121,高風險,3.3,16.9,13.6
L2_TIME_PERIOD,03A0041S_03F0201N,ALL,晚尖峰,219,451,232,1.0593607305936072,高風險,3.65,7.52,3.87
L2_TIME_PERIOD,03A0041S_03F0217S,ALL,凌晨,82,99,17,0.2073170731707317,穩定,1.37,1.65,0.28
L2_TIME_PERIOD,03A0041S_03F0217S,ALL,夜間,90,151,61,0.6777777777777778,不穩定,1.5,2.52,1.02
L2_TIME_PERIOD,03A0041S_03F0217S,ALL,日間,92,117,25,0.2717391304347826,普通,1.53,1.95,0.42
L2_TIME_PERIOD,03A0041S_03F0217S,ALL,早尖峰,88,121,33,0.375,普通,1.47,2.02,0.55
L2_TIME_PERIOD,03A0041S_03F0217S,ALL,晚尖峰,118,457,339,2.8728813559322033,高風險,1.97,7.62,5.65
L2_TIME_PERIOD,03F0006S_01F0061S,ALL,凌晨,329,494,165,0.5015197568389058,不穩定,5.48,8.23,2.75
L2_TIME_PERIOD,03F0006S_01F0061S,ALL,夜間,349,1271,922,2.641833810888252,高風險,5.82,21.18,15.37
L2_TIME_PERIOD,03F0006S_01F0061S,ALL,日間,362,1074,712,1.9668508287292819,高風險,6.03,17.9,11.87
L2_TIME_PERIOD,03F0006S_01F0061S,ALL,早尖峰,347,461,114,0.3285302593659942,普通,5.78,7.68,1.9
L2_TIME_PERIOD,03F0006S_01F0061S,ALL,晚尖峰,378,454,76,0.20105820105820105,穩定,6.3,7.57,1.27
L2_TIME_PERIOD,03F0006S_03F0087S,ALL,凌晨,317,361,44,0.138801261829653,穩定,5.28,6.02,0.73
L2_TIME_PERIOD,03F0006S_03F0087S,ALL,夜間,320,350,30,0.09375,穩定,5.33,5.83,0.5
L2_TIME_PERIOD,03F0006S_03F0087S,ALL,日間,318,388,70,0.22012578616352202,穩定,5.3,6.47,1.17
L2_TIME_PERIOD,03F0006S_03F0087S,ALL,早尖峰,322,442,120,0.37267080745341613,普通,5.37,7.37,2.0
L2_TIME_PERIOD,03F0006S_03F0087S,ALL,晚尖峰,320,368,48,0.15,穩定,5.33,6.13,0.8
L2_TIME_PERIOD,03F0054N_01F0061S,ALL,凌晨,369,2342,1973,5.3468834688346885,高風險,6.15,39.03,32.88
L2_TIME_PERIOD,03F0054N_01F0061S,ALL,夜間,383,2822,2439,6.368146214099217,高風險,6.38,47.03,40.65
L2_TIME_PERIOD,03F0054N_01F0061S,ALL,日間,389,2856,2467,6.341902313624678,高風險,6.48,47.6,41.12
L2_TIME_PERIOD,03F0054N_01F0061S,ALL,早尖峰,377,2802,2425,6.43236074270557,高風險,6.28,46.7,40.42
L2_TIME_PERIOD,03F0054N_01F0061S,ALL,晚尖峰,399,2816,2417,6.057644110275689,高風險,6.65,46.93,40.28
L2_TIME_PERIOD,03F0054N_03F0021N,ALL,凌晨,133,152,19,0.14285714285714285,穩定,2.22,2.53,0.32
L2_TIME_PERIOD,03F0054N_03F0021N,ALL,夜間,133,145,12,0.09022556390977443,穩定,2.22,2.42,0.2
L2_TIME_PERIOD,03F0054N_03F0021N,ALL,日間,134,150,16,0.11940298507462686,穩定,2.23,2.5,0.27
L2_TIME_PERIOD,03F0054N_03F0021N,ALL,早尖峰,132,148,16,0.12121212121212122,穩定,2.2,2.47,0.27
L2_TIME_PERIOD,03F0054N_03F0021N,ALL,晚尖峰,133,146,13,0.09774436090225563,穩定,2.22,2.43,0.22
L2_TIME_PERIOD,03F0087S_01F0099N,ALL,凌晨,1635,3198,1563,0.9559633027522936,不穩定,27.25,53.3,26.05
L2_TIME_PERIOD,03F0087S_01F0099N,ALL,夜間,1985,3211,1226,0.617632241813602,不穩定,33.08,53.52,20.43
L2_TIME_PERIOD,03F0087S_01F0099N,ALL,日間,1822,3175,1353,0.7425905598243688,不穩定,30.37,52.92,22.55
L2_TIME_PERIOD,03F0087S_01F0099N,ALL,早尖峰,1911,3037,1126,0.5892203035060178,不穩定,31.85,50.62,18.77
L2_TIME_PERIOD,03F0087S_01F0099N,ALL,晚尖峰,1887,3200,1313,0.6958134605193429,不穩定,31.45,53.33,21.88
L2_TIME_PERIOD,03F0087S_01F0147S,ALL,凌晨,212,249,37,0.17452830188679244,穩定,3.53,4.15,0.62
L2_TIME_PERIOD,03F0087S_01F0147S,ALL,夜間,223,254,31,0.13901345291479822,穩定,3.72,4.23,0.52
L2_TIME_PERIOD,03F0087S_01F0147S,ALL,日間,230,351,121,0.5260869565217391,不穩定,3.83,5.85,2.02
L2_TIME_PERIOD,03F0087S_01F0147S,ALL,早尖峰,341,735,394,1.155425219941349,高風險,5.68,12.25,6.57
L2_TIME_PERIOD,03F0087S_01F0147S,ALL,晚尖峰,235,369,134,0.5702127659574469,不穩定,3.92,6.15,2.23
L2_TIME_PERIOD,03F0087S_01H0163S,ALL,凌晨,263,304,41,0.155893536121673,穩定,4.38,5.07,0.68
L2_TIME_PERIOD,03F0087S_01H0163S,ALL,夜間,274,304,30,0.10948905109489052,穩定,4.57,5.07,0.5
L2_TIME_PERIOD,03F0087S_01H0163S,ALL,日間,276,308,32,0.11594202898550725,穩定,4.6,5.13,0.53
L2_TIME_PERIOD,03F0087S_01H0163S,ALL,早尖峰,326,681,355,1.0889570552147239,高風險,5.43,11.35,5.92
L2_TIME_PERIOD,03F0087S_01H0163S,ALL,晚尖峰,283,338,55,0.19434628975265017,穩定,4.72,5.63,0.92
L2_TIME_PERIOD,03F0087S_03F0116S,ALL,凌晨,112,128,16,0.14285714285714285,穩定,1.87,2.13,0.27
L2_TIME_PERIOD,03F0087S_03F0116S,ALL,夜間,114,123,9,0.07894736842105263,穩定,1.9,2.05,0.15
L2_TIME_PERIOD,03F0087S_03F0116S,ALL,日間,113,126,13,0.11504424778761062,穩定,1.88,2.1,0.22
L2_TIME_PERIOD,03F0087S_03F0116S,ALL,早尖峰,114,142,28,0.24561403508771928,穩定,1.9,2.37,0.47
L2_TIME_PERIOD,03F0087S_03F0116S,ALL,晚尖峰,114,124,10,0.08771929824561403,穩定,1.9,2.07,0.17
L2_TIME_PERIOD,03F0116N_01F0099N,ALL,凌晨,92,105,13,0.14130434782608695,穩定,1.53,1.75,0.22
L2_TIME_PERIOD,03F0116N_01F0099N,ALL,夜間,102,189,87,0.8529411764705882,不穩定,1.7,3.15,1.45
L2_TIME_PERIOD,03F0116N_01F0099N,ALL,日間,109,328,219,2.0091743119266057,高風險,1.82,5.47,3.65
L2_TIME_PERIOD,03F0116N_01F0099N,ALL,早尖峰,100,114,14,0.14,穩定,1.67,1.9,0.23
L2_TIME_PERIOD,03F0116N_01F0099N,ALL,晚尖峰,122,349,227,1.860655737704918,高風險,2.03,5.82,3.78
L2_TIME_PERIOD,03F0116N_01F0147S,ALL,凌晨,209,1421,1212,5.7990430622009566,高風險,3.48,23.68,20.2
L2_TIME_PERIOD,03F0116N_01F0147S,ALL,夜間,219,251,32,0.1461187214611872,穩定,3.65,4.18,0.53
L2_TIME_PERIOD,03F0116N_01F0147S,ALL,日間,233,497,264,1.1330472103004292,高風險,3.88,8.28,4.4
L2_TIME_PERIOD,03F0116N_01F0147S,ALL,早尖峰,321,954,633,1.97196261682243,高風險,5.35,15.9,10.55
L2_TIME_PERIOD,03F0116N_01F0147S,ALL,晚尖峰,247,611,364,1.4736842105263157,高風險,4.12,10.18,6.07
L2_TIME_PERIOD,03F0116N_01H0163S,ALL,凌晨,256,291,35,0.13671875,穩定,4.27,4.85,0.58
L2_TIME_PERIOD,03F0116N_01H0163S,ALL,夜間,270,299,29,0.10740740740740741,穩定,4.5,4.98,0.48
L2_TIME_PERIOD,03F0116N_01H0163S,ALL,日間,283,390,107,0.37809187279151946,普通,4.72,6.5,1.78
L2_TIME_PERIOD,03F0116N_01H0163S,ALL,早尖峰,358,856,498,1.3910614525139664,高風險,5.97,14.27,8.3
L2_TIME_PERIOD,03F0116N_01H0163S,ALL,晚尖峰,299,601,302,1.0100334448160535,高風險,4.98,10.02,5.03
L2_TIME_PERIOD,03F0116N_03F0054N,ALL,凌晨,242,278,36,0.1487603305785124,穩定,4.03,4.63,0.6
L2_TIME_PERIOD,03F0116N_03F0054N,ALL,夜間,240,258,18,0.075,穩定,4.0,4.3,0.3
L2_TIME_PERIOD,03F0116N_03F0054N,ALL,日間,243,266,23,0.09465020576131687,穩定,4.05,4.43,0.38
L2_TIME_PERIOD,03F0116N_03F0054N,ALL,早尖峰,240,266,26,0.10833333333333334,穩定,4.0,4.43,0.43
L2_TIME_PERIOD,03F0116N_03F0054N,ALL,晚尖峰,240,258,18,0.075,穩定,4.0,4.3,0.3
L2_TIME_PERIOD,03F0116S_03F0136S,ALL,凌晨,77,88,11,0.14285714285714285,穩定,1.28,1.47,0.18
L2_TIME_PERIOD,03F0116S_03F0136S,ALL,夜間,79,86,7,0.08860759493670886,穩定,1.32,1.43,0.12
L2_TIME_PERIOD,03F0116S_03F0136S,ALL,日間,80,92,12,0.15,穩定,1.33,1.53,0.2
L2_TIME_PERIOD,03F0116S_03F0136S,ALL,早尖峰,80,97,17,0.2125,穩定,1.33,1.62,0.28
L2_TIME_PERIOD,03F0116S_03F0136S,ALL,晚尖峰,81,92,11,0.13580246913580246,穩定,1.35,1.53,0.18
L2_TIME_PERIOD,03F0136S_03F0158S,ALL,凌晨,83,92,9,0.10843373493975904,穩定,1.38,1.53,0.15
L2_TIME_PERIOD,03F0136S_03F0158S,ALL,夜間,86,99,13,0.1511627906976744,穩定,1.43,1.65,0.22
L2_TIME_PERIOD,03F0136S_03F0158S,ALL,日間,88,107,19,0.2159090909090909,穩定,1.47,1.78,0.32
L2_TIME_PERIOD,03F0136S_03F0158S,ALL,早尖峰,85,102,17,0.2,穩定,1.42,1.7,0.28
L2_TIME_PERIOD,03F0136S_03F0158S,ALL,晚尖峰,90,297,207,2.3,高風險,1.5,4.95,3.45
L2_TIME_PERIOD,03F0140N_03F0116N,ALL,凌晨,94,105,11,0.11702127659574468,穩定,1.57,1.75,0.18
L2_TIME_PERIOD,03F0140N_03F0116N,ALL,夜間,98,108,10,0.10204081632653061,穩定,1.63,1.8,0.17
L2_TIME_PERIOD,03F0140N_03F0116N,ALL,日間,100,110,10,0.1,穩定,1.67,1.83,0.17
L2_TIME_PERIOD,03F0140N_03F0116N,ALL,早尖峰,97,116,19,0.1958762886597938,穩定,1.62,1.93,0.32
L2_TIME_PERIOD,03F0140N_03F0116N,ALL,晚尖峰,103,144,41,0.39805825242718446,普通,1.72,2.4,0.68
L2_TIME_PERIOD,03F0150N_03F0140N,ALL,凌晨,38,40,2,0.05263157894736842,穩定,0.63,0.67,0.03
L2_TIME_PERIOD,03F0150N_03F0140N,ALL,夜間,39,41,2,0.05128205128205128,穩定,0.65,0.68,0.03
L2_TIME_PERIOD,03F0150N_03F0140N,ALL,日間,39,41,2,0.05128205128205128,穩定,0.65,0.68,0.03
L2_TIME_PERIOD,03F0150N_03F0140N,ALL,早尖峰,38,43,5,0.13157894736842105,穩定,0.63,0.72,0.08
L2_TIME_PERIOD,03F0150N_03F0140N,ALL,晚尖峰,39,42,3,0.07692307692307693,穩定,0.65,0.7,0.05
L2_TIME_PERIOD,03F0158S_03F0201S,ALL,凌晨,170,191,21,0.12352941176470589,穩定,2.83,3.18,0.35
L2_TIME_PERIOD,03F0158S_03F0201S,ALL,夜間,179,291,112,0.6256983240223464,不穩定,2.98,4.85,1.87
L2_TIME_PERIOD,03F0158S_03F0201S,ALL,日間,183,206,23,0.12568306010928962,穩定,3.05,3.43,0.38
L2_TIME_PERIOD,03F0158S_03F0201S,ALL,早尖峰,191,314,123,0.643979057591623,不穩定,3.18,5.23,2.05
L2_TIME_PERIOD,03F0158S_03F0201S,ALL,晚尖峰,222,441,219,0.9864864864864865,不穩定,3.7,7.35,3.65
L2_TIME_PERIOD,03F0158S_05F0000S,ALL,凌晨,47,54,7,0.14893617021276595,穩定,0.78,0.9,0.12
L2_TIME_PERIOD,03F0158S_05F0000S,ALL,夜間,49,60,11,0.22448979591836735,穩定,0.82,1.0,0.18
L2_TIME_PERIOD,03F0158S_05F0000S,ALL,日間,52,158,106,2.0384615384615383,高風險,0.87,2.63,1.77
L2_TIME_PERIOD,03F0158S_05F0000S,ALL,早尖峰,49,146,97,1.9795918367346939,高風險,0.82,2.43,1.62
L2_TIME_PERIOD,03F0158S_05F0000S,ALL,晚尖峰,51,64,13,0.2549019607843137,普通,0.85,1.07,0.22
L2_TIME_PERIOD,03F0201N_03F0150N,ALL,凌晨,197,219,22,0.1116751269035533,穩定,3.28,3.65,0.37
L2_TIME_PERIOD,03F0201N_03F0150N,ALL,夜間,204,224,20,0.09803921568627451,穩定,3.4,3.73,0.33
L2_TIME_PERIOD,03F0201N_03F0150N,ALL,日間,225,302,77,0.3422222222222222,普通,3.75,5.03,1.28
L2_TIME_PERIOD,03F0201N_03F0150N,ALL,早尖峰,267,289,22,0.08239700374531835,穩定,4.45,4.82,0.37
L2_TIME_PERIOD,03F0201N_03F0150N,ALL,晚尖峰,223,273,50,0.2242152466367713,穩定,3.72,4.55,0.83
L2_TIME_PERIOD,03F0201N_05F0000S,ALL,凌晨,182,204,22,0.12087912087912088,穩定,3.03,3.4,0.37
L2_TIME_PERIOD,03F0201N_05F0000S,ALL,夜間,193,227,34,0.17616580310880828,穩定,3.22,3.78,0.57
L2_TIME_PERIOD,03F0201N_05F0000S,ALL,日間,216,1042,826,3.824074074074074,高風險,3.6,17.37,13.77
L2_TIME_PERIOD,03F0201N_05F0000S,ALL,早尖峰,207,1038,831,4.0144927536231885,高風險,3.45,17.3,13.85
L2_TIME_PERIOD,03F0201N_05F0000S,ALL,晚尖峰,211,267,56,0.26540284360189575,普通,3.52,4.45,0.93
L2_TIME_PERIOD,03F0201S_03A0041N,ALL,凌晨,67,77,10,0.14925373134328357,穩定,1.12,1.28,0.17
L2_TIME_PERIOD,03F0201S_03A0041N,ALL,夜間,74,87,13,0.17567567567567569,穩定,1.23,1.45,0.22
L2_TIME_PERIOD,03F0201S_03A0041N,ALL,日間,75,84,9,0.12,穩定,1.25,1.4,0.15
L2_TIME_PERIOD,03F0201S_03A0041N,ALL,早尖峰,86,154,68,0.7906976744186046,不穩定,1.43,2.57,1.13
L2_TIME_PERIOD,03F0201S_03A0041N,ALL,晚尖峰,85,108,23,0.27058823529411763,普通,1.42,1.8,0.38
L2_TIME_PERIOD,03F0201S_03F0217S,ALL,凌晨,61,67,6,0.09836065573770492,穩定,1.02,1.12,0.1
L2_TIME_PERIOD,03F0201S_03F0217S,ALL,夜間,64,114,50,0.78125,不穩定,1.07,1.9,0.83
L2_TIME_PERIOD,03F0201S_03F0217S,ALL,日間,64,76,12,0.1875,穩定,1.07,1.27,0.2
L2_TIME_PERIOD,03F0201S_03F0217S,ALL,早尖峰,63,71,8,0.12698412698412698,穩定,1.05,1.18,0.13
L2_TIME_PERIOD,03F0201S_03F0217S,ALL,晚尖峰,85,167,82,0.9647058823529412,不穩定,1.42,2.78,1.37
L2_TIME_PERIOD,03F0217N_03A0041N,ALL,凌晨,107,293,186,1.7383177570093458,高風險,1.78,4.88,3.1
L2_TIME_PERIOD,03F0217N_03A0041N,ALL,夜間,113,125,12,0.10619469026548672,穩定,1.88,2.08,0.2
L2_TIME_PERIOD,03F0217N_03A0041N,ALL,日間,115,132,17,0.14782608695652175,穩定,1.92,2.2,0.28
L2_TIME_PERIOD,03F0217N_03A0041N,ALL,早尖峰,127,472,345,2.716535433070866,高風險,2.12,7.87,5.75
L2_TIME_PERIOD,03F0217N_03A0041N,ALL,晚尖峰,118,131,13,0.11016949152542373,穩定,1.97,2.18,0.22
L2_TIME_PERIOD,03F0217N_03F0201N,ALL,凌晨,58,64,6,0.10344827586206896,穩定,0.97,1.07,0.1
L2_TIME_PERIOD,03F0217N_03F0201N,ALL,夜間,59,65,6,0.1016949152542373,穩定,0.98,1.08,0.1
L2_TIME_PERIOD,03F0217N_03F0201N,ALL,日間,62,333,271,4.370967741935484,高風險,1.03,5.55,4.52
L2_TIME_PERIOD,03F0217N_03F0201N,ALL,早尖峰,71,335,264,3.7183098591549295,高風險,1.18,5.58,4.4
L2_TIME_PERIOD,03F0217N_03F0201N,ALL,晚尖峰,62,95,33,0.532258064516129,不穩定,1.03,1.58,0.55
L2_TIME_PERIOD,03F0217S_03F0301S,ALL,凌晨,321,351,30,0.09345794392523364,穩定,5.35,5.85,0.5
L2_TIME_PERIOD,03F0217S_03F0301S,ALL,夜間,341,405,64,0.187683284457478,穩定,5.68,6.75,1.07
L2_TIME_PERIOD,03F0217S_03F0301S,ALL,日間,349,398,49,0.14040114613180515,穩定,5.82,6.63,0.82
L2_TIME_PERIOD,03F0217S_03F0301S,ALL,早尖峰,335,366,31,0.09253731343283582,穩定,5.58,6.1,0.52
L2_TIME_PERIOD,03F0217S_03F0301S,ALL,晚尖峰,397,773,376,0.947103274559194,不穩定,6.62,12.88,6.27
L2_TIME_PERIOD,03F0301N_03F0217N,ALL,凌晨,331,365,34,0.1027190332326284,穩定,5.52,6.08,0.57
L2_TIME_PERIOD,03F0301N_03F0217N,ALL,夜間,339,367,28,0.08259587020648967,穩定,5.65,6.12,0.47
L2_TIME_PERIOD,03F0301N_03F0217N,ALL,日間,362,644,282,0.7790055248618785,不穩定,6.03,10.73,4.7
L2_TIME_PERIOD,03F0301N_03F0217N,ALL,早尖峰,441,818,377,0.854875283446712,不穩定,7.35,13.63,6.28
L2_TIME_PERIOD,03F0301N_03F0217N,ALL,晚尖峰,354,383,29,0.08192090395480225,穩定,5.9,6.38,0.48
L2_TIME_PERIOD,03F0301S_03F0337S,ALL,凌晨,138,152,14,0.10144927536231885,穩定,2.3,2.53,0.23
L2_TIME_PERIOD,03F0301S_03F0337S,ALL,夜間,148,361,213,1.4391891891891893,高風險,2.47,6.02,3.55
L2_TIME_PERIOD,03F0301S_03F0337S,ALL,日間,155,509,354,2.2838709677419353,高風險,2.58,8.48,5.9
L2_TIME_PERIOD,03F0301S_03F0337S,ALL,早尖峰,190,496,306,1.6105263157894736,高風險,3.17,8.27,5.1
L2_TIME_PERIOD,03F0301S_03F0337S,ALL,晚尖峰,405,670,265,0.654320987654321,不穩定,6.75,11.17,4.42
L2_TIME_PERIOD,03F0337S_03F0385S,ALL,凌晨,208,235,27,0.12980769230769232,穩定,3.47,3.92,0.45
L2_TIME_PERIOD,03F0337S_03F0385S,ALL,夜間,221,285,64,0.2895927601809955,普通,3.68,4.75,1.07
L2_TIME_PERIOD,03F0337S_03F0385S,ALL,日間,233,295,62,0.26609442060085836,普通,3.88,4.92,1.03
L2_TIME_PERIOD,03F0337S_03F0385S,ALL,早尖峰,233,281,48,0.20600858369098712,穩定,3.88,4.68,0.8
L2_TIME_PERIOD,03F0337S_03F0385S,ALL,晚尖峰,266,417,151,0.5676691729323309,不穩定,4.43,6.95,2.52
L2_TIME_PERIOD,03F0338N_03F0301N,ALL,凌晨,139,153,14,0.10071942446043165,穩定,2.32,2.55,0.23
L2_TIME_PERIOD,03F0338N_03F0301N,ALL,夜間,143,161,18,0.1258741258741259,穩定,2.38,2.68,0.3
L2_TIME_PERIOD,03F0338N_03F0301N,ALL,日間,147,167,20,0.1360544217687075,穩定,2.45,2.78,0.33
L2_TIME_PERIOD,03F0338N_03F0301N,ALL,早尖峰,151,286,135,0.8940397350993378,不穩定,2.52,4.77,2.25
L2_TIME_PERIOD,03F0338N_03F0301N,ALL,晚尖峰,150,171,21,0.14,穩定,2.5,2.85,0.35
L2_TIME_PERIOD,03F0385N_03F0338N,ALL,凌晨,206,236,30,0.14563106796116504,穩定,3.43,3.93,0.5
L2_TIME_PERIOD,03F0385N_03F0338N,ALL,夜間,216,336,120,0.5555555555555556,不穩定,3.6,5.6,2.0
L2_TIME_PERIOD,03F0385N_03F0338N,ALL,日間,231,754,523,2.264069264069264,高風險,3.85,12.57,8.72
L2_TIME_PERIOD,03F0385N_03F0338N,ALL,早尖峰,317,770,453,1.4290220820189274,高風險,5.28,12.83,7.55
L2_TIME_PERIOD,03F0385N_03F0338N,ALL,晚尖峰,272,600,328,1.2058823529411764,高風險,4.53,10.0,5.47
L2_TIME_PERIOD,03F0385S_03F0447S,ALL,凌晨,188,225,37,0.19680851063829788,穩定,3.13,3.75,0.62
L2_TIME_PERIOD,03F0385S_03F0447S,ALL,夜間,203,642,439,2.1625615763546797,高風險,3.38,10.7,7.32
L2_TIME_PERIOD,03F0385S_03F0447S,ALL,日間,212,518,306,1.4433962264150944,高風險,3.53,8.63,5.1
L2_TIME_PERIOD,03F0385S_03F0447S,ALL,早尖峰,215,430,215,1.0,高風險,3.58,7.17,3.58
L2_TIME_PERIOD,03F0385S_03F0447S,ALL,晚尖峰,305,762,457,1.498360655737705,高風險,5.08,12.7,7.62
L2_TIME_PERIOD,03F0447N_03F0385N,ALL,凌晨,185,226,41,0.22162162162162163,穩定,3.08,3.77,0.68
L2_TIME_PERIOD,03F0447N_03F0385N,ALL,夜間,197,252,55,0.27918781725888325,普通,3.28,4.2,0.92
L2_TIME_PERIOD,03F0447N_03F0385N,ALL,日間,204,328,124,0.6078431372549019,不穩定,3.4,5.47,2.07
L2_TIME_PERIOD,03F0447N_03F0385N,ALL,早尖峰,211,461,250,1.1848341232227488,高風險,3.52,7.68,4.17
L2_TIME_PERIOD,03F0447N_03F0385N,ALL,晚尖峰,228,398,170,0.7456140350877193,不穩定,3.8,6.63,2.83
L2_TIME_PERIOD,03F0447S_03F0498S,ALL,凌晨,171,206,35,0.2046783625730994,穩定,2.85,3.43,0.58
L2_TIME_PERIOD,03F0447S_03F0498S,ALL,夜間,185,231,46,0.24864864864864866,穩定,3.08,3.85,0.77
L2_TIME_PERIOD,03F0447S_03F0498S,ALL,日間,200,273,73,0.365,普通,3.33,4.55,1.22
L2_TIME_PERIOD,03F0447S_03F0498S,ALL,早尖峰,204,246,42,0.20588235294117646,穩定,3.4,4.1,0.7
L2_TIME_PERIOD,03F0447S_03F0498S,ALL,晚尖峰,217,248,31,0.14285714285714285,穩定,3.62,4.13,0.52
L2_TIME_PERIOD,03F0498N_03F0447N,ALL,凌晨,170,211,41,0.2411764705882353,穩定,2.83,3.52,0.68
L2_TIME_PERIOD,03F0498N_03F0447N,ALL,夜間,183,306,123,0.6721311475409836,不穩定,3.05,5.1,2.05
L2_TIME_PERIOD,03F0498N_03F0447N,ALL,日間,191,407,216,1.130890052356021,高風險,3.18,6.78,3.6
L2_TIME_PERIOD,03F0498N_03F0447N,ALL,早尖峰,201,421,220,1.0945273631840795,高風險,3.35,7.02,3.67
L2_TIME_PERIOD,03F0498N_03F0447N,ALL,晚尖峰,261,460,199,0.7624521072796935,不穩定,4.35,7.67,3.32
L2_TIME_PERIOD,03F0498S_03F0525S,ALL,凌晨,92,108,16,0.17391304347826086,穩定,1.53,1.8,0.27
L2_TIME_PERIOD,03F0498S_03F0525S,ALL,夜間,99,120,21,0.21212121212121213,穩定,1.65,2.0,0.35
L2_TIME_PERIOD,03F0498S_03F0525S,ALL,日間,105,292,187,1.7809523809523808,高風險,1.75,4.87,3.12
L2_TIME_PERIOD,03F0498S_03F0525S,ALL,早尖峰,104,190,86,0.8269230769230769,不穩定,1.73,3.17,1.43
L2_TIME_PERIOD,03F0498S_03F0525S,ALL,晚尖峰,105,125,20,0.19047619047619047,穩定,1.75,2.08,0.33
L2_TIME_PERIOD,03F0525N_03F0498N,ALL,凌晨,90,109,19,0.2111111111111111,穩定,1.5,1.82,0.32
L2_TIME_PERIOD,03F0525N_03F0498N,ALL,夜間,97,149,52,0.5360824742268041,不穩定,1.62,2.48,0.87
L2_TIME_PERIOD,03F0525N_03F0498N,ALL,日間,98,133,35,0.35714285714285715,普通,1.63,2.22,0.58
L2_TIME_PERIOD,03F0525N_03F0498N,ALL,早尖峰,97,177,80,0.8247422680412371,不穩定,1.62,2.95,1.33
L2_TIME_PERIOD,03F0525N_03F0498N,ALL,晚尖峰,115,277,162,1.4086956521739131,高風險,1.92,4.62,2.7
L2_TIME_PERIOD,03F0525S_01F0511N,ALL,凌晨,571,2338,1767,3.094570928196147,高風險,9.52,38.97,29.45
L2_TIME_PERIOD,03F0525S_01F0511N,ALL,夜間,586,1229,643,1.0972696245733788,高風險,9.77,20.48,10.72
L2_TIME_PERIOD,03F0525S_01F0511N,ALL,日間,639,962,323,0.5054773082942097,不穩定,10.65,16.03,5.38
L2_TIME_PERIOD,03F0525S_01F0511N,ALL,早尖峰,720,1183,463,0.6430555555555556,不穩定,12.0,19.72,7.72
L2_TIME_PERIOD,03F0525S_01F0511N,ALL,晚尖峰,641,943,302,0.4711388455538221,普通,10.68,15.72,5.03
L2_TIME_PERIOD,03F0525S_01F0532S,ALL,凌晨,561,1729,1168,2.0819964349376114,高風險,9.35,28.82,19.47
L2_TIME_PERIOD,03F0525S_01F0532S,ALL,夜間,589,828,239,0.4057724957555178,普通,9.82,13.8,3.98
L2_TIME_PERIOD,03F0525S_01F0532S,ALL,日間,640,1168,528,0.825,不穩定,10.67,19.47,8.8
L2_TIME_PERIOD,03F0525S_01F0532S,ALL,早尖峰,721,1249,528,0.7323162274618585,不穩定,12.02,20.82,8.8
L2_TIME_PERIOD,03F0525S_01F0532S,ALL,晚尖峰,645,1107,462,0.7162790697674418,不穩定,10.75,18.45,7.7
L2_TIME_PERIOD,03F0525S_03F0559S,ALL,凌晨,116,140,24,0.20689655172413793,穩定,1.93,2.33,0.4
L2_TIME_PERIOD,03F0525S_03F0559S,ALL,夜間,122,144,22,0.18032786885245902,穩定,2.03,2.4,0.37
L2_TIME_PERIOD,03F0525S_03F0559S,ALL,日間,133,426,293,2.2030075187969924,高風險,2.22,7.1,4.88
L2_TIME_PERIOD,03F0525S_03F0559S,ALL,早尖峰,131,232,101,0.7709923664122137,不穩定,2.18,3.87,1.68
L2_TIME_PERIOD,03F0525S_03F0559S,ALL,晚尖峰,129,153,24,0.18604651162790697,穩定,2.15,2.55,0.4
L2_TIME_PERIOD,03F0559N_01F0511N,ALL,凌晨,543,1683,1140,2.0994475138121547,高風險,9.05,28.05,19.0
L2_TIME_PERIOD,03F0559N_01F0511N,ALL,夜間,581,698,117,0.20137693631669534,穩定,9.68,11.63,1.95
L2_TIME_PERIOD,03F0559N_01F0511N,ALL,日間,608,828,220,0.3618421052631579,普通,10.13,13.8,3.67
L2_TIME_PERIOD,03F0559N_01F0511N,ALL,早尖峰,694,1067,373,0.537463976945245,不穩定,11.57,17.78,6.22
L2_TIME_PERIOD,03F0559N_01F0511N,ALL,晚尖峰,643,827,184,0.28615863141524106,普通,10.72,13.78,3.07
L2_TIME_PERIOD,03F0559N_01F0532S,ALL,凌晨,1987,3272,1285,0.6467035732259688,不穩定,33.12,54.53,21.42
L2_TIME_PERIOD,03F0559N_01F0532S,ALL,夜間,1794,3176,1382,0.770345596432553,不穩定,29.9,52.93,23.03
L2_TIME_PERIOD,03F0559N_01F0532S,ALL,日間,1709,3194,1485,0.868929198361615,不穩定,28.48,53.23,24.75
L2_TIME_PERIOD,03F0559N_01F0532S,ALL,早尖峰,1052,3069,2017,1.917300380228137,高風險,17.53,51.15,33.62
L2_TIME_PERIOD,03F0559N_01F0532S,ALL,晚尖峰,1357,3135,1778,1.3102431834929993,高風險,22.62,52.25,29.63
L2_TIME_PERIOD,03F0559N_03F0525N,ALL,凌晨,114,139,25,0.21929824561403508,穩定,1.9,2.32,0.42
L2_TIME_PERIOD,03F0559N_03F0525N,ALL,夜間,122,302,180,1.4754098360655739,高風險,2.03,5.03,3.0
L2_TIME_PERIOD,03F0559N_03F0525N,ALL,日間,123,152,29,0.23577235772357724,穩定,2.05,2.53,0.48
L2_TIME_PERIOD,03F0559N_03F0525N,ALL,早尖峰,118,140,22,0.1864406779661017,穩定,1.97,2.33,0.37
L2_TIME_PERIOD,03F0559N_03F0525N,ALL,晚尖峰,148,366,218,1.472972972972973,高風險,2.47,6.1,3.63
L2_TIME_PERIOD,03F0559S_03F0648S,ALL,凌晨,299,368,69,0.23076923076923078,穩定,4.98,6.13,1.15
L2_TIME_PERIOD,03F0559S_03F0648S,ALL,夜間,312,384,72,0.23076923076923078,穩定,5.2,6.4,1.2
L2_TIME_PERIOD,03F0559S_03F0648S,ALL,日間,352,948,596,1.6931818181818181,高風險,5.87,15.8,9.93
L2_TIME_PERIOD,03F0559S_03F0648S,ALL,早尖峰,364,730,366,1.0054945054945055,高風險,6.07,12.17,6.1
L2_TIME_PERIOD,03F0559S_03F0648S,ALL,晚尖峰,331,466,135,0.4078549848942598,普通,5.52,7.77,2.25
L2_TIME_PERIOD,03F0648N_03F0559N,ALL,凌晨,293,358,65,0.22184300341296928,穩定,4.88,5.97,1.08
L2_TIME_PERIOD,03F0648N_03F0559N,ALL,夜間,313,814,501,1.6006389776357828,高風險,5.22,13.57,8.35
L2_TIME_PERIOD,03F0648N_03F0559N,ALL,日間,318,539,221,0.6949685534591195,不穩定,5.3,8.98,3.68
L2_TIME_PERIOD,03F0648N_03F0559N,ALL,早尖峰,303,348,45,0.1485148514851485,穩定,5.05,5.8,0.75
L2_TIME_PERIOD,03F0648N_03F0559N,ALL,晚尖峰,424,991,567,1.3372641509433962,高風險,7.07,16.52,9.45
L2_TIME_PERIOD,03F0648S_03F0698S,ALL,凌晨,171,212,41,0.23976608187134502,穩定,2.85,3.53,0.68
L2_TIME_PERIOD,03F0648S_03F0698S,ALL,夜間,176,216,40,0.22727272727272727,穩定,2.93,3.6,0.67
L2_TIME_PERIOD,03F0648S_03F0698S,ALL,日間,192,486,294,1.53125,高風險,3.2,8.1,4.9
L2_TIME_PERIOD,03F0648S_03F0698S,ALL,早尖峰,199,295,96,0.4824120603015075,普通,3.32,4.92,1.6
L2_TIME_PERIOD,03F0648S_03F0698S,ALL,晚尖峰,183,221,38,0.20765027322404372,穩定,3.05,3.68,0.63
L2_TIME_PERIOD,03F0698N_03F0648N,ALL,凌晨,169,212,43,0.25443786982248523,普通,2.82,3.53,0.72
L2_TIME_PERIOD,03F0698N_03F0648N,ALL,夜間,179,555,376,2.100558659217877,高風險,2.98,9.25,6.27
L2_TIME_PERIOD,03F0698N_03F0648N,ALL,日間,180,300,120,0.6666666666666666,不穩定,3.0,5.0,2.0
L2_TIME_PERIOD,03F0698N_03F0648N,ALL,早尖峰,170,201,31,0.18235294117647058,穩定,2.83,3.35,0.52
L2_TIME_PERIOD,03F0698N_03F0648N,ALL,晚尖峰,211,755,544,2.5781990521327014,高風險,3.52,12.58,9.07
L2_TIME_PERIOD,03F0698S_03F0746S,ALL,凌晨,161,249,88,0.546583850931677,不穩定,2.68,4.15,1.47
L2_TIME_PERIOD,03F0698S_03F0746S,ALL,夜間,164,200,36,0.21951219512195122,穩定,2.73,3.33,0.6
L2_TIME_PERIOD,03F0698S_03F0746S,ALL,日間,173,364,191,1.1040462427745665,高風險,2.88,6.07,3.18
L2_TIME_PERIOD,03F0698S_03F0746S,ALL,早尖峰,174,226,52,0.2988505747126437,普通,2.9,3.77,0.87
L2_TIME_PERIOD,03F0698S_03F0746S,ALL,晚尖峰,167,203,36,0.2155688622754491,穩定,2.78,3.38,0.6
L2_TIME_PERIOD,03F0746N_03F0698N,ALL,凌晨,160,263,103,0.64375,不穩定,2.67,4.38,1.72
L2_TIME_PERIOD,03F0746N_03F0698N,ALL,夜間,168,316,148,0.8809523809523809,不穩定,2.8,5.27,2.47
L2_TIME_PERIOD,03F0746N_03F0698N,ALL,日間,167,276,109,0.6526946107784432,不穩定,2.78,4.6,1.82
L2_TIME_PERIOD,03F0746N_03F0698N,ALL,早尖峰,159,207,48,0.3018867924528302,普通,2.65,3.45,0.8
L2_TIME_PERIOD,03F0746N_03F0698N,ALL,晚尖峰,188,681,493,2.622340425531915,高風險,3.13,11.35,8.22
L2_TIME_PERIOD,03F0746S_03F0783S,ALL,凌晨,121,146,25,0.2066115702479339,穩定,2.02,2.43,0.42
L2_TIME_PERIOD,03F0746S_03F0783S,ALL,夜間,122,140,18,0.14754098360655737,穩定,2.03,2.33,0.3
L2_TIME_PERIOD,03F0746S_03F0783S,ALL,日間,127,152,25,0.1968503937007874,穩定,2.12,2.53,0.42
L2_TIME_PERIOD,03F0746S_03F0783S,ALL,早尖峰,127,146,19,0.14960629921259844,穩定,2.12,2.43,0.32
L2_TIME_PERIOD,03F0746S_03F0783S,ALL,晚尖峰,124,143,19,0.1532258064516129,穩定,2.07,2.38,0.32
L2_TIME_PERIOD,03F0783N_03F0746N,ALL,凌晨,126,173,47,0.373015873015873,普通,2.1,2.88,0.78
L2_TIME_PERIOD,03F0783N_03F0746N,ALL,夜間,129,201,72,0.5581395348837209,不穩定,2.15,3.35,1.2
L2_TIME_PERIOD,03F0783N_03F0746N,ALL,日間,128,158,30,0.234375,穩定,2.13,2.63,0.5
L2_TIME_PERIOD,03F0783N_03F0746N,ALL,早尖峰,123,154,31,0.25203252032520324,普通,2.05,2.57,0.52
L2_TIME_PERIOD,03F0783N_03F0746N,ALL,晚尖峰,134,317,183,1.3656716417910448,高風險,2.23,5.28,3.05
L2_TIME_PERIOD,03F0783S_03F0846S,ALL,凌晨,209,255,46,0.22009569377990432,穩定,3.48,4.25,0.77
L2_TIME_PERIOD,03F0783S_03F0846S,ALL,夜間,212,246,34,0.16037735849056603,穩定,3.53,4.1,0.57
L2_TIME_PERIOD,03F0783S_03F0846S,ALL,日間,221,259,38,0.17194570135746606,穩定,3.68,4.32,0.63
L2_TIME_PERIOD,03F0783S_03F0846S,ALL,早尖峰,221,249,28,0.12669683257918551,穩定,3.68,4.15,0.47
L2_TIME_PERIOD,03F0783S_03F0846S,ALL,晚尖峰,217,253,36,0.16589861751152074,穩定,3.62,4.22,0.6
L2_TIME_PERIOD,03F0846N_03F0783N,ALL,凌晨,209,266,57,0.2727272727272727,普通,3.48,4.43,0.95
L2_TIME_PERIOD,03F0846N_03F0783N,ALL,夜間,215,272,57,0.2651162790697674,普通,3.58,4.53,0.95
L2_TIME_PERIOD,03F0846N_03F0783N,ALL,日間,215,252,37,0.17209302325581396,穩定,3.58,4.2,0.62
L2_TIME_PERIOD,03F0846N_03F0783N,ALL,早尖峰,208,251,43,0.20673076923076922,穩定,3.47,4.18,0.72
L2_TIME_PERIOD,03F0846N_03F0783N,ALL,晚尖峰,225,278,53,0.23555555555555555,穩定,3.75,4.63,0.88
L2_TIME_PERIOD,03F0846S_03F0961S,ALL,凌晨,382,479,97,0.25392670157068065,普通,6.37,7.98,1.62
L2_TIME_PERIOD,03F0846S_03F0961S,ALL,夜間,385,457,72,0.18701298701298702,穩定,6.42,7.62,1.2
L2_TIME_PERIOD,03F0846S_03F0961S,ALL,日間,399,471,72,0.18045112781954886,穩定,6.65,7.85,1.2
L2_TIME_PERIOD,03F0846S_03F0961S,ALL,早尖峰,402,482,80,0.19900497512437812,穩定,6.7,8.03,1.33
L2_TIME_PERIOD,03F0846S_03F0961S,ALL,晚尖峰,392,463,71,0.18112244897959184,穩定,6.53,7.72,1.18
L2_TIME_PERIOD,03F0961N_03F0846N,ALL,凌晨,383,493,110,0.28720626631853785,普通,6.38,8.22,1.83
L2_TIME_PERIOD,03F0961N_03F0846N,ALL,夜間,392,508,116,0.29591836734693877,普通,6.53,8.47,1.93
L2_TIME_PERIOD,03F0961N_03F0846N,ALL,日間,391,477,86,0.21994884910485935,穩定,6.52,7.95,1.43
L2_TIME_PERIOD,03F0961N_03F0846N,ALL,早尖峰,379,459,80,0.21108179419525067,穩定,6.32,7.65,1.33
L2_TIME_PERIOD,03F0961N_03F0846N,ALL,晚尖峰,411,626,215,0.5231143552311436,不穩定,6.85,10.43,3.58
L2_TIME_PERIOD,03F0961S_03F0996S,ALL,凌晨,118,143,25,0.211864406779661,穩定,1.97,2.38,0.42
L2_TIME_PERIOD,03F0961S_03F0996S,ALL,夜間,120,137,17,0.14166666666666666,穩定,2.0,2.28,0.28
L2_TIME_PERIOD,03F0961S_03F0996S,ALL,日間,121,140,19,0.15702479338842976,穩定,2.02,2.33,0.32
L2_TIME_PERIOD,03F0961S_03F0996S,ALL,早尖峰,122,155,33,0.27049180327868855,普通,2.03,2.58,0.55
L2_TIME_PERIOD,03F0961S_03F0996S,ALL,晚尖峰,121,139,18,0.1487603305785124,穩定,2.02,2.32,0.3
L2_TIME_PERIOD,03F0996N_03F0961N,ALL,凌晨,121,166,45,0.371900826446281,普通,2.02,2.77,0.75
L2_TIME_PERIOD,03F0996N_03F0961N,ALL,夜間,123,249,126,1.024390243902439,高風險,2.05,4.15,2.1
L2_TIME_PERIOD,03F0996N_03F0961N,ALL,日間,123,152,29,0.23577235772357724,穩定,2.05,2.53,0.48
L2_TIME_PERIOD,03F0996N_03F0961N,ALL,早尖峰,121,150,29,0.2396694214876033,穩定,2.02,2.5,0.48
L2_TIME_PERIOD,03F0996N_03F0961N,ALL,晚尖峰,128,242,114,0.890625,不穩定,2.13,4.03,1.9
L2_TIME_PERIOD,03F0996S_01F0979N,ALL,凌晨,87,840,753,8.655172413793103,高風險,1.45,14.0,12.55
L2_TIME_PERIOD,03F0996S_01F0979N,ALL,夜間,91,115,24,0.26373626373626374,普通,1.52,1.92,0.4
L2_TIME_PERIOD,03F0996S_01F0979N,ALL,日間,92,130,38,0.41304347826086957,普通,1.53,2.17,0.63
L2_TIME_PERIOD,03F0996S_01F0979N,ALL,早尖峰,183,716,533,2.912568306010929,高風險,3.05,11.93,8.88
L2_TIME_PERIOD,03F0996S_01F0979N,ALL,晚尖峰,95,186,91,0.9578947368421052,不穩定,1.58,3.1,1.52
L2_TIME_PERIOD,03F0996S_01F1045S,ALL,凌晨,240,282,42,0.175,穩定,4.0,4.7,0.7
L2_TIME_PERIOD,03F0996S_01F1045S,ALL,夜間,247,323,76,0.3076923076923077,普通,4.12,5.38,1.27
L2_TIME_PERIOD,03F0996S_01F1045S,ALL,日間,249,446,197,0.7911646586345381,不穩定,4.15,7.43,3.28
L2_TIME_PERIOD,03F0996S_01F1045S,ALL,早尖峰,246,279,33,0.13414634146341464,穩定,4.1,4.65,0.55
L2_TIME_PERIOD,03F0996S_01F1045S,ALL,晚尖峰,250,299,49,0.196,穩定,4.17,4.98,0.82
L2_TIME_PERIOD,03F0996S_03F1022S,ALL,凌晨,88,109,21,0.23863636363636365,穩定,1.47,1.82,0.35
L2_TIME_PERIOD,03F0996S_03F1022S,ALL,夜間,88,105,17,0.19318181818181818,穩定,1.47,1.75,0.28
L2_TIME_PERIOD,03F0996S_03F1022S,ALL,日間,90,106,16,0.17777777777777778,穩定,1.5,1.77,0.27
L2_TIME_PERIOD,03F0996S_03F1022S,ALL,早尖峰,89,103,14,0.15730337078651685,穩定,1.48,1.72,0.23
L2_TIME_PERIOD,03F0996S_03F1022S,ALL,晚尖峰,91,187,96,1.054945054945055,高風險,1.52,3.12,1.6
L2_TIME_PERIOD,03F1022N_01F0979N,ALL,凌晨,133,157,24,0.18045112781954886,穩定,2.22,2.62,0.4
L2_TIME_PERIOD,03F1022N_01F0979N,ALL,夜間,138,214,76,0.5507246376811594,不穩定,2.3,3.57,1.27
L2_TIME_PERIOD,03F1022N_01F0979N,ALL,日間,139,180,41,0.2949640287769784,普通,2.32,3.0,0.68
L2_TIME_PERIOD,03F1022N_01F0979N,ALL,早尖峰,165,1068,903,5.472727272727273,高風險,2.75,17.8,15.05
L2_TIME_PERIOD,03F1022N_01F0979N,ALL,晚尖峰,148,369,221,1.4932432432432432,高風險,2.47,6.15,3.68
L2_TIME_PERIOD,03F1022N_01F1045S,ALL,凌晨,243,2374,2131,8.76954732510288,高風險,4.05,39.57,35.52
L2_TIME_PERIOD,03F1022N_01F1045S,ALL,夜間,254,1512,1258,4.952755905511811,高風險,4.23,25.2,20.97
L2_TIME_PERIOD,03F1022N_01F1045S,ALL,日間,256,1424,1168,4.5625,高風險,4.27,23.73,19.47
L2_TIME_PERIOD,03F1022N_01F1045S,ALL,早尖峰,261,1508,1247,4.777777777777778,高風險,4.35,25.13,20.78
L2_TIME_PERIOD,03F1022N_01F1045S,ALL,晚尖峰,262,1217,955,3.645038167938931,高風險,4.37,20.28,15.92
L2_TIME_PERIOD,03F1022N_03F0996N,ALL,凌晨,88,113,25,0.2840909090909091,普通,1.47,1.88,0.42
L2_TIME_PERIOD,03F1022N_03F0996N,ALL,夜間,88,276,188,2.1363636363636362,高風險,1.47,4.6,3.13
L2_TIME_PERIOD,03F1022N_03F0996N,ALL,日間,88,104,16,0.18181818181818182,穩定,1.47,1.73,0.27
L2_TIME_PERIOD,03F1022N_03F0996N,ALL,早尖峰,93,119,26,0.27956989247311825,普通,1.55,1.98,0.43
L2_TIME_PERIOD,03F1022N_03F0996N,ALL,晚尖峰,90,195,105,1.1666666666666667,高風險,1.5,3.25,1.75
L2_TIME_PERIOD,03F1022S_03F1051S,ALL,凌晨,96,119,23,0.23958333333333334,穩定,1.6,1.98,0.38
L2_TIME_PERIOD,03F1022S_03F1051S,ALL,夜間,96,118,22,0.22916666666666666,穩定,1.6,1.97,0.37
L2_TIME_PERIOD,03F1022S_03F1051S,ALL,日間,99,118,19,0.1919191919191919,穩定,1.65,1.97,0.32
L2_TIME_PERIOD,03F1022S_03F1051S,ALL,早尖峰,98,114,16,0.16326530612244897,穩定,1.63,1.9,0.27
L2_TIME_PERIOD,03F1022S_03F1051S,ALL,晚尖峰,101,130,29,0.2871287128712871,普通,1.68,2.17,0.48
L2_TIME_PERIOD,03F1051N_03F1022N,ALL,凌晨,100,126,26,0.26,普通,1.67,2.1,0.43
L2_TIME_PERIOD,03F1051N_03F1022N,ALL,夜間,102,144,42,0.4117647058823529,普通,1.7,2.4,0.7
L2_TIME_PERIOD,03F1051N_03F1022N,ALL,日間,102,125,23,0.22549019607843138,穩定,1.7,2.08,0.38
L2_TIME_PERIOD,03F1051N_03F1022N,ALL,早尖峰,103,137,34,0.3300970873786408,普通,1.72,2.28,0.57
L2_TIME_PERIOD,03F1051N_03F1022N,ALL,晚尖峰,108,166,58,0.5370370370370371,不穩定,1.8,2.77,0.97
L2_TIME_PERIOD,03F1051S_03F1128S,ALL,凌晨,260,324,64,0.24615384615384617,穩定,4.33,5.4,1.07
L2_TIME_PERIOD,03F1051S_03F1128S,ALL,夜間,258,324,66,0.2558139534883721,普通,4.3,5.4,1.1
L2_TIME_PERIOD,03F1051S_03F1128S,ALL,日間,266,401,135,0.5075187969924813,不穩定,4.43,6.68,2.25
L2_TIME_PERIOD,03F1051S_03F1128S,ALL,早尖峰,262,316,54,0.20610687022900764,穩定,4.37,5.27,0.9
L2_TIME_PERIOD,03F1051S_03F1128S,ALL,晚尖峰,267,342,75,0.2808988764044944,普通,4.45,5.7,1.25
L2_TIME_PERIOD,03F1128N_03F1051N,ALL,凌晨,263,326,63,0.23954372623574144,穩定,4.38,5.43,1.05
L2_TIME_PERIOD,03F1128N_03F1051N,ALL,夜間,263,414,151,0.5741444866920152,不穩定,4.38,6.9,2.52
L2_TIME_PERIOD,03F1128N_03F1051N,ALL,日間,261,308,47,0.18007662835249041,穩定,4.35,5.13,0.78
L2_TIME_PERIOD,03F1128N_03F1051N,ALL,早尖峰,259,307,48,0.18532818532818532,穩定,4.32,5.12,0.8
L2_TIME_PERIOD,03F1128N_03F1051N,ALL,晚尖峰,269,347,78,0.2899628252788104,普通,4.48,5.78,1.3
L2_TIME_PERIOD,03F1128S_03F1161S,ALL,凌晨,111,138,27,0.24324324324324326,穩定,1.85,2.3,0.45
L2_TIME_PERIOD,03F1128S_03F1161S,ALL,夜間,109,137,28,0.25688073394495414,普通,1.82,2.28,0.47
L2_TIME_PERIOD,03F1128S_03F1161S,ALL,日間,113,138,25,0.22123893805309736,穩定,1.88,2.3,0.42
L2_TIME_PERIOD,03F1128S_03F1161S,ALL,早尖峰,110,132,22,0.2,穩定,1.83,2.2,0.37
L2_TIME_PERIOD,03F1128S_03F1161S,ALL,晚尖峰,112,141,29,0.25892857142857145,普通,1.87,2.35,0.48
L2_TIME_PERIOD,03F1161N_03F1128N,ALL,凌晨,117,144,27,0.23076923076923078,穩定,1.95,2.4,0.45
L2_TIME_PERIOD,03F1161N_03F1128N,ALL,夜間,113,242,129,1.1415929203539823,高風險,1.88,4.03,2.15
L2_TIME_PERIOD,03F1161N_03F1128N,ALL,日間,114,149,35,0.30701754385964913,普通,1.9,2.48,0.58
L2_TIME_PERIOD,03F1161N_03F1128N,ALL,早尖峰,112,136,24,0.21428571428571427,穩定,1.87,2.27,0.4
L2_TIME_PERIOD,03F1161N_03F1128N,ALL,晚尖峰,116,276,160,1.3793103448275863,高風險,1.93,4.6,2.67
L2_TIME_PERIOD,03F1161S_03F1215S,ALL,凌晨,181,226,45,0.24861878453038674,穩定,3.02,3.77,0.75
L2_TIME_PERIOD,03F1161S_03F1215S,ALL,夜間,177,221,44,0.24858757062146894,穩定,2.95,3.68,0.73
L2_TIME_PERIOD,03F1161S_03F1215S,ALL,日間,181,223,42,0.23204419889502761,穩定,3.02,3.72,0.7
L2_TIME_PERIOD,03F1161S_03F1215S,ALL,早尖峰,178,214,36,0.20224719101123595,穩定,2.97,3.57,0.6
L2_TIME_PERIOD,03F1161S_03F1215S,ALL,晚尖峰,180,220,40,0.2222222222222222,穩定,3.0,3.67,0.67
L2_TIME_PERIOD,03F1215N_03F1161N,ALL,凌晨,180,227,47,0.2611111111111111,普通,3.0,3.78,0.78
L2_TIME_PERIOD,03F1215N_03F1161N,ALL,夜間,178,548,370,2.0786516853932584,高風險,2.97,9.13,6.17
L2_TIME_PERIOD,03F1215N_03F1161N,ALL,日間,178,242,64,0.3595505617977528,普通,2.97,4.03,1.07
L2_TIME_PERIOD,03F1215N_03F1161N,ALL,早尖峰,174,214,40,0.22988505747126436,穩定,2.9,3.57,0.67
L2_TIME_PERIOD,03F1215N_03F1161N,ALL,晚尖峰,180,648,468,2.6,高風險,3.0,10.8,7.8
L2_TIME_PERIOD,03F1215S_03F1257S,ALL,凌晨,139,233,94,0.6762589928057554,不穩定,2.32,3.88,1.57
L2_TIME_PERIOD,03F1215S_03F1257S,ALL,夜間,136,175,39,0.2867647058823529,普通,2.27,2.92,0.65
L2_TIME_PERIOD,03F1215S_03F1257S,ALL,日間,139,192,53,0.381294964028777,普通,2.32,3.2,0.88
L2_TIME_PERIOD,03F1215S_03F1257S,ALL,早尖峰,136,175,39,0.2867647058823529,普通,2.27,2.92,0.65
L2_TIME_PERIOD,03F1215S_03F1257S,ALL,晚尖峰,138,173,35,0.2536231884057971,普通,2.3,2.88,0.58
L2_TIME_PERIOD,03F1257N_03F1215N,ALL,凌晨,136,232,96,0.7058823529411765,不穩定,2.27,3.87,1.6
L2_TIME_PERIOD,03F1257N_03F1215N,ALL,夜間,134,303,169,1.2611940298507462,高風險,2.23,5.05,2.82
L2_TIME_PERIOD,03F1257N_03F1215N,ALL,日間,134,201,67,0.5,不穩定,2.23,3.35,1.12
L2_TIME_PERIOD,03F1257N_03F1215N,ALL,早尖峰,132,196,64,0.48484848484848486,普通,2.2,3.27,1.07
L2_TIME_PERIOD,03F1257N_03F1215N,ALL,晚尖峰,136,397,261,1.9191176470588236,高風險,2.27,6.62,4.35
L2_TIME_PERIOD,03F1257S_03F1332S,ALL,凌晨,255,318,63,0.24705882352941178,穩定,4.25,5.3,1.05
L2_TIME_PERIOD,03F1257S_03F1332S,ALL,夜間,246,309,63,0.25609756097560976,普通,4.1,5.15,1.05
L2_TIME_PERIOD,03F1257S_03F1332S,ALL,日間,251,304,53,0.21115537848605578,穩定,4.18,5.07,0.88
L2_TIME_PERIOD,03F1257S_03F1332S,ALL,早尖峰,246,300,54,0.21951219512195122,穩定,4.1,5.0,0.9
L2_TIME_PERIOD,03F1257S_03F1332S,ALL,晚尖峰,249,307,58,0.23293172690763053,穩定,4.15,5.12,0.97
L2_TIME_PERIOD,03F1332N_03F1257N,ALL,凌晨,254,317,63,0.24803149606299213,穩定,4.23,5.28,1.05
L2_TIME_PERIOD,03F1332N_03F1257N,ALL,夜間,248,391,143,0.5766129032258065,不穩定,4.13,6.52,2.38
L2_TIME_PERIOD,03F1332N_03F1257N,ALL,日間,249,306,57,0.2289156626506024,穩定,4.15,5.1,0.95
L2_TIME_PERIOD,03F1332N_03F1257N,ALL,早尖峰,244,302,58,0.23770491803278687,穩定,4.07,5.03,0.97
L2_TIME_PERIOD,03F1332N_03F1257N,ALL,晚尖峰,251,556,305,1.2151394422310757,高風險,4.18,9.27,5.08
L2_TIME_PERIOD,03F1332S_03F1395S,ALL,凌晨,215,267,52,0.24186046511627907,穩定,3.58,4.45,0.87
L2_TIME_PERIOD,03F1332S_03F1395S,ALL,夜間,208,261,53,0.2548076923076923,普通,3.47,4.35,0.88
L2_TIME_PERIOD,03F1332S_03F1395S,ALL,日間,212,257,45,0.21226415094339623,穩定,3.53,4.28,0.75
L2_TIME_PERIOD,03F1332S_03F1395S,ALL,早尖峰,207,252,45,0.21739130434782608,穩定,3.45,4.2,0.75
L2_TIME_PERIOD,03F1332S_03F1395S,ALL,晚尖峰,210,260,50,0.23809523809523808,穩定,3.5,4.33,0.83
L2_TIME_PERIOD,03F1395N_03F1332N,ALL,凌晨,215,272,57,0.2651162790697674,普通,3.58,4.53,0.95
L2_TIME_PERIOD,03F1395N_03F1332N,ALL,夜間,210,273,63,0.3,普通,3.5,4.55,1.05
L2_TIME_PERIOD,03F1395N_03F1332N,ALL,日間,210,257,47,0.22380952380952382,穩定,3.5,4.28,0.78
L2_TIME_PERIOD,03F1395N_03F1332N,ALL,早尖峰,205,257,52,0.25365853658536586,普通,3.42,4.28,0.87
L2_TIME_PERIOD,03F1395N_03F1332N,ALL,晚尖峰,212,279,67,0.3160377358490566,普通,3.53,4.65,1.12
L2_TIME_PERIOD,03F1395S_03F1485S,ALL,凌晨,304,375,71,0.23355263157894737,穩定,5.07,6.25,1.18
L2_TIME_PERIOD,03F1395S_03F1485S,ALL,夜間,294,367,73,0.24829931972789115,穩定,4.9,6.12,1.22
L2_TIME_PERIOD,03F1395S_03F1485S,ALL,日間,299,359,60,0.20066889632107024,穩定,4.98,5.98,1.0
L2_TIME_PERIOD,03F1395S_03F1485S,ALL,早尖峰,294,353,59,0.20068027210884354,穩定,4.9,5.88,0.98
L2_TIME_PERIOD,03F1395S_03F1485S,ALL,晚尖峰,299,368,69,0.23076923076923078,穩定,4.98,6.13,1.15
L2_TIME_PERIOD,03F1485N_03F1395N,ALL,凌晨,302,377,75,0.24834437086092714,穩定,5.03,6.28,1.25
L2_TIME_PERIOD,03F1485N_03F1395N,ALL,夜間,296,377,81,0.27364864864864863,普通,4.93,6.28,1.35
L2_TIME_PERIOD,03F1485N_03F1395N,ALL,日間,296,367,71,0.23986486486486486,穩定,4.93,6.12,1.18
L2_TIME_PERIOD,03F1485N_03F1395N,ALL,早尖峰,292,360,68,0.2328767123287671,穩定,4.87,6.0,1.13
L2_TIME_PERIOD,03F1485N_03F1395N,ALL,晚尖峰,299,460,161,0.5384615384615384,不穩定,4.98,7.67,2.68
L2_TIME_PERIOD,03F1485S_03F1633S,ALL,凌晨,500,683,183,0.366,普通,8.33,11.38,3.05
L2_TIME_PERIOD,03F1485S_03F1633S,ALL,夜間,486,635,149,0.3065843621399177,普通,8.1,10.58,2.48
L2_TIME_PERIOD,03F1485S_03F1633S,ALL,日間,495,646,151,0.30505050505050507,普通,8.25,10.77,2.52
L2_TIME_PERIOD,03F1485S_03F1633S,ALL,早尖峰,484,624,140,0.2892561983471074,普通,8.07,10.4,2.33
L2_TIME_PERIOD,03F1485S_03F1633S,ALL,晚尖峰,500,830,330,0.66,不穩定,8.33,13.83,5.5
L2_TIME_PERIOD,03F1633N_03F1485N,ALL,凌晨,490,683,193,0.39387755102040817,普通,8.17,11.38,3.22
L2_TIME_PERIOD,03F1633N_03F1485N,ALL,夜間,480,649,169,0.35208333333333336,普通,8.0,10.82,2.82
L2_TIME_PERIOD,03F1633N_03F1485N,ALL,日間,485,652,167,0.3443298969072165,普通,8.08,10.87,2.78
L2_TIME_PERIOD,03F1633N_03F1485N,ALL,早尖峰,477,642,165,0.34591194968553457,普通,7.95,10.7,2.75
L2_TIME_PERIOD,03F1633N_03F1485N,ALL,晚尖峰,487,702,215,0.4414784394250513,普通,8.12,11.7,3.58
L2_TIME_PERIOD,03F1633S_03F1651S,ALL,凌晨,59,73,14,0.23728813559322035,穩定,0.98,1.22,0.23
L2_TIME_PERIOD,03F1633S_03F1651S,ALL,夜間,58,72,14,0.2413793103448276,穩定,0.97,1.2,0.23
L2_TIME_PERIOD,03F1633S_03F1651S,ALL,日間,59,71,12,0.2033898305084746,穩定,0.98,1.18,0.2
L2_TIME_PERIOD,03F1633S_03F1651S,ALL,早尖峰,58,69,11,0.1896551724137931,穩定,0.97,1.15,0.18
L2_TIME_PERIOD,03F1633S_03F1651S,ALL,晚尖峰,60,161,101,1.6833333333333333,高風險,1.0,2.68,1.68
L2_TIME_PERIOD,03F1651N_03F1633N,ALL,凌晨,60,74,14,0.23333333333333334,穩定,1.0,1.23,0.23
L2_TIME_PERIOD,03F1651N_03F1633N,ALL,夜間,59,73,14,0.23728813559322035,穩定,0.98,1.22,0.23
L2_TIME_PERIOD,03F1651N_03F1633N,ALL,日間,60,73,13,0.21666666666666667,穩定,1.0,1.22,0.22
L2_TIME_PERIOD,03F1651N_03F1633N,ALL,早尖峰,59,71,12,0.2033898305084746,穩定,0.98,1.18,0.2
L2_TIME_PERIOD,03F1651N_03F1633N,ALL,晚尖峰,60,81,21,0.35,普通,1.0,1.35,0.35
L2_TIME_PERIOD,03F1651S_01F1621N,ALL,凌晨,2612,3383,771,0.2951761102603369,普通,43.53,56.38,12.85
L2_TIME_PERIOD,03F1651S_01F1621N,ALL,夜間,2183,3355,1172,0.5368758589097572,不穩定,36.38,55.92,19.53
L2_TIME_PERIOD,03F1651S_01F1621N,ALL,日間,1613,3298,1685,1.0446373217606943,高風險,26.88,54.97,28.08
L2_TIME_PERIOD,03F1651S_01F1621N,ALL,早尖峰,2021,3317,1296,0.6412666996536368,不穩定,33.68,55.28,21.6
L2_TIME_PERIOD,03F1651S_01F1621N,ALL,晚尖峰,952,3286,2334,2.4516806722689077,高風險,15.87,54.77,38.9
L2_TIME_PERIOD,03F1651S_01F1664S,ALL,凌晨,528,680,152,0.2878787878787879,普通,8.8,11.33,2.53
L2_TIME_PERIOD,03F1651S_01F1664S,ALL,夜間,540,632,92,0.17037037037037037,穩定,9.0,10.53,1.53
L2_TIME_PERIOD,03F1651S_01F1664S,ALL,日間,552,738,186,0.33695652173913043,普通,9.2,12.3,3.1
L2_TIME_PERIOD,03F1651S_01F1664S,ALL,早尖峰,542,649,107,0.1974169741697417,穩定,9.03,10.82,1.78
L2_TIME_PERIOD,03F1651S_01F1664S,ALL,晚尖峰,584,1082,498,0.8527397260273972,不穩定,9.73,18.03,8.3
L2_TIME_PERIOD,03F1651S_03F1710S,ALL,凌晨,200,248,48,0.24,穩定,3.33,4.13,0.8
L2_TIME_PERIOD,03F1651S_03F1710S,ALL,夜間,196,242,46,0.23469387755102042,穩定,3.27,4.03,0.77
L2_TIME_PERIOD,03F1651S_03F1710S,ALL,日間,199,236,37,0.18592964824120603,穩定,3.32,3.93,0.62
L2_TIME_PERIOD,03F1651S_03F1710S,ALL,早尖峰,194,233,39,0.20103092783505155,穩定,3.23,3.88,0.65
L2_TIME_PERIOD,03F1651S_03F1710S,ALL,晚尖峰,202,247,45,0.22277227722772278,穩定,3.37,4.12,0.75
L2_TIME_PERIOD,03F1710N_01F1621N,ALL,凌晨,600,1399,799,1.3316666666666668,高風險,10.0,23.32,13.32
L2_TIME_PERIOD,03F1710N_01F1621N,ALL,夜間,607,858,251,0.4135090609555189,普通,10.12,14.3,4.18
L2_TIME_PERIOD,03F1710N_01F1621N,ALL,日間,629,948,319,0.5071542130365659,不穩定,10.48,15.8,5.32
L2_TIME_PERIOD,03F1710N_01F1621N,ALL,早尖峰,607,786,179,0.29489291598023065,普通,10.12,13.1,2.98
L2_TIME_PERIOD,03F1710N_01F1621N,ALL,晚尖峰,630,988,358,0.5682539682539682,不穩定,10.5,16.47,5.97
L2_TIME_PERIOD,03F1710N_01F1664S,ALL,凌晨,472,2543,2071,4.387711864406779,高風險,7.87,42.38,34.52
L2_TIME_PERIOD,03F1710N_01F1664S,ALL,夜間,484,1637,1153,2.3822314049586777,高風險,8.07,27.28,19.22
L2_TIME_PERIOD,03F1710N_01F1664S,ALL,日間,499,1984,1485,2.975951903807615,高風險,8.32,33.07,24.75
L2_TIME_PERIOD,03F1710N_01F1664S,ALL,早尖峰,481,707,226,0.4698544698544699,普通,8.02,11.78,3.77
L2_TIME_PERIOD,03F1710N_01F1664S,ALL,晚尖峰,520,1646,1126,2.1653846153846152,高風險,8.67,27.43,18.77
L2_TIME_PERIOD,03F1710N_03F1651N,ALL,凌晨,199,242,43,0.21608040201005024,穩定,3.32,4.03,0.72
L2_TIME_PERIOD,03F1710N_03F1651N,ALL,夜間,197,239,42,0.2131979695431472,穩定,3.28,3.98,0.7
L2_TIME_PERIOD,03F1710N_03F1651N,ALL,日間,199,259,60,0.3015075376884422,普通,3.32,4.32,1.0
L2_TIME_PERIOD,03F1710N_03F1651N,ALL,早尖峰,195,233,38,0.19487179487179487,穩定,3.25,3.88,0.63
L2_TIME_PERIOD,03F1710N_03F1651N,ALL,晚尖峰,201,360,159,0.7910447761194029,不穩定,3.35,6.0,2.65
L2_TIME_PERIOD,03F1710S_03F1739S,ALL,凌晨,98,128,30,0.30612244897959184,普通,1.63,2.13,0.5
L2_TIME_PERIOD,03F1710S_03F1739S,ALL,夜間,96,119,23,0.23958333333333334,穩定,1.6,1.98,0.38
L2_TIME_PERIOD,03F1710S_03F1739S,ALL,日間,97,118,21,0.21649484536082475,穩定,1.62,1.97,0.35
L2_TIME_PERIOD,03F1710S_03F1739S,ALL,早尖峰,95,118,23,0.24210526315789474,穩定,1.58,1.97,0.38
L2_TIME_PERIOD,03F1710S_03F1739S,ALL,晚尖峰,98,117,19,0.19387755102040816,穩定,1.63,1.95,0.32
L2_TIME_PERIOD,03F1739N_03F1710N,ALL,凌晨,99,122,23,0.23232323232323232,穩定,1.65,2.03,0.38
L2_TIME_PERIOD,03F1739N_03F1710N,ALL,夜間,97,115,18,0.18556701030927836,穩定,1.62,1.92,0.3
L2_TIME_PERIOD,03F1739N_03F1710N,ALL,日間,98,117,19,0.19387755102040816,穩定,1.63,1.95,0.32
L2_TIME_PERIOD,03F1739N_03F1710N,ALL,早尖峰,96,115,19,0.19791666666666666,穩定,1.6,1.92,0.32
L2_TIME_PERIOD,03F1739N_03F1710N,ALL,晚尖峰,99,118,19,0.1919191919191919,穩定,1.65,1.97,0.32
L2_TIME_PERIOD,03F1739S_03F1779S,ALL,凌晨,137,172,35,0.25547445255474455,普通,2.28,2.87,0.58
L2_TIME_PERIOD,03F1739S_03F1779S,ALL,夜間,134,165,31,0.23134328358208955,穩定,2.23,2.75,0.52
L2_TIME_PERIOD,03F1739S_03F1779S,ALL,日間,135,162,27,0.2,穩定,2.25,2.7,0.45
L2_TIME_PERIOD,03F1739S_03F1779S,ALL,早尖峰,133,161,28,0.21052631578947367,穩定,2.22,2.68,0.47
L2_TIME_PERIOD,03F1739S_03F1779S,ALL,晚尖峰,138,164,26,0.18840579710144928,穩定,2.3,2.73,0.43
L2_TIME_PERIOD,03F1779N_03F1739N,ALL,凌晨,135,163,28,0.2074074074074074,穩定,2.25,2.72,0.47
L2_TIME_PERIOD,03F1779N_03F1739N,ALL,夜間,132,156,24,0.18181818181818182,穩定,2.2,2.6,0.4
L2_TIME_PERIOD,03F1779N_03F1739N,ALL,日間,133,158,25,0.18796992481203006,穩定,2.22,2.63,0.42
L2_TIME_PERIOD,03F1779N_03F1739N,ALL,早尖峰,131,155,24,0.183206106870229,穩定,2.18,2.58,0.4
L2_TIME_PERIOD,03F1779N_03F1739N,ALL,晚尖峰,134,157,23,0.17164179104477612,穩定,2.23,2.62,0.38
L2_TIME_PERIOD,03F1779S_03F1860S,ALL,凌晨,277,339,62,0.22382671480144403,穩定,4.62,5.65,1.03
L2_TIME_PERIOD,03F1779S_03F1860S,ALL,夜間,271,329,58,0.2140221402214022,穩定,4.52,5.48,0.97
L2_TIME_PERIOD,03F1779S_03F1860S,ALL,日間,272,328,56,0.20588235294117646,穩定,4.53,5.47,0.93
L2_TIME_PERIOD,03F1779S_03F1860S,ALL,早尖峰,269,326,57,0.21189591078066913,穩定,4.48,5.43,0.95
L2_TIME_PERIOD,03F1779S_03F1860S,ALL,晚尖峰,277,335,58,0.20938628158844766,穩定,4.62,5.58,0.97
L2_TIME_PERIOD,03F1860N_03F1779N,ALL,凌晨,283,380,97,0.34275618374558303,普通,4.72,6.33,1.62
L2_TIME_PERIOD,03F1860N_03F1779N,ALL,夜間,276,357,81,0.29347826086956524,普通,4.6,5.95,1.35
L2_TIME_PERIOD,03F1860N_03F1779N,ALL,日間,280,359,79,0.28214285714285714,普通,4.67,5.98,1.32
L2_TIME_PERIOD,03F1860N_03F1779N,ALL,早尖峰,276,356,80,0.2898550724637681,普通,4.6,5.93,1.33
L2_TIME_PERIOD,03F1860N_03F1779N,ALL,晚尖峰,283,352,69,0.24381625441696114,穩定,4.72,5.87,1.15
L2_TIME_PERIOD,03F1860S_03F1944S,ALL,凌晨,281,349,68,0.24199288256227758,穩定,4.68,5.82,1.13
L2_TIME_PERIOD,03F1860S_03F1944S,ALL,夜間,278,360,82,0.2949640287769784,普通,4.63,6.0,1.37
L2_TIME_PERIOD,03F1860S_03F1944S,ALL,日間,283,393,110,0.38869257950530034,普通,4.72,6.55,1.83
L2_TIME_PERIOD,03F1860S_03F1944S,ALL,早尖峰,278,342,64,0.2302158273381295,穩定,4.63,5.7,1.07
L2_TIME_PERIOD,03F1860S_03F1944S,ALL,晚尖峰,291,560,269,0.9243986254295533,不穩定,4.85,9.33,4.48
L2_TIME_PERIOD,03F1941N_03F1860N,ALL,凌晨,270,331,61,0.22592592592592592,穩定,4.5,5.52,1.02
L2_TIME_PERIOD,03F1941N_03F1860N,ALL,夜間,268,324,56,0.208955223880597,穩定,4.47,5.4,0.93
L2_TIME_PERIOD,03F1941N_03F1860N,ALL,日間,273,329,56,0.20512820512820512,穩定,4.55,5.48,0.93
L2_TIME_PERIOD,03F1941N_03F1860N,ALL,早尖峰,271,325,54,0.1992619926199262,穩定,4.52,5.42,0.9
L2_TIME_PERIOD,03F1941N_03F1860N,ALL,晚尖峰,277,354,77,0.2779783393501805,普通,4.62,5.9,1.28
L2_TIME_PERIOD,03F1944S_01F1906N,ALL,凌晨,223,2216,1993,8.937219730941704,高風險,3.72,36.93,33.22
L2_TIME_PERIOD,03F1944S_01F1906N,ALL,夜間,228,339,111,0.4868421052631579,普通,3.8,5.65,1.85
L2_TIME_PERIOD,03F1944S_01F1906N,ALL,日間,240,322,82,0.3416666666666667,普通,4.0,5.37,1.37
L2_TIME_PERIOD,03F1944S_01F1906N,ALL,早尖峰,230,267,37,0.1608695652173913,穩定,3.83,4.45,0.62
L2_TIME_PERIOD,03F1944S_01F1906N,ALL,晚尖峰,246,356,110,0.44715447154471544,普通,4.1,5.93,1.83
L2_TIME_PERIOD,03F1944S_01F1960S,ALL,凌晨,255,291,36,0.1411764705882353,穩定,4.25,4.85,0.6
L2_TIME_PERIOD,03F1944S_01F1960S,ALL,夜間,255,393,138,0.5411764705882353,不穩定,4.25,6.55,2.3
L2_TIME_PERIOD,03F1944S_01F1960S,ALL,日間,273,586,313,1.1465201465201464,高風險,4.55,9.77,5.22
L2_TIME_PERIOD,03F1944S_01F1960S,ALL,早尖峰,259,324,65,0.25096525096525096,普通,4.32,5.4,1.08
L2_TIME_PERIOD,03F1944S_01F1960S,ALL,晚尖峰,278,452,174,0.6258992805755396,不穩定,4.63,7.53,2.9
L2_TIME_PERIOD,03F1944S_03F1991S,ALL,凌晨,154,194,40,0.2597402597402597,普通,2.57,3.23,0.67
L2_TIME_PERIOD,03F1944S_03F1991S,ALL,夜間,156,186,30,0.19230769230769232,穩定,2.6,3.1,0.5
L2_TIME_PERIOD,03F1944S_03F1991S,ALL,日間,159,194,35,0.22012578616352202,穩定,2.65,3.23,0.58
L2_TIME_PERIOD,03F1944S_03F1991S,ALL,早尖峰,155,190,35,0.22580645161290322,穩定,2.58,3.17,0.58
L2_TIME_PERIOD,03F1944S_03F1991S,ALL,晚尖峰,163,201,38,0.2331288343558282,穩定,2.72,3.35,0.63
L2_TIME_PERIOD,03F1991S_03F2066S,ALL,凌晨,246,309,63,0.25609756097560976,普通,4.1,5.15,1.05
L2_TIME_PERIOD,03F1991S_03F2066S,ALL,夜間,249,280,31,0.12449799196787148,穩定,4.15,4.67,0.52
L2_TIME_PERIOD,03F1991S_03F2066S,ALL,日間,254,304,50,0.1968503937007874,穩定,4.23,5.07,0.83
L2_TIME_PERIOD,03F1991S_03F2066S,ALL,早尖峰,250,300,50,0.2,穩定,4.17,5.0,0.83
L2_TIME_PERIOD,03F1991S_03F2066S,ALL,晚尖峰,258,305,47,0.1821705426356589,穩定,4.3,5.08,0.78
L2_TIME_PERIOD,03F1992N_01F1906N,ALL,凌晨,232,1879,1647,7.099137931034483,高風險,3.87,31.32,27.45
L2_TIME_PERIOD,03F1992N_01F1906N,ALL,夜間,238,488,250,1.050420168067227,高風險,3.97,8.13,4.17
L2_TIME_PERIOD,03F1992N_01F1906N,ALL,日間,246,287,41,0.16666666666666666,穩定,4.1,4.78,0.68
L2_TIME_PERIOD,03F1992N_01F1906N,ALL,早尖峰,242,278,36,0.1487603305785124,穩定,4.03,4.63,0.6
L2_TIME_PERIOD,03F1992N_01F1906N,ALL,晚尖峰,248,290,42,0.1693548387096774,穩定,4.13,4.83,0.7
L2_TIME_PERIOD,03F1992N_01F1960S,ALL,凌晨,253,303,50,0.1976284584980237,穩定,4.22,5.05,0.83
L2_TIME_PERIOD,03F1992N_01F1960S,ALL,夜間,265,297,32,0.12075471698113208,穩定,4.42,4.95,0.53
L2_TIME_PERIOD,03F1992N_01F1960S,ALL,日間,280,493,213,0.7607142857142857,不穩定,4.67,8.22,3.55
L2_TIME_PERIOD,03F1992N_01F1960S,ALL,早尖峰,269,308,39,0.1449814126394052,穩定,4.48,5.13,0.65
L2_TIME_PERIOD,03F1992N_01F1960S,ALL,晚尖峰,280,383,103,0.3678571428571429,普通,4.67,6.38,1.72
L2_TIME_PERIOD,03F1992N_03F1941N,ALL,凌晨,167,207,40,0.23952095808383234,穩定,2.78,3.45,0.67
L2_TIME_PERIOD,03F1992N_03F1941N,ALL,夜間,169,191,22,0.1301775147928994,穩定,2.82,3.18,0.37
L2_TIME_PERIOD,03F1992N_03F1941N,ALL,日間,172,213,41,0.23837209302325582,穩定,2.87,3.55,0.68
L2_TIME_PERIOD,03F1992N_03F1941N,ALL,早尖峰,171,208,37,0.21637426900584794,穩定,2.85,3.47,0.62
L2_TIME_PERIOD,03F1992N_03F1941N,ALL,晚尖峰,173,230,57,0.32947976878612717,普通,2.88,3.83,0.95
L2_TIME_PERIOD,03F2066N_03F1992N,ALL,凌晨,246,303,57,0.23170731707317074,穩定,4.1,5.05,0.95
L2_TIME_PERIOD,03F2066N_03F1992N,ALL,夜間,247,281,34,0.13765182186234817,穩定,4.12,4.68,0.57
L2_TIME_PERIOD,03F2066N_03F1992N,ALL,日間,252,299,47,0.1865079365079365,穩定,4.2,4.98,0.78
L2_TIME_PERIOD,03F2066N_03F1992N,ALL,早尖峰,250,299,49,0.196,穩定,4.17,4.98,0.82
L2_TIME_PERIOD,03F2066N_03F1992N,ALL,晚尖峰,259,297,38,0.14671814671814673,穩定,4.32,4.95,0.63
L2_TIME_PERIOD,03F2066S_03F2079S,ALL,凌晨,45,55,10,0.2222222222222222,穩定,0.75,0.92,0.17
L2_TIME_PERIOD,03F2066S_03F2079S,ALL,夜間,46,51,5,0.10869565217391304,穩定,0.77,0.85,0.08
L2_TIME_PERIOD,03F2066S_03F2079S,ALL,日間,47,57,10,0.2127659574468085,穩定,0.78,0.95,0.17
L2_TIME_PERIOD,03F2066S_03F2079S,ALL,早尖峰,46,54,8,0.17391304347826086,穩定,0.77,0.9,0.13
L2_TIME_PERIOD,03F2066S_03F2079S,ALL,晚尖峰,48,55,7,0.14583333333333334,穩定,0.8,0.92,0.12
L2_TIME_PERIOD,03F2078N_03F2066N,ALL,凌晨,42,50,8,0.19047619047619047,穩定,0.7,0.83,0.13
L2_TIME_PERIOD,03F2078N_03F2066N,ALL,夜間,43,49,6,0.13953488372093023,穩定,0.72,0.82,0.1
L2_TIME_PERIOD,03F2078N_03F2066N,ALL,日間,43,50,7,0.16279069767441862,穩定,0.72,0.83,0.12
L2_TIME_PERIOD,03F2078N_03F2066N,ALL,早尖峰,43,49,6,0.13953488372093023,穩定,0.72,0.82,0.1
L2_TIME_PERIOD,03F2078N_03F2066N,ALL,晚尖峰,45,52,7,0.15555555555555556,穩定,0.75,0.87,0.12
L2_TIME_PERIOD,03F2079S_03F2100S,ALL,凌晨,70,86,16,0.22857142857142856,穩定,1.17,1.43,0.27
L2_TIME_PERIOD,03F2079S_03F2100S,ALL,夜間,72,80,8,0.1111111111111111,穩定,1.2,1.33,0.13
L2_TIME_PERIOD,03F2079S_03F2100S,ALL,日間,74,171,97,1.3108108108108107,高風險,1.23,2.85,1.62
L2_TIME_PERIOD,03F2079S_03F2100S,ALL,早尖峰,72,87,15,0.20833333333333334,穩定,1.2,1.45,0.25
L2_TIME_PERIOD,03F2079S_03F2100S,ALL,晚尖峰,75,87,12,0.16,穩定,1.25,1.45,0.2
L2_TIME_PERIOD,03F2100N_03F2078N,ALL,凌晨,75,91,16,0.21333333333333335,穩定,1.25,1.52,0.27
L2_TIME_PERIOD,03F2100N_03F2078N,ALL,夜間,77,93,16,0.2077922077922078,穩定,1.28,1.55,0.27
L2_TIME_PERIOD,03F2100N_03F2078N,ALL,日間,79,92,13,0.16455696202531644,穩定,1.32,1.53,0.22
L2_TIME_PERIOD,03F2100N_03F2078N,ALL,早尖峰,78,89,11,0.14102564102564102,穩定,1.3,1.48,0.18
L2_TIME_PERIOD,03F2100N_03F2078N,ALL,晚尖峰,83,102,19,0.2289156626506024,穩定,1.38,1.7,0.32
L2_TIME_PERIOD,03F2100S_03F2129S,ALL,凌晨,98,120,22,0.22448979591836735,穩定,1.63,2.0,0.37
L2_TIME_PERIOD,03F2100S_03F2129S,ALL,夜間,101,111,10,0.09900990099009901,穩定,1.68,1.85,0.17
L2_TIME_PERIOD,03F2100S_03F2129S,ALL,日間,105,235,130,1.2380952380952381,高風險,1.75,3.92,2.17
L2_TIME_PERIOD,03F2100S_03F2129S,ALL,早尖峰,102,126,24,0.23529411764705882,穩定,1.7,2.1,0.4
L2_TIME_PERIOD,03F2100S_03F2129S,ALL,晚尖峰,104,120,16,0.15384615384615385,穩定,1.73,2.0,0.27
L2_TIME_PERIOD,03F2125N_03F2100N,ALL,凌晨,81,97,16,0.19753086419753085,穩定,1.35,1.62,0.27
L2_TIME_PERIOD,03F2125N_03F2100N,ALL,夜間,84,108,24,0.2857142857142857,普通,1.4,1.8,0.4
L2_TIME_PERIOD,03F2125N_03F2100N,ALL,日間,85,99,14,0.16470588235294117,穩定,1.42,1.65,0.23
L2_TIME_PERIOD,03F2125N_03F2100N,ALL,早尖峰,82,95,13,0.15853658536585366,穩定,1.37,1.58,0.22
L2_TIME_PERIOD,03F2125N_03F2100N,ALL,晚尖峰,90,245,155,1.7222222222222223,高風險,1.5,4.08,2.58
L2_TIME_PERIOD,03F2129S_03F2152S,ALL,凌晨,76,92,16,0.21052631578947367,穩定,1.27,1.53,0.27
L2_TIME_PERIOD,03F2129S_03F2152S,ALL,夜間,78,85,7,0.08974358974358974,穩定,1.3,1.42,0.12
L2_TIME_PERIOD,03F2129S_03F2152S,ALL,日間,82,98,16,0.1951219512195122,穩定,1.37,1.63,0.27
L2_TIME_PERIOD,03F2129S_03F2152S,ALL,早尖峰,80,92,12,0.15,穩定,1.33,1.53,0.2
L2_TIME_PERIOD,03F2129S_03F2152S,ALL,晚尖峰,81,91,10,0.12345679012345678,穩定,1.35,1.52,0.17
L2_TIME_PERIOD,03F2152S_03F2194S,ALL,凌晨,139,167,28,0.2014388489208633,穩定,2.32,2.78,0.47
L2_TIME_PERIOD,03F2152S_03F2194S,ALL,夜間,141,151,10,0.07092198581560284,穩定,2.35,2.52,0.17
L2_TIME_PERIOD,03F2152S_03F2194S,ALL,日間,144,164,20,0.1388888888888889,穩定,2.4,2.73,0.33
L2_TIME_PERIOD,03F2152S_03F2194S,ALL,早尖峰,142,161,19,0.13380281690140844,穩定,2.37,2.68,0.32
L2_TIME_PERIOD,03F2152S_03F2194S,ALL,晚尖峰,143,158,15,0.1048951048951049,穩定,2.38,2.63,0.25
L2_TIME_PERIOD,03F2153N_03F2125N,ALL,凌晨,93,111,18,0.1935483870967742,穩定,1.55,1.85,0.3
L2_TIME_PERIOD,03F2153N_03F2125N,ALL,夜間,98,134,36,0.3673469387755102,普通,1.63,2.23,0.6
L2_TIME_PERIOD,03F2153N_03F2125N,ALL,日間,99,118,19,0.1919191919191919,穩定,1.65,1.97,0.32
L2_TIME_PERIOD,03F2153N_03F2125N,ALL,早尖峰,95,110,15,0.15789473684210525,穩定,1.58,1.83,0.25
L2_TIME_PERIOD,03F2153N_03F2125N,ALL,晚尖峰,105,173,68,0.6476190476190476,不穩定,1.75,2.88,1.13
L2_TIME_PERIOD,03F2194N_03F2153N,ALL,凌晨,137,163,26,0.1897810218978102,穩定,2.28,2.72,0.43
L2_TIME_PERIOD,03F2194N_03F2153N,ALL,夜間,140,171,31,0.22142857142857142,穩定,2.33,2.85,0.52
L2_TIME_PERIOD,03F2194N_03F2153N,ALL,日間,140,163,23,0.16428571428571428,穩定,2.33,2.72,0.38
L2_TIME_PERIOD,03F2194N_03F2153N,ALL,早尖峰,138,158,20,0.14492753623188406,穩定,2.3,2.63,0.33
L2_TIME_PERIOD,03F2194N_03F2153N,ALL,晚尖峰,146,267,121,0.8287671232876712,不穩定,2.43,4.45,2.02
L2_TIME_PERIOD,03F2194S_01F2011N,ALL,凌晨,2147,3283,1136,0.5291103865859339,不穩定,35.78,54.72,18.93
L2_TIME_PERIOD,03F2194S_01F2011N,ALL,夜間,2125,3293,1168,0.5496470588235294,不穩定,35.42,54.88,19.47
L2_TIME_PERIOD,03F2194S_01F2011N,ALL,日間,2162,3296,1134,0.5245143385753932,不穩定,36.03,54.93,18.9
L2_TIME_PERIOD,03F2194S_01F2011N,ALL,早尖峰,1220,3187,1967,1.612295081967213,高風險,20.33,53.12,32.78
L2_TIME_PERIOD,03F2194S_01F2011N,ALL,晚尖峰,2134,3301,1167,0.5468603561387066,不穩定,35.57,55.02,19.45
L2_TIME_PERIOD,03F2194S_01F2089S,ALL,凌晨,961,1201,240,0.2497398543184183,穩定,16.02,20.02,4.0
L2_TIME_PERIOD,03F2194S_01F2089S,ALL,夜間,975,1123,148,0.1517948717948718,穩定,16.25,18.72,2.47
L2_TIME_PERIOD,03F2194S_01F2089S,ALL,日間,1012,1213,201,0.19861660079051383,穩定,16.87,20.22,3.35
L2_TIME_PERIOD,03F2194S_01F2089S,ALL,早尖峰,997,1156,159,0.15947843530591777,穩定,16.62,19.27,2.65
L2_TIME_PERIOD,03F2194S_01F2089S,ALL,晚尖峰,1023,1337,314,0.3069403714565005,普通,17.05,22.28,5.23
L2_TIME_PERIOD,03F2194S_03F2235S,ALL,凌晨,132,163,31,0.23484848484848486,穩定,2.2,2.72,0.52
L2_TIME_PERIOD,03F2194S_03F2235S,ALL,夜間,133,143,10,0.07518796992481203,穩定,2.22,2.38,0.17
L2_TIME_PERIOD,03F2194S_03F2235S,ALL,日間,136,163,27,0.19852941176470587,穩定,2.27,2.72,0.45
L2_TIME_PERIOD,03F2194S_03F2235S,ALL,早尖峰,135,155,20,0.14814814814814814,穩定,2.25,2.58,0.33
L2_TIME_PERIOD,03F2194S_03F2235S,ALL,晚尖峰,135,150,15,0.1111111111111111,穩定,2.25,2.5,0.25
L2_TIME_PERIOD,03F2231N_01F2011N,ALL,凌晨,1041,2165,1124,1.079731027857829,高風險,17.35,36.08,18.73
L2_TIME_PERIOD,03F2231N_01F2011N,ALL,夜間,1069,1774,705,0.6594948550046773,不穩定,17.82,29.57,11.75
L2_TIME_PERIOD,03F2231N_01F2011N,ALL,日間,1103,1858,755,0.6844968268359021,不穩定,18.38,30.97,12.58
L2_TIME_PERIOD,03F2231N_01F2011N,ALL,早尖峰,1087,1310,223,0.20515179392824287,穩定,18.12,21.83,3.72
L2_TIME_PERIOD,03F2231N_01F2011N,ALL,晚尖峰,1138,1690,552,0.4850615114235501,普通,18.97,28.17,9.2
L2_TIME_PERIOD,03F2231N_01F2089S,ALL,凌晨,898,1412,514,0.5723830734966593,不穩定,14.97,23.53,8.57
L2_TIME_PERIOD,03F2231N_01F2089S,ALL,夜間,924,1363,439,0.4751082251082251,普通,15.4,22.72,7.32
L2_TIME_PERIOD,03F2231N_01F2089S,ALL,日間,951,1299,348,0.3659305993690852,普通,15.85,21.65,5.8
L2_TIME_PERIOD,03F2231N_01F2089S,ALL,早尖峰,943,1113,170,0.18027571580063625,穩定,15.72,18.55,2.83
L2_TIME_PERIOD,03F2231N_01F2089S,ALL,晚尖峰,967,1303,336,0.3474663908996898,普通,16.12,21.72,5.6
L2_TIME_PERIOD,03F2231N_03F2194N,ALL,凌晨,118,144,26,0.22033898305084745,穩定,1.97,2.4,0.43
L2_TIME_PERIOD,03F2231N_03F2194N,ALL,夜間,121,145,24,0.19834710743801653,穩定,2.02,2.42,0.4
L2_TIME_PERIOD,03F2231N_03F2194N,ALL,日間,121,141,20,0.1652892561983471,穩定,2.02,2.35,0.33
L2_TIME_PERIOD,03F2231N_03F2194N,ALL,早尖峰,118,140,22,0.1864406779661017,穩定,1.97,2.33,0.37
L2_TIME_PERIOD,03F2231N_03F2194N,ALL,晚尖峰,125,148,23,0.184,穩定,2.08,2.47,0.38
L2_TIME_PERIOD,03F2235S_03F2261S,ALL,凌晨,86,105,19,0.22093023255813954,穩定,1.43,1.75,0.32
L2_TIME_PERIOD,03F2235S_03F2261S,ALL,夜間,88,95,7,0.07954545454545454,穩定,1.47,1.58,0.12
L2_TIME_PERIOD,03F2235S_03F2261S,ALL,日間,89,137,48,0.5393258426966292,不穩定,1.48,2.28,0.8
L2_TIME_PERIOD,03F2235S_03F2261S,ALL,早尖峰,88,101,13,0.14772727272727273,穩定,1.47,1.68,0.22
L2_TIME_PERIOD,03F2235S_03F2261S,ALL,晚尖峰,88,98,10,0.11363636363636363,穩定,1.47,1.63,0.17
L2_TIME_PERIOD,03F2260N_03F2231N,ALL,凌晨,99,119,20,0.20202020202020202,穩定,1.65,1.98,0.33
L2_TIME_PERIOD,03F2260N_03F2231N,ALL,夜間,102,142,40,0.39215686274509803,普通,1.7,2.37,0.67
L2_TIME_PERIOD,03F2260N_03F2231N,ALL,日間,102,124,22,0.21568627450980393,穩定,1.7,2.07,0.37
L2_TIME_PERIOD,03F2260N_03F2231N,ALL,早尖峰,99,115,16,0.16161616161616163,穩定,1.65,1.92,0.27
L2_TIME_PERIOD,03F2260N_03F2231N,ALL,晚尖峰,107,149,42,0.3925233644859813,普通,1.78,2.48,0.7
L2_TIME_PERIOD,03F2261S_03F2306S,ALL,凌晨,148,181,33,0.22297297297297297,穩定,2.47,3.02,0.55
L2_TIME_PERIOD,03F2261S_03F2306S,ALL,夜間,148,160,12,0.08108108108108109,穩定,2.47,2.67,0.2
L2_TIME_PERIOD,03F2261S_03F2306S,ALL,日間,151,183,32,0.2119205298013245,穩定,2.52,3.05,0.53
L2_TIME_PERIOD,03F2261S_03F2306S,ALL,早尖峰,150,172,22,0.14666666666666667,穩定,2.5,2.87,0.37
L2_TIME_PERIOD,03F2261S_03F2306S,ALL,晚尖峰,149,165,16,0.10738255033557047,穩定,2.48,2.75,0.27
L2_TIME_PERIOD,03F2306N_03F2260N,ALL,凌晨,150,181,31,0.20666666666666667,穩定,2.5,3.02,0.52
L2_TIME_PERIOD,03F2306N_03F2260N,ALL,夜間,153,441,288,1.8823529411764706,高風險,2.55,7.35,4.8
L2_TIME_PERIOD,03F2306N_03F2260N,ALL,日間,154,187,33,0.21428571428571427,穩定,2.57,3.12,0.55
L2_TIME_PERIOD,03F2306N_03F2260N,ALL,早尖峰,149,176,27,0.18120805369127516,穩定,2.48,2.93,0.45
L2_TIME_PERIOD,03F2306N_03F2260N,ALL,晚尖峰,159,555,396,2.490566037735849,高風險,2.65,9.25,6.6
L2_TIME_PERIOD,03F2306S_03F2336S,ALL,凌晨,101,125,24,0.2376237623762376,穩定,1.68,2.08,0.4
L2_TIME_PERIOD,03F2306S_03F2336S,ALL,夜間,101,109,8,0.07920792079207921,穩定,1.68,1.82,0.13
L2_TIME_PERIOD,03F2306S_03F2336S,ALL,日間,103,126,23,0.22330097087378642,穩定,1.72,2.1,0.38
L2_TIME_PERIOD,03F2306S_03F2336S,ALL,早尖峰,102,119,17,0.16666666666666666,穩定,1.7,1.98,0.28
L2_TIME_PERIOD,03F2306S_03F2336S,ALL,晚尖峰,102,114,12,0.11764705882352941,穩定,1.7,1.9,0.2
L2_TIME_PERIOD,03F2336N_03F2306N,ALL,凌晨,102,125,23,0.22549019607843138,穩定,1.7,2.08,0.38
L2_TIME_PERIOD,03F2336N_03F2306N,ALL,夜間,103,129,26,0.2524271844660194,普通,1.72,2.15,0.43
L2_TIME_PERIOD,03F2336N_03F2306N,ALL,日間,103,119,16,0.1553398058252427,穩定,1.72,1.98,0.27
L2_TIME_PERIOD,03F2336N_03F2306N,ALL,早尖峰,101,119,18,0.1782178217821782,穩定,1.68,1.98,0.3
L2_TIME_PERIOD,03F2336N_03F2306N,ALL,晚尖峰,106,309,203,1.9150943396226414,高風險,1.77,5.15,3.38
L2_TIME_PERIOD,03F2336S_03F2415S,ALL,凌晨,258,355,97,0.375968992248062,普通,4.3,5.92,1.62
L2_TIME_PERIOD,03F2336S_03F2415S,ALL,夜間,258,280,22,0.08527131782945736,穩定,4.3,4.67,0.37
L2_TIME_PERIOD,03F2336S_03F2415S,ALL,日間,263,337,74,0.2813688212927757,普通,4.38,5.62,1.23
L2_TIME_PERIOD,03F2336S_03F2415S,ALL,早尖峰,260,317,57,0.21923076923076923,穩定,4.33,5.28,0.95
L2_TIME_PERIOD,03F2336S_03F2415S,ALL,晚尖峰,260,302,42,0.16153846153846155,穩定,4.33,5.03,0.7
L2_TIME_PERIOD,03F2415N_03F2336N,ALL,凌晨,258,347,89,0.3449612403100775,普通,4.3,5.78,1.48
L2_TIME_PERIOD,03F2415N_03F2336N,ALL,夜間,259,325,66,0.2548262548262548,普通,4.32,5.42,1.1
L2_TIME_PERIOD,03F2415N_03F2336N,ALL,日間,261,353,92,0.3524904214559387,普通,4.35,5.88,1.53
L2_TIME_PERIOD,03F2415N_03F2336N,ALL,早尖峰,257,329,72,0.2801556420233463,普通,4.28,5.48,1.2
L2_TIME_PERIOD,03F2415N_03F2336N,ALL,晚尖峰,266,744,478,1.7969924812030076,高風險,4.43,12.4,7.97
L2_TIME_PERIOD,03F2415S_03F2447S,ALL,凌晨,105,131,26,0.24761904761904763,穩定,1.75,2.18,0.43
L2_TIME_PERIOD,03F2415S_03F2447S,ALL,夜間,104,113,9,0.08653846153846154,穩定,1.73,1.88,0.15
L2_TIME_PERIOD,03F2415S_03F2447S,ALL,日間,106,126,20,0.18867924528301888,穩定,1.77,2.1,0.33
L2_TIME_PERIOD,03F2415S_03F2447S,ALL,早尖峰,105,123,18,0.17142857142857143,穩定,1.75,2.05,0.3
L2_TIME_PERIOD,03F2415S_03F2447S,ALL,晚尖峰,105,119,14,0.13333333333333333,穩定,1.75,1.98,0.23
L2_TIME_PERIOD,03F2447N_03F2415N,ALL,凌晨,106,133,27,0.25471698113207547,普通,1.77,2.22,0.45
L2_TIME_PERIOD,03F2447N_03F2415N,ALL,夜間,106,122,16,0.1509433962264151,穩定,1.77,2.03,0.27
L2_TIME_PERIOD,03F2447N_03F2415N,ALL,日間,107,128,21,0.19626168224299065,穩定,1.78,2.13,0.35
L2_TIME_PERIOD,03F2447N_03F2415N,ALL,早尖峰,105,127,22,0.20952380952380953,穩定,1.75,2.12,0.37
L2_TIME_PERIOD,03F2447N_03F2415N,ALL,晚尖峰,108,288,180,1.6666666666666667,高風險,1.8,4.8,3.0
L2_TIME_PERIOD,03F2447S_03F2535S,ALL,凌晨,282,350,68,0.24113475177304963,穩定,4.7,5.83,1.13
L2_TIME_PERIOD,03F2447S_03F2535S,ALL,夜間,281,302,21,0.07473309608540925,穩定,4.68,5.03,0.35
L2_TIME_PERIOD,03F2447S_03F2535S,ALL,日間,285,330,45,0.15789473684210525,穩定,4.75,5.5,0.75
L2_TIME_PERIOD,03F2447S_03F2535S,ALL,早尖峰,283,333,50,0.17667844522968199,穩定,4.72,5.55,0.83
L2_TIME_PERIOD,03F2447S_03F2535S,ALL,晚尖峰,286,317,31,0.10839160839160839,穩定,4.77,5.28,0.52
L2_TIME_PERIOD,03F2535N_03F2447N,ALL,凌晨,287,367,80,0.2787456445993031,普通,4.78,6.12,1.33
L2_TIME_PERIOD,03F2535N_03F2447N,ALL,夜間,285,323,38,0.13333333333333333,穩定,4.75,5.38,0.63
L2_TIME_PERIOD,03F2535N_03F2447N,ALL,日間,288,344,56,0.19444444444444445,穩定,4.8,5.73,0.93
L2_TIME_PERIOD,03F2535N_03F2447N,ALL,早尖峰,287,347,60,0.20905923344947736,穩定,4.78,5.78,1.0
L2_TIME_PERIOD,03F2535N_03F2447N,ALL,晚尖峰,289,385,96,0.33217993079584773,普通,4.82,6.42,1.6
L2_TIME_PERIOD,03F2535S_03F2614S,ALL,凌晨,257,324,67,0.2607003891050584,普通,4.28,5.4,1.12
L2_TIME_PERIOD,03F2535S_03F2614S,ALL,夜間,256,278,22,0.0859375,穩定,4.27,4.63,0.37
L2_TIME_PERIOD,03F2535S_03F2614S,ALL,日間,258,302,44,0.17054263565891473,穩定,4.3,5.03,0.73
L2_TIME_PERIOD,03F2535S_03F2614S,ALL,早尖峰,256,303,47,0.18359375,穩定,4.27,5.05,0.78
L2_TIME_PERIOD,03F2535S_03F2614S,ALL,晚尖峰,258,289,31,0.12015503875968993,穩定,4.3,4.82,0.52
L2_TIME_PERIOD,03F2614N_03F2535N,ALL,凌晨,256,326,70,0.2734375,普通,4.27,5.43,1.17
L2_TIME_PERIOD,03F2614N_03F2535N,ALL,夜間,253,280,27,0.1067193675889328,穩定,4.22,4.67,0.45
L2_TIME_PERIOD,03F2614N_03F2535N,ALL,日間,255,302,47,0.1843137254901961,穩定,4.25,5.03,0.78
L2_TIME_PERIOD,03F2614N_03F2535N,ALL,早尖峰,255,308,53,0.20784313725490197,穩定,4.25,5.13,0.88
L2_TIME_PERIOD,03F2614N_03F2535N,ALL,晚尖峰,256,305,49,0.19140625,穩定,4.27,5.08,0.82
L2_TIME_PERIOD,03F2614S_01F2425N,ALL,凌晨,793,2179,1386,1.7477931904161412,高風險,13.22,36.32,23.1
L2_TIME_PERIOD,03F2614S_01F2425N,ALL,夜間,810,2025,1215,1.5,高風險,13.5,33.75,20.25
L2_TIME_PERIOD,03F2614S_01F2425N,ALL,日間,840,2070,1230,1.4642857142857142,高風險,14.0,34.5,20.5
L2_TIME_PERIOD,03F2614S_01F2425N,ALL,早尖峰,803,1511,708,0.8816936488169365,不穩定,13.38,25.18,11.8
L2_TIME_PERIOD,03F2614S_01F2425N,ALL,晚尖峰,831,1789,958,1.1528279181708785,高風險,13.85,29.82,15.97
L2_TIME_PERIOD,03F2614S_01F2472S,ALL,凌晨,956,1299,343,0.3587866108786611,普通,15.93,21.65,5.72
L2_TIME_PERIOD,03F2614S_01F2472S,ALL,夜間,929,1321,392,0.4219590958019376,普通,15.48,22.02,6.53
L2_TIME_PERIOD,03F2614S_01F2472S,ALL,日間,947,1209,262,0.27666314677930304,普通,15.78,20.15,4.37
L2_TIME_PERIOD,03F2614S_01F2472S,ALL,早尖峰,925,1138,213,0.23027027027027028,穩定,15.42,18.97,3.55
L2_TIME_PERIOD,03F2614S_01F2472S,ALL,晚尖峰,939,1170,231,0.24600638977635783,穩定,15.65,19.5,3.85
L2_TIME_PERIOD,03F2614S_03F2709S,ALL,凌晨,307,390,83,0.2703583061889251,普通,5.12,6.5,1.38
L2_TIME_PERIOD,03F2614S_03F2709S,ALL,夜間,306,333,27,0.08823529411764706,穩定,5.1,5.55,0.45
L2_TIME_PERIOD,03F2614S_03F2709S,ALL,日間,308,362,54,0.17532467532467533,穩定,5.13,6.03,0.9
L2_TIME_PERIOD,03F2614S_03F2709S,ALL,早尖峰,306,365,59,0.19281045751633988,穩定,5.1,6.08,0.98
L2_TIME_PERIOD,03F2614S_03F2709S,ALL,晚尖峰,309,348,39,0.1262135922330097,穩定,5.15,5.8,0.65
L2_TIME_PERIOD,03F2709N_01F2425N,ALL,凌晨,618,782,164,0.26537216828478966,普通,10.3,13.03,2.73
L2_TIME_PERIOD,03F2709N_01F2425N,ALL,夜間,606,734,128,0.21122112211221122,穩定,10.1,12.23,2.13
L2_TIME_PERIOD,03F2709N_01F2425N,ALL,日間,610,728,118,0.19344262295081968,穩定,10.17,12.13,1.97
L2_TIME_PERIOD,03F2709N_01F2425N,ALL,早尖峰,595,710,115,0.19327731092436976,穩定,9.92,11.83,1.92
L2_TIME_PERIOD,03F2709N_01F2425N,ALL,晚尖峰,615,812,197,0.3203252032520325,普通,10.25,13.53,3.28
L2_TIME_PERIOD,03F2709N_01F2472S,ALL,凌晨,1896,3304,1408,0.7426160337552743,不穩定,31.6,55.07,23.47
L2_TIME_PERIOD,03F2709N_01F2472S,ALL,夜間,2165,3308,1143,0.5279445727482679,不穩定,36.08,55.13,19.05
L2_TIME_PERIOD,03F2709N_01F2472S,ALL,日間,2197,3317,1120,0.5097860719162495,不穩定,36.62,55.28,18.67
L2_TIME_PERIOD,03F2709N_01F2472S,ALL,早尖峰,2089,3250,1161,0.5557683101962662,不穩定,34.82,54.17,19.35
L2_TIME_PERIOD,03F2709N_01F2472S,ALL,晚尖峰,2109,3301,1192,0.5651967757230915,不穩定,35.15,55.02,19.87
L2_TIME_PERIOD,03F2709N_03F2614N,ALL,凌晨,308,386,78,0.2532467532467532,普通,5.13,6.43,1.3
L2_TIME_PERIOD,03F2709N_03F2614N,ALL,夜間,306,334,28,0.0915032679738562,穩定,5.1,5.57,0.47
L2_TIME_PERIOD,03F2709N_03F2614N,ALL,日間,307,357,50,0.16286644951140064,穩定,5.12,5.95,0.83
L2_TIME_PERIOD,03F2709N_03F2614N,ALL,早尖峰,306,369,63,0.20588235294117646,穩定,5.1,6.15,1.05
L2_TIME_PERIOD,03F2709N_03F2614N,ALL,晚尖峰,309,353,44,0.1423948220064725,穩定,5.15,5.88,0.73
L2_TIME_PERIOD,03F2709S_03F2747S,ALL,凌晨,125,190,65,0.52,不穩定,2.08,3.17,1.08
L2_TIME_PERIOD,03F2709S_03F2747S,ALL,夜間,124,135,11,0.08870967741935484,穩定,2.07,2.25,0.18
L2_TIME_PERIOD,03F2709S_03F2747S,ALL,日間,126,152,26,0.20634920634920634,穩定,2.1,2.53,0.43
L2_TIME_PERIOD,03F2709S_03F2747S,ALL,早尖峰,125,155,30,0.24,穩定,2.08,2.58,0.5
L2_TIME_PERIOD,03F2709S_03F2747S,ALL,晚尖峰,126,145,19,0.15079365079365079,穩定,2.1,2.42,0.32
L2_TIME_PERIOD,03F2747N_03F2709N,ALL,凌晨,126,175,49,0.3888888888888889,普通,2.1,2.92,0.82
L2_TIME_PERIOD,03F2747N_03F2709N,ALL,夜間,124,138,14,0.11290322580645161,穩定,2.07,2.3,0.23
L2_TIME_PERIOD,03F2747N_03F2709N,ALL,日間,126,155,29,0.23015873015873015,穩定,2.1,2.58,0.48
L2_TIME_PERIOD,03F2747N_03F2709N,ALL,早尖峰,125,158,33,0.264,普通,2.08,2.63,0.55
L2_TIME_PERIOD,03F2747N_03F2709N,ALL,晚尖峰,126,147,21,0.16666666666666666,穩定,2.1,2.45,0.35
L2_TIME_PERIOD,03F2747S_03F2777S,ALL,凌晨,96,124,28,0.2916666666666667,普通,1.6,2.07,0.47
L2_TIME_PERIOD,03F2747S_03F2777S,ALL,夜間,96,104,8,0.08333333333333333,穩定,1.6,1.73,0.13
L2_TIME_PERIOD,03F2747S_03F2777S,ALL,日間,97,113,16,0.16494845360824742,穩定,1.62,1.88,0.27
L2_TIME_PERIOD,03F2747S_03F2777S,ALL,早尖峰,96,113,17,0.17708333333333334,穩定,1.6,1.88,0.28
L2_TIME_PERIOD,03F2747S_03F2777S,ALL,晚尖峰,97,110,13,0.13402061855670103,穩定,1.62,1.83,0.22
L2_TIME_PERIOD,03F2777N_03F2747N,ALL,凌晨,99,134,35,0.35353535353535354,普通,1.65,2.23,0.58
L2_TIME_PERIOD,03F2777N_03F2747N,ALL,夜間,98,110,12,0.12244897959183673,穩定,1.63,1.83,0.2
L2_TIME_PERIOD,03F2777N_03F2747N,ALL,日間,100,119,19,0.19,穩定,1.67,1.98,0.32
L2_TIME_PERIOD,03F2777N_03F2747N,ALL,早尖峰,99,121,22,0.2222222222222222,穩定,1.65,2.02,0.37
L2_TIME_PERIOD,03F2777N_03F2747N,ALL,晚尖峰,100,121,21,0.21,穩定,1.67,2.02,0.35
L2_TIME_PERIOD,03F2777S_03F2840S,ALL,凌晨,205,255,50,0.24390243902439024,穩定,3.42,4.25,0.83
L2_TIME_PERIOD,03F2777S_03F2840S,ALL,夜間,205,219,14,0.06829268292682927,穩定,3.42,3.65,0.23
L2_TIME_PERIOD,03F2777S_03F2840S,ALL,日間,208,240,32,0.15384615384615385,穩定,3.47,4.0,0.53
L2_TIME_PERIOD,03F2777S_03F2840S,ALL,早尖峰,206,240,34,0.1650485436893204,穩定,3.43,4.0,0.57
L2_TIME_PERIOD,03F2777S_03F2840S,ALL,晚尖峰,209,236,27,0.1291866028708134,穩定,3.48,3.93,0.45
L2_TIME_PERIOD,03F2840N_03F2777N,ALL,凌晨,207,261,54,0.2608695652173913,普通,3.45,4.35,0.9
L2_TIME_PERIOD,03F2840N_03F2777N,ALL,夜間,206,225,19,0.09223300970873786,穩定,3.43,3.75,0.32
L2_TIME_PERIOD,03F2840N_03F2777N,ALL,日間,209,242,33,0.15789473684210525,穩定,3.48,4.03,0.55
L2_TIME_PERIOD,03F2840N_03F2777N,ALL,早尖峰,207,247,40,0.1932367149758454,穩定,3.45,4.12,0.67
L2_TIME_PERIOD,03F2840N_03F2777N,ALL,晚尖峰,209,241,32,0.15311004784688995,穩定,3.48,4.02,0.53
L2_TIME_PERIOD,03F2840S_03F2899S,ALL,凌晨,191,240,49,0.25654450261780104,普通,3.18,4.0,0.82
L2_TIME_PERIOD,03F2840S_03F2899S,ALL,夜間,189,206,17,0.08994708994708994,穩定,3.15,3.43,0.28
L2_TIME_PERIOD,03F2840S_03F2899S,ALL,日間,191,222,31,0.16230366492146597,穩定,3.18,3.7,0.52
L2_TIME_PERIOD,03F2840S_03F2899S,ALL,早尖峰,190,225,35,0.18421052631578946,穩定,3.17,3.75,0.58
L2_TIME_PERIOD,03F2840S_03F2899S,ALL,晚尖峰,193,217,24,0.12435233160621761,穩定,3.22,3.62,0.4
L2_TIME_PERIOD,03F2899N_03F2840N,ALL,凌晨,194,246,52,0.26804123711340205,普通,3.23,4.1,0.87
L2_TIME_PERIOD,03F2899N_03F2840N,ALL,夜間,192,213,21,0.109375,穩定,3.2,3.55,0.35
L2_TIME_PERIOD,03F2899N_03F2840N,ALL,日間,194,227,33,0.17010309278350516,穩定,3.23,3.78,0.55
L2_TIME_PERIOD,03F2899N_03F2840N,ALL,早尖峰,193,229,36,0.18652849740932642,穩定,3.22,3.82,0.6
L2_TIME_PERIOD,03F2899N_03F2840N,ALL,晚尖峰,194,226,32,0.16494845360824742,穩定,3.23,3.77,0.53
L2_TIME_PERIOD,03F2899S_03F2923S,ALL,凌晨,78,98,20,0.2564102564102564,普通,1.3,1.63,0.33
L2_TIME_PERIOD,03F2899S_03F2923S,ALL,夜間,77,85,8,0.1038961038961039,穩定,1.28,1.42,0.13
L2_TIME_PERIOD,03F2899S_03F2923S,ALL,日間,78,94,16,0.20512820512820512,穩定,1.3,1.57,0.27
L2_TIME_PERIOD,03F2899S_03F2923S,ALL,早尖峰,77,92,15,0.19480519480519481,穩定,1.28,1.53,0.25
L2_TIME_PERIOD,03F2899S_03F2923S,ALL,晚尖峰,79,93,14,0.17721518987341772,穩定,1.32,1.55,0.23
L2_TIME_PERIOD,03F2923N_03F2899N,ALL,凌晨,76,96,20,0.2631578947368421,普通,1.27,1.6,0.33
L2_TIME_PERIOD,03F2923N_03F2899N,ALL,夜間,75,82,7,0.09333333333333334,穩定,1.25,1.37,0.12
L2_TIME_PERIOD,03F2923N_03F2899N,ALL,日間,76,88,12,0.15789473684210525,穩定,1.27,1.47,0.2
L2_TIME_PERIOD,03F2923N_03F2899N,ALL,早尖峰,76,89,13,0.17105263157894737,穩定,1.27,1.48,0.22
L2_TIME_PERIOD,03F2923N_03F2899N,ALL,晚尖峰,76,86,10,0.13157894736842105,穩定,1.27,1.43,0.17
L2_TIME_PERIOD,03F2923S_03F2985S,ALL,凌晨,205,262,57,0.2780487804878049,普通,3.42,4.37,0.95
L2_TIME_PERIOD,03F2923S_03F2985S,ALL,夜間,203,226,23,0.11330049261083744,穩定,3.38,3.77,0.38
L2_TIME_PERIOD,03F2923S_03F2985S,ALL,日間,209,257,48,0.22966507177033493,穩定,3.48,4.28,0.8
L2_TIME_PERIOD,03F2923S_03F2985S,ALL,早尖峰,205,249,44,0.2146341463414634,穩定,3.42,4.15,0.73
L2_TIME_PERIOD,03F2923S_03F2985S,ALL,晚尖峰,210,255,45,0.21428571428571427,穩定,3.5,4.25,0.75
L2_TIME_PERIOD,03F2985N_03F2923N,ALL,凌晨,206,267,61,0.2961165048543689,普通,3.43,4.45,1.02
L2_TIME_PERIOD,03F2985N_03F2923N,ALL,夜間,204,230,26,0.12745098039215685,穩定,3.4,3.83,0.43
L2_TIME_PERIOD,03F2985N_03F2923N,ALL,日間,210,253,43,0.20476190476190476,穩定,3.5,4.22,0.72
L2_TIME_PERIOD,03F2985N_03F2923N,ALL,早尖峰,207,248,41,0.19806763285024154,穩定,3.45,4.13,0.68
L2_TIME_PERIOD,03F2985N_03F2923N,ALL,晚尖峰,208,248,40,0.19230769230769232,穩定,3.47,4.13,0.67
L2_TIME_PERIOD,03F2985S_01F2714N,ALL,凌晨,602,2536,1934,3.212624584717608,高風險,10.03,42.27,32.23
L2_TIME_PERIOD,03F2985S_01F2714N,ALL,夜間,586,2016,1430,2.4402730375426622,高風險,9.77,33.6,23.83
L2_TIME_PERIOD,03F2985S_01F2714N,ALL,日間,613,2219,1606,2.6199021207177813,高風險,10.22,36.98,26.77
L2_TIME_PERIOD,03F2985S_01F2714N,ALL,早尖峰,578,1623,1045,1.8079584775086506,高風險,9.63,27.05,17.42
L2_TIME_PERIOD,03F2985S_01F2714N,ALL,晚尖峰,603,1872,1269,2.1044776119402986,高風險,10.05,31.2,21.15
L2_TIME_PERIOD,03F2985S_01F2827S,ALL,凌晨,914,1348,434,0.474835886214442,普通,15.23,22.47,7.23
L2_TIME_PERIOD,03F2985S_01F2827S,ALL,夜間,920,1161,241,0.2619565217391304,普通,15.33,19.35,4.02
L2_TIME_PERIOD,03F2985S_01F2827S,ALL,日間,929,1138,209,0.22497308934337998,穩定,15.48,18.97,3.48
L2_TIME_PERIOD,03F2985S_01F2827S,ALL,早尖峰,908,1156,248,0.27312775330396477,普通,15.13,19.27,4.13
L2_TIME_PERIOD,03F2985S_01F2827S,ALL,晚尖峰,938,1140,202,0.21535181236673773,穩定,15.63,19.0,3.37
L2_TIME_PERIOD,03F2985S_03F3101S,ALL,凌晨,378,480,102,0.2698412698412698,普通,6.3,8.0,1.7
L2_TIME_PERIOD,03F2985S_03F3101S,ALL,夜間,375,409,34,0.09066666666666667,穩定,6.25,6.82,0.57
L2_TIME_PERIOD,03F2985S_03F3101S,ALL,日間,378,439,61,0.16137566137566137,穩定,6.3,7.32,1.02
L2_TIME_PERIOD,03F2985S_03F3101S,ALL,早尖峰,374,456,82,0.2192513368983957,穩定,6.23,7.6,1.37
L2_TIME_PERIOD,03F2985S_03F3101S,ALL,晚尖峰,382,430,48,0.1256544502617801,穩定,6.37,7.17,0.8
L2_TIME_PERIOD,03F3101N_01F2714N,ALL,凌晨,901,1422,521,0.5782463928967814,不穩定,15.02,23.7,8.68
L2_TIME_PERIOD,03F3101N_01F2714N,ALL,夜間,858,1156,298,0.3473193473193473,普通,14.3,19.27,4.97
L2_TIME_PERIOD,03F3101N_01F2714N,ALL,日間,870,1213,343,0.39425287356321836,普通,14.5,20.22,5.72
L2_TIME_PERIOD,03F3101N_01F2714N,ALL,早尖峰,861,1203,342,0.397212543554007,普通,14.35,20.05,5.7
L2_TIME_PERIOD,03F3101N_01F2714N,ALL,晚尖峰,864,1090,226,0.26157407407407407,普通,14.4,18.17,3.77
L2_TIME_PERIOD,03F3101N_01F2827S,ALL,凌晨,2098,3278,1180,0.5624404194470924,不穩定,34.97,54.63,19.67
L2_TIME_PERIOD,03F3101N_01F2827S,ALL,夜間,2484,3315,831,0.33454106280193235,普通,41.4,55.25,13.85
L2_TIME_PERIOD,03F3101N_01F2827S,ALL,日間,2419,3344,925,0.38238941711451013,普通,40.32,55.73,15.42
L2_TIME_PERIOD,03F3101N_01F2827S,ALL,早尖峰,2416,3332,916,0.3791390728476821,普通,40.27,55.53,15.27
L2_TIME_PERIOD,03F3101N_01F2827S,ALL,晚尖峰,2456,3311,855,0.3481270358306189,普通,40.93,55.18,14.25
L2_TIME_PERIOD,03F3101N_03F2985N,ALL,凌晨,377,481,104,0.27586206896551724,普通,6.28,8.02,1.73
L2_TIME_PERIOD,03F3101N_03F2985N,ALL,夜間,373,413,40,0.10723860589812333,穩定,6.22,6.88,0.67
L2_TIME_PERIOD,03F3101N_03F2985N,ALL,日間,378,443,65,0.17195767195767195,穩定,6.3,7.38,1.08
L2_TIME_PERIOD,03F3101N_03F2985N,ALL,早尖峰,377,454,77,0.20424403183023873,穩定,6.28,7.57,1.28
L2_TIME_PERIOD,03F3101N_03F2985N,ALL,晚尖峰,377,435,58,0.15384615384615385,穩定,6.28,7.25,0.97
L2_TIME_PERIOD,03F3101S_03F3187S,ALL,凌晨,283,374,91,0.3215547703180212,普通,4.72,6.23,1.52
L2_TIME_PERIOD,03F3101S_03F3187S,ALL,夜間,280,310,30,0.10714285714285714,穩定,4.67,5.17,0.5
L2_TIME_PERIOD,03F3101S_03F3187S,ALL,日間,282,346,64,0.22695035460992907,穩定,4.7,5.77,1.07
L2_TIME_PERIOD,03F3101S_03F3187S,ALL,早尖峰,279,356,77,0.27598566308243727,普通,4.65,5.93,1.28
L2_TIME_PERIOD,03F3101S_03F3187S,ALL,晚尖峰,285,336,51,0.17894736842105263,穩定,4.75,5.6,0.85
L2_TIME_PERIOD,03F3187N_03F3101N,ALL,凌晨,284,403,119,0.41901408450704225,普通,4.73,6.72,1.98
L2_TIME_PERIOD,03F3187N_03F3101N,ALL,夜間,280,320,40,0.14285714285714285,穩定,4.67,5.33,0.67
L2_TIME_PERIOD,03F3187N_03F3101N,ALL,日間,284,353,69,0.24295774647887325,穩定,4.73,5.88,1.15
L2_TIME_PERIOD,03F3187N_03F3101N,ALL,早尖峰,283,378,95,0.33568904593639576,普通,4.72,6.3,1.58
L2_TIME_PERIOD,03F3187N_03F3101N,ALL,晚尖峰,283,336,53,0.1872791519434629,穩定,4.72,5.6,0.88
L2_TIME_PERIOD,03F3187S_03F3211S,ALL,凌晨,79,103,24,0.3037974683544304,普通,1.32,1.72,0.4
L2_TIME_PERIOD,03F3187S_03F3211S,ALL,夜間,79,87,8,0.10126582278481013,穩定,1.32,1.45,0.13
L2_TIME_PERIOD,03F3187S_03F3211S,ALL,日間,79,93,14,0.17721518987341772,穩定,1.32,1.55,0.23
L2_TIME_PERIOD,03F3187S_03F3211S,ALL,早尖峰,78,95,17,0.21794871794871795,穩定,1.3,1.58,0.28
L2_TIME_PERIOD,03F3187S_03F3211S,ALL,晚尖峰,80,93,13,0.1625,穩定,1.33,1.55,0.22
L2_TIME_PERIOD,03F3211N_03F3187N,ALL,凌晨,80,109,29,0.3625,普通,1.33,1.82,0.48
L2_TIME_PERIOD,03F3211N_03F3187N,ALL,夜間,79,89,10,0.12658227848101267,穩定,1.32,1.48,0.17
L2_TIME_PERIOD,03F3211N_03F3187N,ALL,日間,80,95,15,0.1875,穩定,1.33,1.58,0.25
L2_TIME_PERIOD,03F3211N_03F3187N,ALL,早尖峰,80,96,16,0.2,穩定,1.33,1.6,0.27
L2_TIME_PERIOD,03F3211N_03F3187N,ALL,晚尖峰,79,90,11,0.13924050632911392,穩定,1.32,1.5,0.18
L2_TIME_PERIOD,03F3211S_03F3259S,ALL,凌晨,154,196,42,0.2727272727272727,普通,2.57,3.27,0.7
L2_TIME_PERIOD,03F3211S_03F3259S,ALL,夜間,154,170,16,0.1038961038961039,穩定,2.57,2.83,0.27
L2_TIME_PERIOD,03F3211S_03F3259S,ALL,日間,155,182,27,0.17419354838709677,穩定,2.58,3.03,0.45
L2_TIME_PERIOD,03F3211S_03F3259S,ALL,早尖峰,153,188,35,0.22875816993464052,穩定,2.55,3.13,0.58
L2_TIME_PERIOD,03F3211S_03F3259S,ALL,晚尖峰,157,199,42,0.267515923566879,普通,2.62,3.32,0.7
L2_TIME_PERIOD,03F3259N_03F3211N,ALL,凌晨,155,197,42,0.2709677419354839,普通,2.58,3.28,0.7
L2_TIME_PERIOD,03F3259N_03F3211N,ALL,夜間,153,170,17,0.1111111111111111,穩定,2.55,2.83,0.28
L2_TIME_PERIOD,03F3259N_03F3211N,ALL,日間,155,183,28,0.18064516129032257,穩定,2.58,3.05,0.47
L2_TIME_PERIOD,03F3259N_03F3211N,ALL,早尖峰,155,185,30,0.1935483870967742,穩定,2.58,3.08,0.5
L2_TIME_PERIOD,03F3259N_03F3211N,ALL,晚尖峰,154,174,20,0.12987012987012986,穩定,2.57,2.9,0.33
L2_TIME_PERIOD,03F3259S_03F3307S,ALL,凌晨,158,202,44,0.27848101265822783,普通,2.63,3.37,0.73
L2_TIME_PERIOD,03F3259S_03F3307S,ALL,夜間,158,176,18,0.11392405063291139,穩定,2.63,2.93,0.3
L2_TIME_PERIOD,03F3259S_03F3307S,ALL,日間,159,189,30,0.18867924528301888,穩定,2.65,3.15,0.5
L2_TIME_PERIOD,03F3259S_03F3307S,ALL,早尖峰,157,193,36,0.22929936305732485,穩定,2.62,3.22,0.6
L2_TIME_PERIOD,03F3259S_03F3307S,ALL,晚尖峰,161,228,67,0.4161490683229814,普通,2.68,3.8,1.12
L2_TIME_PERIOD,03F3307N_03F3259N,ALL,凌晨,158,201,43,0.2721518987341772,普通,2.63,3.35,0.72
L2_TIME_PERIOD,03F3307N_03F3259N,ALL,夜間,156,174,18,0.11538461538461539,穩定,2.6,2.9,0.3
L2_TIME_PERIOD,03F3307N_03F3259N,ALL,日間,159,188,29,0.18238993710691823,穩定,2.65,3.13,0.48
L2_TIME_PERIOD,03F3307N_03F3259N,ALL,早尖峰,158,190,32,0.20253164556962025,穩定,2.63,3.17,0.53
L2_TIME_PERIOD,03F3307N_03F3259N,ALL,晚尖峰,157,180,23,0.1464968152866242,穩定,2.62,3.0,0.38
L2_TIME_PERIOD,03F3307S_01F2930N,ALL,凌晨,1376,3259,1883,1.3684593023255813,高風險,22.93,54.32,31.38
L2_TIME_PERIOD,03F3307S_01F2930N,ALL,夜間,1523,3265,1742,1.143795141168746,高風險,25.38,54.42,29.03
L2_TIME_PERIOD,03F3307S_01F2930N,ALL,日間,1264,3288,2024,1.6012658227848102,高風險,21.07,54.8,33.73
L2_TIME_PERIOD,03F3307S_01F2930N,ALL,早尖峰,1083,3210,2127,1.96398891966759,高風險,18.05,53.5,35.45
L2_TIME_PERIOD,03F3307S_01F2930N,ALL,晚尖峰,1647,3294,1647,1.0,高風險,27.45,54.9,27.45
L2_TIME_PERIOD,03F3307S_01F3019S,ALL,凌晨,847,1325,478,0.564344746162928,不穩定,14.12,22.08,7.97
L2_TIME_PERIOD,03F3307S_01F3019S,ALL,夜間,848,1391,543,0.6403301886792453,不穩定,14.13,23.18,9.05
L2_TIME_PERIOD,03F3307S_01F3019S,ALL,日間,856,1519,663,0.7745327102803738,不穩定,14.27,25.32,11.05
L2_TIME_PERIOD,03F3307S_01F3019S,ALL,早尖峰,832,1049,217,0.2608173076923077,普通,13.87,17.48,3.62
L2_TIME_PERIOD,03F3307S_01F3019S,ALL,晚尖峰,867,1315,448,0.5167243367935409,不穩定,14.45,21.92,7.47
L2_TIME_PERIOD,03F3307S_03F3392S,ALL,凌晨,274,348,74,0.27007299270072993,普通,4.57,5.8,1.23
L2_TIME_PERIOD,03F3307S_03F3392S,ALL,夜間,274,312,38,0.1386861313868613,穩定,4.57,5.2,0.63
L2_TIME_PERIOD,03F3307S_03F3392S,ALL,日間,276,330,54,0.1956521739130435,穩定,4.6,5.5,0.9
L2_TIME_PERIOD,03F3307S_03F3392S,ALL,早尖峰,273,334,61,0.22344322344322345,穩定,4.55,5.57,1.02
L2_TIME_PERIOD,03F3307S_03F3392S,ALL,晚尖峰,281,524,243,0.8647686832740213,不穩定,4.68,8.73,4.05
L2_TIME_PERIOD,03F3392N_01F2930N,ALL,凌晨,1045,1406,361,0.34545454545454546,普通,17.42,23.43,6.02
L2_TIME_PERIOD,03F3392N_01F2930N,ALL,夜間,993,1432,439,0.4420946626384693,普通,16.55,23.87,7.32
L2_TIME_PERIOD,03F3392N_01F2930N,ALL,日間,1033,1462,429,0.41529525653436594,普通,17.22,24.37,7.15
L2_TIME_PERIOD,03F3392N_01F2930N,ALL,早尖峰,1001,1190,189,0.1888111888111888,穩定,16.68,19.83,3.15
L2_TIME_PERIOD,03F3392N_01F2930N,ALL,晚尖峰,1001,1286,285,0.28471528471528473,普通,16.68,21.43,4.75
L2_TIME_PERIOD,03F3392N_01F3019S,ALL,凌晨,1006,3094,2088,2.0755467196819084,高風險,16.77,51.57,34.8
L2_TIME_PERIOD,03F3392N_01F3019S,ALL,夜間,979,3176,2197,2.244126659856997,高風險,16.32,52.93,36.62
L2_TIME_PERIOD,03F3392N_01F3019S,ALL,日間,1049,3224,2175,2.073403241182078,高風險,17.48,53.73,36.25
L2_TIME_PERIOD,03F3392N_01F3019S,ALL,早尖峰,963,2935,1972,2.047767393561786,高風險,16.05,48.92,32.87
L2_TIME_PERIOD,03F3392N_01F3019S,ALL,晚尖峰,956,3068,2112,2.209205020920502,高風險,15.93,51.13,35.2
L2_TIME_PERIOD,03F3392N_03F3307N,ALL,凌晨,278,350,72,0.2589928057553957,普通,4.63,5.83,1.2
L2_TIME_PERIOD,03F3392N_03F3307N,ALL,夜間,275,302,27,0.09818181818181818,穩定,4.58,5.03,0.45
L2_TIME_PERIOD,03F3392N_03F3307N,ALL,日間,280,343,63,0.225,穩定,4.67,5.72,1.05
L2_TIME_PERIOD,03F3392N_03F3307N,ALL,早尖峰,278,333,55,0.19784172661870503,穩定,4.63,5.55,0.92
L2_TIME_PERIOD,03F3392N_03F3307N,ALL,晚尖峰,277,325,48,0.17328519855595667,穩定,4.62,5.42,0.8
L2_TIME_PERIOD,03F3392S_03F3445S,ALL,凌晨,175,231,56,0.32,普通,2.92,3.85,0.93
L2_TIME_PERIOD,03F3392S_03F3445S,ALL,夜間,175,219,44,0.25142857142857145,普通,2.92,3.65,0.73
L2_TIME_PERIOD,03F3392S_03F3445S,ALL,日間,177,220,43,0.24293785310734464,穩定,2.95,3.67,0.72
L2_TIME_PERIOD,03F3392S_03F3445S,ALL,早尖峰,174,218,44,0.25287356321839083,普通,2.9,3.63,0.73
L2_TIME_PERIOD,03F3392S_03F3445S,ALL,晚尖峰,182,326,144,0.7912087912087912,不穩定,3.03,5.43,2.4
L2_TIME_PERIOD,03F3445N_03F3392N,ALL,凌晨,174,263,89,0.5114942528735632,不穩定,2.9,4.38,1.48
L2_TIME_PERIOD,03F3445N_03F3392N,ALL,夜間,172,197,25,0.14534883720930233,穩定,2.87,3.28,0.42
L2_TIME_PERIOD,03F3445N_03F3392N,ALL,日間,176,265,89,0.5056818181818182,不穩定,2.93,4.42,1.48
L2_TIME_PERIOD,03F3445N_03F3392N,ALL,早尖峰,174,251,77,0.4425287356321839,普通,2.9,4.18,1.28
L2_TIME_PERIOD,03F3445N_03F3392N,ALL,晚尖峰,173,212,39,0.2254335260115607,穩定,2.88,3.53,0.65
L2_TIME_PERIOD,03F3445S_01F3126N,ALL,凌晨,2033,3302,1269,0.6242006886374816,不穩定,33.88,55.03,21.15
L2_TIME_PERIOD,03F3445S_01F3126N,ALL,夜間,2157,3303,1146,0.5312934631432545,不穩定,35.95,55.05,19.1
L2_TIME_PERIOD,03F3445S_01F3126N,ALL,日間,2156,3314,1158,0.5371057513914657,不穩定,35.93,55.23,19.3
L2_TIME_PERIOD,03F3445S_01F3126N,ALL,早尖峰,1638,3253,1615,0.985958485958486,不穩定,27.3,54.22,26.92
L2_TIME_PERIOD,03F3445S_01F3126N,ALL,晚尖峰,2034,3300,1266,0.6224188790560472,不穩定,33.9,55.0,21.1
L2_TIME_PERIOD,03F3445S_01F3185S,ALL,凌晨,526,664,138,0.2623574144486692,普通,8.77,11.07,2.3
L2_TIME_PERIOD,03F3445S_01F3185S,ALL,夜間,566,728,162,0.2862190812720848,普通,9.43,12.13,2.7
L2_TIME_PERIOD,03F3445S_01F3185S,ALL,日間,573,693,120,0.2094240837696335,穩定,9.55,11.55,2.0
L2_TIME_PERIOD,03F3445S_01F3185S,ALL,早尖峰,559,668,109,0.19499105545617174,穩定,9.32,11.13,1.82
L2_TIME_PERIOD,03F3445S_01F3185S,ALL,晚尖峰,648,1237,589,0.9089506172839507,不穩定,10.8,20.62,9.82
L2_TIME_PERIOD,03F3445S_03F3496S,ALL,凌晨,171,217,46,0.26900584795321636,普通,2.85,3.62,0.77
L2_TIME_PERIOD,03F3445S_03F3496S,ALL,夜間,169,200,31,0.1834319526627219,穩定,2.82,3.33,0.52
L2_TIME_PERIOD,03F3445S_03F3496S,ALL,日間,170,205,35,0.20588235294117646,穩定,2.83,3.42,0.58
L2_TIME_PERIOD,03F3445S_03F3496S,ALL,早尖峰,169,208,39,0.23076923076923078,穩定,2.82,3.47,0.65
L2_TIME_PERIOD,03F3445S_03F3496S,ALL,晚尖峰,174,208,34,0.19540229885057472,穩定,2.9,3.47,0.57
L2_TIME_PERIOD,03F3496N_01F3126N,ALL,凌晨,556,711,155,0.2787769784172662,普通,9.27,11.85,2.58
L2_TIME_PERIOD,03F3496N_01F3126N,ALL,夜間,537,689,152,0.28305400372439476,普通,8.95,11.48,2.53
L2_TIME_PERIOD,03F3496N_01F3126N,ALL,日間,557,759,202,0.362657091561939,普通,9.28,12.65,3.37
L2_TIME_PERIOD,03F3496N_01F3126N,ALL,早尖峰,562,725,163,0.2900355871886121,普通,9.37,12.08,2.72
L2_TIME_PERIOD,03F3496N_01F3126N,ALL,晚尖峰,561,936,375,0.6684491978609626,不穩定,9.35,15.6,6.25
L2_TIME_PERIOD,03F3496N_01F3185S,ALL,凌晨,603,2841,2238,3.711442786069652,高風險,10.05,47.35,37.3
L2_TIME_PERIOD,03F3496N_01F3185S,ALL,夜間,617,2455,1838,2.978930307941653,高風險,10.28,40.92,30.63
L2_TIME_PERIOD,03F3496N_01F3185S,ALL,日間,650,2767,2117,3.256923076923077,高風險,10.83,46.12,35.28
L2_TIME_PERIOD,03F3496N_01F3185S,ALL,早尖峰,629,2375,1746,2.7758346581875992,高風險,10.48,39.58,29.1
L2_TIME_PERIOD,03F3496N_01F3185S,ALL,晚尖峰,712,2547,1835,2.577247191011236,高風險,11.87,42.45,30.58
L2_TIME_PERIOD,03F3496N_03F3445N,ALL,凌晨,172,217,45,0.2616279069767442,普通,2.87,3.62,0.75
L2_TIME_PERIOD,03F3496N_03F3445N,ALL,夜間,170,193,23,0.13529411764705881,穩定,2.83,3.22,0.38
L2_TIME_PERIOD,03F3496N_03F3445N,ALL,日間,173,211,38,0.21965317919075145,穩定,2.88,3.52,0.63
L2_TIME_PERIOD,03F3496N_03F3445N,ALL,早尖峰,171,207,36,0.21052631578947367,穩定,2.85,3.45,0.6
L2_TIME_PERIOD,03F3496N_03F3445N,ALL,晚尖峰,171,203,32,0.1871345029239766,穩定,2.85,3.38,0.53
L2_TIME_PERIOD,03F3496S_03F3588S,ALL,凌晨,314,411,97,0.3089171974522293,普通,5.23,6.85,1.62
L2_TIME_PERIOD,03F3496S_03F3588S,ALL,夜間,302,362,60,0.1986754966887417,穩定,5.03,6.03,1.0
L2_TIME_PERIOD,03F3496S_03F3588S,ALL,日間,305,367,62,0.20327868852459016,穩定,5.08,6.12,1.03
L2_TIME_PERIOD,03F3496S_03F3588S,ALL,早尖峰,303,368,65,0.2145214521452145,穩定,5.05,6.13,1.08
L2_TIME_PERIOD,03F3496S_03F3588S,ALL,晚尖峰,311,389,78,0.2508038585209003,普通,5.18,6.48,1.3
L2_TIME_PERIOD,03F3588N_03F3496N,ALL,凌晨,309,407,98,0.31715210355987056,普通,5.15,6.78,1.63
L2_TIME_PERIOD,03F3588N_03F3496N,ALL,夜間,300,354,54,0.18,穩定,5.0,5.9,0.9
L2_TIME_PERIOD,03F3588N_03F3496N,ALL,日間,305,368,63,0.20655737704918034,穩定,5.08,6.13,1.05
L2_TIME_PERIOD,03F3588N_03F3496N,ALL,早尖峰,301,366,65,0.2159468438538206,穩定,5.02,6.1,1.08
L2_TIME_PERIOD,03F3588N_03F3496N,ALL,晚尖峰,303,365,62,0.20462046204620463,穩定,5.05,6.08,1.03
L2_TIME_PERIOD,03F3588S_03F3670S,ALL,凌晨,280,351,71,0.25357142857142856,普通,4.67,5.85,1.18
L2_TIME_PERIOD,03F3588S_03F3670S,ALL,夜間,274,317,43,0.15693430656934307,穩定,4.57,5.28,0.72
L2_TIME_PERIOD,03F3588S_03F3670S,ALL,日間,276,329,53,0.19202898550724637,穩定,4.6,5.48,0.88
L2_TIME_PERIOD,03F3588S_03F3670S,ALL,早尖峰,274,330,56,0.20437956204379562,穩定,4.57,5.5,0.93
L2_TIME_PERIOD,03F3588S_03F3670S,ALL,晚尖峰,279,326,47,0.16845878136200718,穩定,4.65,5.43,0.78
L2_TIME_PERIOD,03F3670N_03F3588N,ALL,凌晨,282,358,76,0.2695035460992908,普通,4.7,5.97,1.27
L2_TIME_PERIOD,03F3670N_03F3588N,ALL,夜間,276,317,41,0.14855072463768115,穩定,4.6,5.28,0.68
L2_TIME_PERIOD,03F3670N_03F3588N,ALL,日間,278,331,53,0.1906474820143885,穩定,4.63,5.52,0.88
L2_TIME_PERIOD,03F3670N_03F3588N,ALL,早尖峰,273,330,57,0.2087912087912088,穩定,4.55,5.5,0.95
L2_TIME_PERIOD,03F3670N_03F3588N,ALL,晚尖峰,278,329,51,0.18345323741007194,穩定,4.63,5.48,0.85
L2_TIME_PERIOD,03F3670S_03F3743S,ALL,凌晨,247,327,80,0.32388663967611336,普通,4.12,5.45,1.33
L2_TIME_PERIOD,03F3670S_03F3743S,ALL,夜間,243,290,47,0.1934156378600823,穩定,4.05,4.83,0.78
L2_TIME_PERIOD,03F3670S_03F3743S,ALL,日間,246,314,68,0.2764227642276423,普通,4.1,5.23,1.13
L2_TIME_PERIOD,03F3670S_03F3743S,ALL,早尖峰,243,305,62,0.2551440329218107,普通,4.05,5.08,1.03
L2_TIME_PERIOD,03F3670S_03F3743S,ALL,晚尖峰,249,305,56,0.2248995983935743,穩定,4.15,5.08,0.93
L2_TIME_PERIOD,03F3743N_03F3670N,ALL,凌晨,248,318,70,0.28225806451612906,普通,4.13,5.3,1.17
L2_TIME_PERIOD,03F3743N_03F3670N,ALL,夜間,242,282,40,0.1652892561983471,穩定,4.03,4.7,0.67
L2_TIME_PERIOD,03F3743N_03F3670N,ALL,日間,245,298,53,0.2163265306122449,穩定,4.08,4.97,0.88
L2_TIME_PERIOD,03F3743N_03F3670N,ALL,早尖峰,242,295,53,0.2190082644628099,穩定,4.03,4.92,0.88
L2_TIME_PERIOD,03F3743N_03F3670N,ALL,晚尖峰,244,291,47,0.19262295081967212,穩定,4.07,4.85,0.78
L2_TIME_PERIOD,03F3743S_01F3590N,ALL,凌晨,2512,3346,834,0.3320063694267516,普通,41.87,55.77,13.9
L2_TIME_PERIOD,03F3743S_01F3590N,ALL,夜間,2560,3362,802,0.31328125,普通,42.67,56.03,13.37
L2_TIME_PERIOD,03F3743S_01F3590N,ALL,日間,2480,3382,902,0.36370967741935484,普通,41.33,56.37,15.03
L2_TIME_PERIOD,03F3743S_01F3590N,ALL,早尖峰,2313,3359,1046,0.4522265456117596,普通,38.55,55.98,17.43
L2_TIME_PERIOD,03F3743S_01F3590N,ALL,晚尖峰,2448,3379,931,0.38031045751633985,普通,40.8,56.32,15.52
L2_TIME_PERIOD,03F3743S_01F3640S,ALL,凌晨,1014,1421,407,0.40138067061143984,普通,16.9,23.68,6.78
L2_TIME_PERIOD,03F3743S_01F3640S,ALL,夜間,1078,1866,788,0.7309833024118738,不穩定,17.97,31.1,13.13
L2_TIME_PERIOD,03F3743S_01F3640S,ALL,日間,1103,1458,355,0.32184950135992746,普通,18.38,24.3,5.92
L2_TIME_PERIOD,03F3743S_01F3640S,ALL,早尖峰,1066,1298,232,0.2176360225140713,穩定,17.77,21.63,3.87
L2_TIME_PERIOD,03F3743S_01F3640S,ALL,晚尖峰,1345,2174,829,0.61635687732342,不穩定,22.42,36.23,13.82
L2_TIME_PERIOD,03F3743S_03F3854S,ALL,凌晨,371,473,102,0.2749326145552561,普通,6.18,7.88,1.7
L2_TIME_PERIOD,03F3743S_03F3854S,ALL,夜間,372,461,89,0.239247311827957,穩定,6.2,7.68,1.48
L2_TIME_PERIOD,03F3743S_03F3854S,ALL,日間,379,485,106,0.2796833773087071,普通,6.32,8.08,1.77
L2_TIME_PERIOD,03F3743S_03F3854S,ALL,早尖峰,371,451,80,0.215633423180593,穩定,6.18,7.52,1.33
L2_TIME_PERIOD,03F3743S_03F3854S,ALL,晚尖峰,384,547,163,0.4244791666666667,普通,6.4,9.12,2.72
L2_TIME_PERIOD,03F3854N_01F3590N,ALL,凌晨,1008,2916,1908,1.8928571428571428,高風險,16.8,48.6,31.8
L2_TIME_PERIOD,03F3854N_01F3590N,ALL,夜間,1058,3035,1977,1.8686200378071833,高風險,17.63,50.58,32.95
L2_TIME_PERIOD,03F3854N_01F3590N,ALL,日間,1066,2932,1866,1.75046904315197,高風險,17.77,48.87,31.1
L2_TIME_PERIOD,03F3854N_01F3590N,ALL,早尖峰,1040,2631,1591,1.5298076923076922,高風險,17.33,43.85,26.52
L2_TIME_PERIOD,03F3854N_01F3590N,ALL,晚尖峰,1429,3114,1685,1.1791462561231632,高風險,23.82,51.9,28.08
L2_TIME_PERIOD,03F3854N_01F3640S,ALL,凌晨,859,1910,1051,1.2235157159487777,高風險,14.32,31.83,17.52
L2_TIME_PERIOD,03F3854N_01F3640S,ALL,夜間,912,1550,638,0.6995614035087719,不穩定,15.2,25.83,10.63
L2_TIME_PERIOD,03F3854N_01F3640S,ALL,日間,929,1537,608,0.6544671689989235,不穩定,15.48,25.62,10.13
L2_TIME_PERIOD,03F3854N_01F3640S,ALL,早尖峰,895,1080,185,0.20670391061452514,穩定,14.92,18.0,3.08
L2_TIME_PERIOD,03F3854N_01F3640S,ALL,晚尖峰,1104,1905,801,0.7255434782608695,不穩定,18.4,31.75,13.35
L2_TIME_PERIOD,03F3854N_03F3743N,ALL,凌晨,376,469,93,0.2473404255319149,穩定,6.27,7.82,1.55
L2_TIME_PERIOD,03F3854N_03F3743N,ALL,夜間,369,425,56,0.15176151761517614,穩定,6.15,7.08,0.93
L2_TIME_PERIOD,03F3854N_03F3743N,ALL,日間,377,461,84,0.22281167108753316,穩定,6.28,7.68,1.4
L2_TIME_PERIOD,03F3854N_03F3743N,ALL,早尖峰,371,447,76,0.20485175202156333,穩定,6.18,7.45,1.27
L2_TIME_PERIOD,03F3854N_03F3743N,ALL,晚尖峰,374,444,70,0.18716577540106952,穩定,6.23,7.4,1.17
L2_TIME_PERIOD,03F3854S_03F3916S,ALL,凌晨,203,254,51,0.2512315270935961,普通,3.38,4.23,0.85
L2_TIME_PERIOD,03F3854S_03F3916S,ALL,夜間,202,224,22,0.10891089108910891,穩定,3.37,3.73,0.37
L2_TIME_PERIOD,03F3854S_03F3916S,ALL,日間,204,239,35,0.1715686274509804,穩定,3.4,3.98,0.58
L2_TIME_PERIOD,03F3854S_03F3916S,ALL,早尖峰,202,242,40,0.19801980198019803,穩定,3.37,4.03,0.67
L2_TIME_PERIOD,03F3854S_03F3916S,ALL,晚尖峰,205,235,30,0.14634146341463414,穩定,3.42,3.92,0.5
L2_TIME_PERIOD,03F3916N_03F3854N,ALL,凌晨,210,260,50,0.23809523809523808,穩定,3.5,4.33,0.83
L2_TIME_PERIOD,03F3916N_03F3854N,ALL,夜間,209,233,24,0.11483253588516747,穩定,3.48,3.88,0.4
L2_TIME_PERIOD,03F3916N_03F3854N,ALL,日間,211,246,35,0.16587677725118483,穩定,3.52,4.1,0.58
L2_TIME_PERIOD,03F3916N_03F3854N,ALL,早尖峰,206,245,39,0.18932038834951456,穩定,3.43,4.08,0.65
L2_TIME_PERIOD,03F3916N_03F3854N,ALL,晚尖峰,214,243,29,0.13551401869158877,穩定,3.57,4.05,0.48
L2_TIME_PERIOD,03F3916S_03F3981S,ALL,凌晨,217,276,59,0.271889400921659,普通,3.62,4.6,0.98
L2_TIME_PERIOD,03F3916S_03F3981S,ALL,夜間,217,248,31,0.14285714285714285,穩定,3.62,4.13,0.52
L2_TIME_PERIOD,03F3916S_03F3981S,ALL,日間,223,260,37,0.16591928251121077,穩定,3.72,4.33,0.62
L2_TIME_PERIOD,03F3916S_03F3981S,ALL,早尖峰,219,261,42,0.1917808219178082,穩定,3.65,4.35,0.7
L2_TIME_PERIOD,03F3916S_03F3981S,ALL,晚尖峰,223,261,38,0.17040358744394618,穩定,3.72,4.35,0.63
L2_TIME_PERIOD,03F3981S_03F4018S,ALL,凌晨,122,159,37,0.30327868852459017,普通,2.03,2.65,0.62
L2_TIME_PERIOD,03F3981S_03F4018S,ALL,夜間,122,142,20,0.16393442622950818,穩定,2.03,2.37,0.33
L2_TIME_PERIOD,03F3981S_03F4018S,ALL,日間,124,146,22,0.1774193548387097,穩定,2.07,2.43,0.37
L2_TIME_PERIOD,03F3981S_03F4018S,ALL,早尖峰,122,147,25,0.20491803278688525,穩定,2.03,2.45,0.42
L2_TIME_PERIOD,03F3981S_03F4018S,ALL,晚尖峰,124,146,22,0.1774193548387097,穩定,2.07,2.43,0.37
L2_TIME_PERIOD,03F3984N_03F3916N,ALL,凌晨,229,287,58,0.25327510917030566,普通,3.82,4.78,0.97
L2_TIME_PERIOD,03F3984N_03F3916N,ALL,夜間,228,260,32,0.14035087719298245,穩定,3.8,4.33,0.53
L2_TIME_PERIOD,03F3984N_03F3916N,ALL,日間,231,272,41,0.1774891774891775,穩定,3.85,4.53,0.68
L2_TIME_PERIOD,03F3984N_03F3916N,ALL,早尖峰,228,267,39,0.17105263157894737,穩定,3.8,4.45,0.65
L2_TIME_PERIOD,03F3984N_03F3916N,ALL,晚尖峰,235,286,51,0.2170212765957447,穩定,3.92,4.77,0.85
L2_TIME_PERIOD,03F4018S_03F4142S,ALL,凌晨,408,540,132,0.3235294117647059,普通,6.8,9.0,2.2
L2_TIME_PERIOD,03F4018S_03F4142S,ALL,夜間,410,482,72,0.17560975609756097,穩定,6.83,8.03,1.2
L2_TIME_PERIOD,03F4018S_03F4142S,ALL,日間,416,506,90,0.21634615384615385,穩定,6.93,8.43,1.5
L2_TIME_PERIOD,03F4018S_03F4142S,ALL,早尖峰,408,499,91,0.22303921568627452,穩定,6.8,8.32,1.52
L2_TIME_PERIOD,03F4018S_03F4142S,ALL,晚尖峰,420,499,79,0.1880952380952381,穩定,7.0,8.32,1.32
L2_TIME_PERIOD,03F4021N_03F3984N,ALL,凌晨,126,163,37,0.29365079365079366,普通,2.1,2.72,0.62
L2_TIME_PERIOD,03F4021N_03F3984N,ALL,夜間,124,143,19,0.1532258064516129,穩定,2.07,2.38,0.32
L2_TIME_PERIOD,03F4021N_03F3984N,ALL,日間,126,148,22,0.1746031746031746,穩定,2.1,2.47,0.37
L2_TIME_PERIOD,03F4021N_03F3984N,ALL,早尖峰,124,148,24,0.1935483870967742,穩定,2.07,2.47,0.4
L2_TIME_PERIOD,03F4021N_03F3984N,ALL,晚尖峰,127,147,20,0.15748031496062992,穩定,2.12,2.45,0.33
L2_TIME_PERIOD,03F4142N_03F4021N,ALL,凌晨,413,550,137,0.33171912832929784,普通,6.88,9.17,2.28
L2_TIME_PERIOD,03F4142N_03F4021N,ALL,夜間,410,476,66,0.16097560975609757,穩定,6.83,7.93,1.1
L2_TIME_PERIOD,03F4142N_03F4021N,ALL,日間,415,498,83,0.2,穩定,6.92,8.3,1.38
L2_TIME_PERIOD,03F4142N_03F4021N,ALL,早尖峰,409,505,96,0.23471882640586797,穩定,6.82,8.42,1.6
L2_TIME_PERIOD,03F4142N_03F4021N,ALL,晚尖峰,419,493,74,0.1766109785202864,穩定,6.98,8.22,1.23
L2_TIME_PERIOD,03F4142S_01F3696N,ALL,凌晨,935,2600,1665,1.7807486631016043,高風險,15.58,43.33,27.75
L2_TIME_PERIOD,03F4142S_01F3696N,ALL,夜間,1002,2183,1181,1.1786427145708582,高風險,16.7,36.38,19.68
L2_TIME_PERIOD,03F4142S_01F3696N,ALL,日間,1042,2479,1437,1.3790786948176583,高風險,17.37,41.32,23.95
L2_TIME_PERIOD,03F4142S_01F3696N,ALL,早尖峰,1130,2323,1193,1.0557522123893806,高風險,18.83,38.72,19.88
L2_TIME_PERIOD,03F4142S_01F3696N,ALL,晚尖峰,1193,2248,1055,0.8843252305113161,不穩定,19.88,37.47,17.58
L2_TIME_PERIOD,03F4142S_03F4168S,ALL,凌晨,86,109,23,0.26744186046511625,普通,1.43,1.82,0.38
L2_TIME_PERIOD,03F4142S_03F4168S,ALL,夜間,87,100,13,0.14942528735632185,穩定,1.45,1.67,0.22
L2_TIME_PERIOD,03F4142S_03F4168S,ALL,日間,88,102,14,0.1590909090909091,穩定,1.47,1.7,0.23
L2_TIME_PERIOD,03F4142S_03F4168S,ALL,早尖峰,86,100,14,0.16279069767441862,穩定,1.43,1.67,0.23
L2_TIME_PERIOD,03F4142S_03F4168S,ALL,晚尖峰,88,98,10,0.11363636363636363,穩定,1.47,1.63,0.17
L2_TIME_PERIOD,03F4168N_01F3696N,ALL,凌晨,953,1313,360,0.3777544596012592,普通,15.88,21.88,6.0
L2_TIME_PERIOD,03F4168N_01F3696N,ALL,夜間,1029,1376,347,0.337220602526725,普通,17.15,22.93,5.78
L2_TIME_PERIOD,03F4168N_01F3696N,ALL,日間,1057,1434,377,0.3566698202459792,普通,17.62,23.9,6.28
L2_TIME_PERIOD,03F4168N_01F3696N,ALL,早尖峰,1091,1672,581,0.532538955087076,不穩定,18.18,27.87,9.68
L2_TIME_PERIOD,03F4168N_01F3696N,ALL,晚尖峰,1189,1905,716,0.6021867115222876,不穩定,19.82,31.75,11.93
L2_TIME_PERIOD,03F4168N_03F4142N,ALL,凌晨,86,109,23,0.26744186046511625,普通,1.43,1.82,0.38
L2_TIME_PERIOD,03F4168N_03F4142N,ALL,夜間,87,100,13,0.14942528735632185,穩定,1.45,1.67,0.22
L2_TIME_PERIOD,03F4168N_03F4142N,ALL,日間,87,99,12,0.13793103448275862,穩定,1.45,1.65,0.2
L2_TIME_PERIOD,03F4168N_03F4142N,ALL,早尖峰,85,100,15,0.17647058823529413,穩定,1.42,1.67,0.25
L2_TIME_PERIOD,03F4168N_03F4142N,ALL,晚尖峰,88,101,13,0.14772727272727273,穩定,1.47,1.68,0.22
L2_TIME_PERIOD,03F4168S_03F4232S,ALL,凌晨,215,271,56,0.26046511627906976,普通,3.58,4.52,0.93
L2_TIME_PERIOD,03F4168S_03F4232S,ALL,夜間,214,243,29,0.13551401869158877,穩定,3.57,4.05,0.48
L2_TIME_PERIOD,03F4168S_03F4232S,ALL,日間,222,268,46,0.2072072072072072,穩定,3.7,4.47,0.77
L2_TIME_PERIOD,03F4168S_03F4232S,ALL,早尖峰,216,257,41,0.18981481481481483,穩定,3.6,4.28,0.68
L2_TIME_PERIOD,03F4168S_03F4232S,ALL,晚尖峰,217,245,28,0.12903225806451613,穩定,3.62,4.08,0.47
L2_TIME_PERIOD,03F4232N_03F4168N,ALL,凌晨,221,276,55,0.248868778280543,穩定,3.68,4.6,0.92
L2_TIME_PERIOD,03F4232N_03F4168N,ALL,夜間,227,263,36,0.15859030837004406,穩定,3.78,4.38,0.6
L2_TIME_PERIOD,03F4232N_03F4168N,ALL,日間,227,264,37,0.16299559471365638,穩定,3.78,4.4,0.62
L2_TIME_PERIOD,03F4232N_03F4168N,ALL,早尖峰,217,259,42,0.1935483870967742,穩定,3.62,4.32,0.7
L2_TIME_PERIOD,03F4232N_03F4168N,ALL,晚尖峰,233,293,60,0.2575107296137339,普通,3.88,4.88,1.0
L2_TIME_PERIOD,03F4232S_03F4263S,ALL,凌晨,103,129,26,0.2524271844660194,普通,1.72,2.15,0.43
L2_TIME_PERIOD,03F4232S_03F4263S,ALL,夜間,102,116,14,0.13725490196078433,穩定,1.7,1.93,0.23
L2_TIME_PERIOD,03F4232S_03F4263S,ALL,日間,103,120,17,0.1650485436893204,穩定,1.72,2.0,0.28
L2_TIME_PERIOD,03F4232S_03F4263S,ALL,早尖峰,101,119,18,0.1782178217821782,穩定,1.68,1.98,0.3
L2_TIME_PERIOD,03F4232S_03F4263S,ALL,晚尖峰,102,114,12,0.11764705882352941,穩定,1.7,1.9,0.2
L2_TIME_PERIOD,03F4259N_03F4232N,ALL,凌晨,95,121,26,0.2736842105263158,普通,1.58,2.02,0.43
L2_TIME_PERIOD,03F4259N_03F4232N,ALL,夜間,94,107,13,0.13829787234042554,穩定,1.57,1.78,0.22
L2_TIME_PERIOD,03F4259N_03F4232N,ALL,日間,94,110,16,0.1702127659574468,穩定,1.57,1.83,0.27
L2_TIME_PERIOD,03F4259N_03F4232N,ALL,早尖峰,92,108,16,0.17391304347826086,穩定,1.53,1.8,0.27
L2_TIME_PERIOD,03F4259N_03F4232N,ALL,晚尖峰,94,107,13,0.13829787234042554,穩定,1.57,1.78,0.22
L2_TIME_PERIOD,05F0000S_05F0055S,ALL,凌晨,236,263,27,0.11440677966101695,穩定,3.93,4.38,0.45
L2_TIME_PERIOD,05F0000S_05F0055S,ALL,夜間,242,294,52,0.21487603305785125,穩定,4.03,4.9,0.87
L2_TIME_PERIOD,05F0000S_05F0055S,ALL,日間,267,653,386,1.445692883895131,高風險,4.45,10.88,6.43
L2_TIME_PERIOD,05F0000S_05F0055S,ALL,早尖峰,251,418,167,0.6653386454183267,不穩定,4.18,6.97,2.78
L2_TIME_PERIOD,05F0000S_05F0055S,ALL,晚尖峰,249,294,45,0.18072289156626506,穩定,4.15,4.9,0.75
L2_TIME_PERIOD,05F0001N_03F0150N,ALL,凌晨,48,53,5,0.10416666666666667,穩定,0.8,0.88,0.08
L2_TIME_PERIOD,05F0001N_03F0150N,ALL,夜間,52,56,4,0.07692307692307693,穩定,0.87,0.93,0.07
L2_TIME_PERIOD,05F0001N_03F0150N,ALL,日間,52,56,4,0.07692307692307693,穩定,0.87,0.93,0.07
L2_TIME_PERIOD,05F0001N_03F0150N,ALL,早尖峰,52,76,24,0.46153846153846156,普通,0.87,1.27,0.4
L2_TIME_PERIOD,05F0001N_03F0150N,ALL,晚尖峰,54,59,5,0.09259259259259259,穩定,0.9,0.98,0.08
L2_TIME_PERIOD,05F0001N_03F0201S,ALL,凌晨,204,223,19,0.09313725490196079,穩定,3.4,3.72,0.32
L2_TIME_PERIOD,05F0001N_03F0201S,ALL,夜間,217,259,42,0.1935483870967742,穩定,3.62,4.32,0.7
L2_TIME_PERIOD,05F0001N_03F0201S,ALL,日間,219,243,24,0.1095890410958904,穩定,3.65,4.05,0.4
L2_TIME_PERIOD,05F0001N_03F0201S,ALL,早尖峰,220,354,134,0.6090909090909091,不穩定,3.67,5.9,2.23
L2_TIME_PERIOD,05F0001N_03F0201S,ALL,晚尖峰,250,526,276,1.104,高風險,4.17,8.77,4.6
L2_TIME_PERIOD,05F0055N_05F0001N,ALL,凌晨,220,250,30,0.13636363636363635,穩定,3.67,4.17,0.5
L2_TIME_PERIOD,05F0055N_05F0001N,ALL,夜間,241,351,110,0.45643153526970953,普通,4.02,5.85,1.83
L2_TIME_PERIOD,05F0055N_05F0001N,ALL,日間,242,312,70,0.2892561983471074,普通,4.03,5.2,1.17
L2_TIME_PERIOD,05F0055N_05F0001N,ALL,早尖峰,229,269,40,0.17467248908296942,穩定,3.82,4.48,0.67
L2_TIME_PERIOD,05F0055N_05F0001N,ALL,晚尖峰,259,520,261,1.0077220077220077,高風險,4.32,8.67,4.35
L2_TIME_PERIOD,05F0055S_05F0287S,ALL,凌晨,953,1029,76,0.07974816369359916,穩定,15.88,17.15,1.27
L2_TIME_PERIOD,05F0055S_05F0287S,ALL,夜間,985,1367,382,0.38781725888324875,普通,16.42,22.78,6.37
L2_TIME_PERIOD,05F0055S_05F0287S,ALL,日間,1089,2098,1009,0.9265381083562901,不穩定,18.15,34.97,16.82
L2_TIME_PERIOD,05F0055S_05F0287S,ALL,早尖峰,1007,1354,347,0.3445878848063555,普通,16.78,22.57,5.78
L2_TIME_PERIOD,05F0055S_05F0287S,ALL,晚尖峰,1014,2053,1039,1.02465483234714,高風險,16.9,34.22,17.32
L2_TIME_PERIOD,05F0287N_05F0055N,ALL,凌晨,953,1524,571,0.5991605456453305,不穩定,15.88,25.4,9.52
L2_TIME_PERIOD,05F0287N_05F0055N,ALL,夜間,1051,1709,658,0.6260704091341579,不穩定,17.52,28.48,10.97
L2_TIME_PERIOD,05F0287N_05F0055N,ALL,日間,1099,1656,557,0.5068243858052776,不穩定,18.32,27.6,9.28
L2_TIME_PERIOD,05F0287N_05F0055N,ALL,早尖峰,1001,1178,177,0.17682317682317683,穩定,16.68,19.63,2.95
L2_TIME_PERIOD,05F0287N_05F0055N,ALL,晚尖峰,1532,1876,344,0.2245430809399478,穩定,25.53,31.27,5.73
L2_TIME_PERIOD,05F0287S_05F0309S,ALL,凌晨,86,93,7,0.08139534883720931,穩定,1.43,1.55,0.12
L2_TIME_PERIOD,05F0287S_05F0309S,ALL,夜間,87,94,7,0.08045977011494253,穩定,1.45,1.57,0.12
L2_TIME_PERIOD,05F0287S_05F0309S,ALL,日間,89,95,6,0.06741573033707865,穩定,1.48,1.58,0.1
L2_TIME_PERIOD,05F0287S_05F0309S,ALL,早尖峰,87,93,6,0.06896551724137931,穩定,1.45,1.55,0.1
L2_TIME_PERIOD,05F0287S_05F0309S,ALL,晚尖峰,88,94,6,0.06818181818181818,穩定,1.47,1.57,0.1
L2_TIME_PERIOD,05F0309N_05F0287N,ALL,凌晨,88,103,15,0.17045454545454544,穩定,1.47,1.72,0.25
L2_TIME_PERIOD,05F0309N_05F0287N,ALL,夜間,92,980,888,9.652173913043478,高風險,1.53,16.33,14.8
L2_TIME_PERIOD,05F0309N_05F0287N,ALL,日間,92,908,816,8.869565217391305,高風險,1.53,15.13,13.6
L2_TIME_PERIOD,05F0309N_05F0287N,ALL,早尖峰,88,99,11,0.125,穩定,1.47,1.65,0.18
L2_TIME_PERIOD,05F0309N_05F0287N,ALL,晚尖峰,115,1177,1062,9.234782608695653,高風險,1.92,19.62,17.7
L2_TIME_PERIOD,05F0309S_05F0439S,ALL,凌晨,486,545,59,0.12139917695473251,穩定,8.1,9.08,0.98
L2_TIME_PERIOD,05F0309S_05F0439S,ALL,夜間,488,531,43,0.08811475409836066,穩定,8.13,8.85,0.72
L2_TIME_PERIOD,05F0309S_05F0439S,ALL,日間,490,527,37,0.07551020408163266,穩定,8.17,8.78,0.62
L2_TIME_PERIOD,05F0309S_05F0439S,ALL,早尖峰,485,528,43,0.088659793814433,穩定,8.08,8.8,0.72
L2_TIME_PERIOD,05F0309S_05F0439S,ALL,晚尖峰,487,525,38,0.07802874743326489,穩定,8.12,8.75,0.63
L2_TIME_PERIOD,05F0438N_05F0309N,ALL,凌晨,491,569,78,0.15885947046843177,穩定,8.18,9.48,1.3
L2_TIME_PERIOD,05F0438N_05F0309N,ALL,夜間,497,1311,814,1.6378269617706238,高風險,8.28,21.85,13.57
L2_TIME_PERIOD,05F0438N_05F0309N,ALL,日間,493,1188,695,1.40973630831643,高風險,8.22,19.8,11.58
L2_TIME_PERIOD,05F0438N_05F0309N,ALL,早尖峰,478,529,51,0.10669456066945607,穩定,7.97,8.82,0.85
L2_TIME_PERIOD,05F0438N_05F0309N,ALL,晚尖峰,499,1562,1063,2.130260521042084,高風險,8.32,26.03,17.72
L2_TIME_PERIOD,05F0438N_05FR143N,ALL,凌晨,109,128,19,0.1743119266055046,穩定,1.82,2.13,0.32
L2_TIME_PERIOD,05F0438N_05FR143N,ALL,夜間,112,123,11,0.09821428571428571,穩定,1.87,2.05,0.18
L2_TIME_PERIOD,05F0438N_05FR143N,ALL,日間,112,121,9,0.08035714285714286,穩定,1.87,2.02,0.15
L2_TIME_PERIOD,05F0438N_05FR143N,ALL,早尖峰,108,118,10,0.09259259259259259,穩定,1.8,1.97,0.17
L2_TIME_PERIOD,05F0438N_05FR143N,ALL,晚尖峰,113,124,11,0.09734513274336283,穩定,1.88,2.07,0.18
L2_TIME_PERIOD,05F0439S_05F0494S,ALL,凌晨,206,234,28,0.13592233009708737,穩定,3.43,3.9,0.47
L2_TIME_PERIOD,05F0439S_05F0494S,ALL,夜間,206,226,20,0.0970873786407767,穩定,3.43,3.77,0.33
L2_TIME_PERIOD,05F0439S_05F0494S,ALL,日間,206,222,16,0.07766990291262135,穩定,3.43,3.7,0.27
L2_TIME_PERIOD,05F0439S_05F0494S,ALL,早尖峰,203,222,19,0.09359605911330049,穩定,3.38,3.7,0.32
L2_TIME_PERIOD,05F0439S_05F0494S,ALL,晚尖峰,205,223,18,0.08780487804878048,穩定,3.42,3.72,0.3
L2_TIME_PERIOD,05F0528N_05F0438N,ALL,凌晨,344,399,55,0.15988372093023256,穩定,5.73,6.65,0.92
L2_TIME_PERIOD,05F0528N_05F0438N,ALL,夜間,340,377,37,0.10882352941176471,穩定,5.67,6.28,0.62
L2_TIME_PERIOD,05F0528N_05F0438N,ALL,日間,340,371,31,0.09117647058823529,穩定,5.67,6.18,0.52
L2_TIME_PERIOD,05F0528N_05F0438N,ALL,早尖峰,336,379,43,0.12797619047619047,穩定,5.6,6.32,0.72
L2_TIME_PERIOD,05F0528N_05F0438N,ALL,晚尖峰,339,368,29,0.0855457227138643,穩定,5.65,6.13,0.48
L2_TIME_PERIOD,05FR113S_05F0439S,ALL,凌晨,112,134,22,0.19642857142857142,穩定,1.87,2.23,0.37
L2_TIME_PERIOD,05FR113S_05F0439S,ALL,夜間,113,124,11,0.09734513274336283,穩定,1.88,2.07,0.18
L2_TIME_PERIOD,05FR113S_05F0439S,ALL,日間,114,123,9,0.07894736842105263,穩定,1.9,2.05,0.15
L2_TIME_PERIOD,05FR113S_05F0439S,ALL,早尖峰,111,121,10,0.09009009009009009,穩定,1.85,2.02,0.17
L2_TIME_PERIOD,05FR113S_05F0439S,ALL,晚尖峰,114,124,10,0.08771929824561403,穩定,1.9,2.07,0.17
L4_OVERALL,01F0005S_01F0017S,ALL,ALL,50,55,5,0.1,穩定,0.83,0.92,0.08
L4_OVERALL,01F0017N_01F0005N,ALL,ALL,48,53,5,0.10416666666666667,穩定,0.8,0.88,0.08
L4_OVERALL,01F0017S_01F0029S,ALL,ALL,49,54,5,0.10204081632653061,穩定,0.82,0.9,0.08
L4_OVERALL,01F0029N_01F0017N,ALL,ALL,49,53,4,0.08163265306122448,穩定,0.82,0.88,0.07
L4_OVERALL,01F0029S_01F0061S,ALL,ALL,128,209,81,0.6328125,不穩定,2.13,3.48,1.35
L4_OVERALL,01F0061N_01F0029N,ALL,ALL,126,138,12,0.09523809523809523,穩定,2.1,2.3,0.2
L4_OVERALL,01F0061N_03F0087S,ALL,ALL,1557,3274,1717,1.102761721258831,高風險,25.95,54.57,28.62
L4_OVERALL,01F0061S_01F0099S,ALL,ALL,156,465,309,1.9807692307692308,高風險,2.6,7.75,5.15
L4_OVERALL,01F0099N_01F0061N,ALL,ALL,174,313,139,0.7988505747126436,不穩定,2.9,5.22,2.32
L4_OVERALL,01F0099S_01F0147S,ALL,ALL,200,453,253,1.265,高風險,3.33,7.55,4.22
L4_OVERALL,01F0099S_01H0163S,ALL,ALL,256,395,139,0.54296875,不穩定,4.27,6.58,2.32
L4_OVERALL,01F0099S_03F0054N,ALL,ALL,2030,3233,1203,0.5926108374384237,不穩定,33.83,53.88,20.05
L4_OVERALL,01F0099S_03F0116S,ALL,ALL,143,312,169,1.1818181818181819,高風險,2.38,5.2,2.82
L4_OVERALL,01F0147N_01F0099N,ALL,ALL,204,465,261,1.2794117647058822,高風險,3.4,7.75,4.35
L4_OVERALL,01F0147N_03F0054N,ALL,ALL,369,498,129,0.34959349593495936,普通,6.15,8.3,2.15
L4_OVERALL,01F0147N_03F0116S,ALL,ALL,175,364,189,1.08,高風險,2.92,6.07,3.15
L4_OVERALL,01F0147S_01F0153S,ALL,ALL,31,109,78,2.5161290322580645,高風險,0.52,1.82,1.3
L4_OVERALL,01F0153N_01F0147N,ALL,ALL,31,88,57,1.8387096774193548,高風險,0.52,1.47,0.95
L4_OVERALL,01F0153S_01F0182S,ALL,ALL,127,422,295,2.322834645669291,高風險,2.12,7.03,4.92
L4_OVERALL,01F0182S_01F0248S,ALL,ALL,346,919,573,1.6560693641618498,高風險,5.77,15.32,9.55
L4_OVERALL,01F0213N_01F0153N,ALL,ALL,272,707,435,1.599264705882353,高風險,4.53,11.78,7.25
L4_OVERALL,01F0233N_01F0213N,ALL,ALL,90,195,105,1.1666666666666667,高風險,1.5,3.25,1.75
L4_OVERALL,01F0248S_01F0264S,ALL,ALL,65,74,9,0.13846153846153847,穩定,1.08,1.23,0.15
L4_OVERALL,01F0256N_01F0233N,ALL,ALL,118,257,139,1.1779661016949152,高風險,1.97,4.28,2.32
L4_OVERALL,01F0264S_01F0293S,ALL,ALL,112,130,18,0.16071428571428573,穩定,1.87,2.17,0.3
L4_OVERALL,01F0293N_01F0256N,ALL,ALL,152,752,600,3.9473684210526314,高風險,2.53,12.53,10.0
L4_OVERALL,01F0293S_01F0339S,ALL,ALL,183,387,204,1.1147540983606556,高風險,3.05,6.45,3.4
L4_OVERALL,01F0339S_01F0376S,ALL,ALL,161,234,73,0.453416149068323,普通,2.68,3.9,1.22
L4_OVERALL,01F0339S_01H0447S,ALL,ALL,434,508,74,0.17050691244239632,穩定,7.23,8.47,1.23
L4_OVERALL,01F0340N_01F0293N,ALL,ALL,178,318,140,0.7865168539325843,不穩定,2.97,5.3,2.33
L4_OVERALL,01F0340N_01H0271N,ALL,ALL,272,760,488,1.7941176470588236,高風險,4.53,12.67,8.13
L4_OVERALL,01F0376N_01F0340N,ALL,ALL,167,463,296,1.7724550898203593,高風險,2.78,7.72,4.93
L4_OVERALL,01F0376S_01F0413S,ALL,ALL,160,327,167,1.04375,高風險,2.67,5.45,2.78
L4_OVERALL,01F0413N_01F0376N,ALL,ALL,146,546,400,2.73972602739726,高風險,2.43,9.1,6.67
L4_OVERALL,01F0413S_01F0467S,ALL,ALL,204,237,33,0.16176470588235295,穩定,3.4,3.95,0.55
L4_OVERALL,01F0467N_01F0413N,ALL,ALL,228,546,318,1.394736842105263,高風險,3.8,9.1,5.3
L4_OVERALL,01F0467S_01F0492S,ALL,ALL,94,170,76,0.8085106382978723,不穩定,1.57,2.83,1.27
L4_OVERALL,01F0492N_01F0467N,ALL,ALL,99,241,142,1.4343434343434343,高風險,1.65,4.02,2.37
L4_OVERALL,01F0492S_01F0511S,ALL,ALL,74,121,47,0.6351351351351351,不穩定,1.23,2.02,0.78
L4_OVERALL,01F0511N_01F0492N,ALL,ALL,71,174,103,1.4507042253521127,高風險,1.18,2.9,1.72
L4_OVERALL,01F0511S_01F0532S,ALL,ALL,84,237,153,1.8214285714285714,高風險,1.4,3.95,2.55
L4_OVERALL,01F0511S_03F0525N,ALL,ALL,709,1535,826,1.165021156558533,高風險,11.82,25.58,13.77
L4_OVERALL,01F0511S_03F0559S,ALL,ALL,695,1215,520,0.7482014388489209,不穩定,11.58,20.25,8.67
L4_OVERALL,01F0532N_01F0511N,ALL,ALL,84,100,16,0.19047619047619047,穩定,1.4,1.67,0.27
L4_OVERALL,01F0532N_03F0525N,ALL,ALL,609,1127,518,0.8505747126436781,不穩定,10.15,18.78,8.63
L4_OVERALL,01F0532N_03F0559S,ALL,ALL,1556,3141,1585,1.018637532133676,高風險,25.93,52.35,26.42
L4_OVERALL,01F0532S_01F0557S,ALL,ALL,105,272,167,1.5904761904761904,高風險,1.75,4.53,2.78
L4_OVERALL,01F0557N_01F0532N,ALL,ALL,101,173,72,0.7128712871287128,不穩定,1.68,2.88,1.2
L4_OVERALL,01F0557S_01F0578S,ALL,ALL,88,340,252,2.8636363636363638,高風險,1.47,5.67,4.2
L4_OVERALL,01F0578S_01F0633S,ALL,ALL,231,408,177,0.7662337662337663,不穩定,3.85,6.8,2.95
L4_OVERALL,01F0578S_01H0610S,ALL,ALL,143,265,122,0.8531468531468531,不穩定,2.38,4.42,2.03
L4_OVERALL,01F0584N_01F0557N,ALL,ALL,107,168,61,0.5700934579439252,不穩定,1.78,2.8,1.02
L4_OVERALL,01F0616S_01F0633S,ALL,ALL,67,94,27,0.40298507462686567,普通,1.12,1.57,0.45
L4_OVERALL,01F0633N_01F0584N,ALL,ALL,199,381,182,0.914572864321608,不穩定,3.32,6.35,3.03
L4_OVERALL,01F0633N_01F0616N,ALL,ALL,67,210,143,2.1343283582089554,高風險,1.12,3.5,2.38
L4_OVERALL,01F0633N_01H0579N,ALL,ALL,230,433,203,0.8826086956521739,不穩定,3.83,7.22,3.38
L4_OVERALL,01F0633S_01F0664S,ALL,ALL,123,152,29,0.23577235772357724,穩定,2.05,2.53,0.48
L4_OVERALL,01F0664N_01F0633N,ALL,ALL,119,197,78,0.6554621848739496,不穩定,1.98,3.28,1.3
L4_OVERALL,01F0664S_01F0681S,ALL,ALL,64,74,10,0.15625,穩定,1.07,1.23,0.17
L4_OVERALL,01F0681N_01F0664N,ALL,ALL,65,79,14,0.2153846153846154,穩定,1.08,1.32,0.23
L4_OVERALL,01F0681S_01F0699S,ALL,ALL,69,81,12,0.17391304347826086,穩定,1.15,1.35,0.2
L4_OVERALL,01F0699N_01F0681N,ALL,ALL,68,77,9,0.1323529411764706,穩定,1.13,1.28,0.15
L4_OVERALL,01F0699S_01F0750S,ALL,ALL,190,305,115,0.6052631578947368,不穩定,3.17,5.08,1.92
L4_OVERALL,01F0750N_01F0699N,ALL,ALL,188,218,30,0.1595744680851064,穩定,3.13,3.63,0.5
L4_OVERALL,01F0750N_01H0608N,ALL,ALL,529,704,175,0.33081285444234404,普通,8.82,11.73,2.92
L4_OVERALL,01F0750S_01F0880S,ALL,ALL,501,1146,645,1.2874251497005988,高風險,8.35,19.1,10.75
L4_OVERALL,01F0880N_01F0750N,ALL,ALL,513,1016,503,0.9805068226120858,不穩定,8.55,16.93,8.38
L4_OVERALL,01F0880S_01F0928S,ALL,ALL,201,514,313,1.5572139303482586,高風險,3.35,8.57,5.22
L4_OVERALL,01F0928N_01F0880N,ALL,ALL,196,471,275,1.403061224489796,高風險,3.27,7.85,4.58
L4_OVERALL,01F0928S_01F0950S,ALL,ALL,85,199,114,1.3411764705882352,高風險,1.42,3.32,1.9
L4_OVERALL,01F0950S_01F0980S,ALL,ALL,116,239,123,1.0603448275862069,高風險,1.93,3.98,2.05
L4_OVERALL,01F0956N_01F0928N,ALL,ALL,109,377,268,2.458715596330275,高風險,1.82,6.28,4.47
L4_OVERALL,01F0979N_01F0956N,ALL,ALL,87,233,146,1.6781609195402298,高風險,1.45,3.88,2.43
L4_OVERALL,01F0980S_01F1045S,ALL,ALL,236,328,92,0.3898305084745763,普通,3.93,5.47,1.53
L4_OVERALL,01F0980S_03F0996N,ALL,ALL,143,247,104,0.7272727272727273,不穩定,2.38,4.12,1.73
L4_OVERALL,01F0980S_03F1022S,ALL,ALL,123,150,27,0.21951219512195122,穩定,2.05,2.5,0.45
L4_OVERALL,01F1045N_01F0979N,ALL,ALL,243,428,185,0.7613168724279835,不穩定,4.05,7.13,3.08
L4_OVERALL,01F1045N_03F0996N,ALL,ALL,237,384,147,0.620253164556962,不穩定,3.95,6.4,2.45
L4_OVERALL,01F1045N_03F1022S,ALL,ALL,318,1066,748,2.352201257861635,高風險,5.3,17.77,12.47
L4_OVERALL,01F1045S_01F1123S,ALL,ALL,277,340,63,0.22743682310469315,穩定,4.62,5.67,1.05
L4_OVERALL,01F1123N_01F1045N,ALL,ALL,279,361,82,0.2939068100358423,普通,4.65,6.02,1.37
L4_OVERALL,01F1123S_01F1292S,ALL,ALL,602,730,128,0.21262458471760798,穩定,10.03,12.17,2.13
L4_OVERALL,01F1292N_01F1123N,ALL,ALL,598,837,239,0.3996655518394649,普通,9.97,13.95,3.98
L4_OVERALL,01F1292S_01F1389S,ALL,ALL,342,388,46,0.13450292397660818,穩定,5.7,6.47,0.77
L4_OVERALL,01F1389N_01F1292N,ALL,ALL,335,385,50,0.14925373134328357,穩定,5.58,6.42,0.83
L4_OVERALL,01F1389S_01F1465S,ALL,ALL,269,313,44,0.16356877323420074,穩定,4.48,5.22,0.73
L4_OVERALL,01F1465N_01F1389N,ALL,ALL,265,297,32,0.12075471698113208,穩定,4.42,4.95,0.53
L4_OVERALL,01F1465S_01F1572S,ALL,ALL,377,439,62,0.16445623342175067,穩定,6.28,7.32,1.03
L4_OVERALL,01F1572N_01F1465N,ALL,ALL,384,490,106,0.2760416666666667,普通,6.4,8.17,1.77
L4_OVERALL,01F1572S_01F1621S,ALL,ALL,173,306,133,0.7687861271676301,不穩定,2.88,5.1,2.22
L4_OVERALL,01F1621N_01F1572N,ALL,ALL,171,201,30,0.17543859649122806,穩定,2.85,3.35,0.5
L4_OVERALL,01F1621S_01F1664S,ALL,ALL,152,376,224,1.4736842105263157,高風險,2.53,6.27,3.73
L4_OVERALL,01F1621S_03F1651N,ALL,ALL,796,3253,2457,3.086683417085427,高風險,13.27,54.22,40.95
L4_OVERALL,01F1621S_03F1710S,ALL,ALL,605,856,251,0.41487603305785126,普通,10.08,14.27,4.18
L4_OVERALL,01F1664N_01F1621N,ALL,ALL,154,353,199,1.2922077922077921,高風險,2.57,5.88,3.32
L4_OVERALL,01F1664N_03F1651N,ALL,ALL,526,590,64,0.12167300380228137,穩定,8.77,9.83,1.07
L4_OVERALL,01F1664N_03F1710S,ALL,ALL,528,1841,1313,2.4867424242424243,高風險,8.8,30.68,21.88
L4_OVERALL,01F1664S_01F1699S,ALL,ALL,133,264,131,0.9849624060150376,不穩定,2.22,4.4,2.18
L4_OVERALL,01F1699N_01F1664N,ALL,ALL,132,193,61,0.4621212121212121,普通,2.2,3.22,1.02
L4_OVERALL,01F1699S_01F1774S,ALL,ALL,275,405,130,0.4727272727272727,普通,4.58,6.75,2.17
L4_OVERALL,01F1774N_01F1699N,ALL,ALL,290,511,221,0.7620689655172413,不穩定,4.83,8.52,3.68
L4_OVERALL,01F1774S_01F1802S,ALL,ALL,94,109,15,0.1595744680851064,穩定,1.57,1.82,0.25
L4_OVERALL,01F1802N_01F1774N,ALL,ALL,100,130,30,0.3,普通,1.67,2.17,0.5
L4_OVERALL,01F1802S_01F1839S,ALL,ALL,125,144,19,0.152,穩定,2.08,2.4,0.32
L4_OVERALL,01F1839N_01F1802N,ALL,ALL,131,163,32,0.24427480916030533,穩定,2.18,2.72,0.53
L4_OVERALL,01F1839S_01F1906S,ALL,ALL,234,272,38,0.1623931623931624,穩定,3.9,4.53,0.63
L4_OVERALL,01F1906N_01F1839N,ALL,ALL,239,294,55,0.2301255230125523,穩定,3.98,4.9,0.92
L4_OVERALL,01F1906S_01F1960S,ALL,ALL,187,246,59,0.3155080213903743,普通,3.12,4.1,0.98
L4_OVERALL,01F1906S_03F1941N,ALL,ALL,226,280,54,0.23893805309734514,穩定,3.77,4.67,0.9
L4_OVERALL,01F1906S_03F1991S,ALL,ALL,208,255,47,0.22596153846153846,穩定,3.47,4.25,0.78
L4_OVERALL,01F1960N_01F1906N,ALL,ALL,188,230,42,0.22340425531914893,穩定,3.13,3.83,0.7
L4_OVERALL,01F1960N_03F1941N,ALL,ALL,286,381,95,0.3321678321678322,普通,4.77,6.35,1.58
L4_OVERALL,01F1960N_03F1991S,ALL,ALL,268,325,57,0.2126865671641791,穩定,4.47,5.42,0.95
L4_OVERALL,01F1960S_01F2011S,ALL,ALL,181,287,106,0.585635359116022,不穩定,3.02,4.78,1.77
L4_OVERALL,01F2011N_01F1960N,ALL,ALL,182,353,171,0.9395604395604396,不穩定,3.03,5.88,2.85
L4_OVERALL,01F2011S_01F2089S,ALL,ALL,276,432,156,0.5652173913043478,不穩定,4.6,7.2,2.6
L4_OVERALL,01F2011S_03F2194N,ALL,ALL,2331,3302,971,0.4165594165594166,普通,38.85,55.03,16.18
L4_OVERALL,01F2011S_03F2235S,ALL,ALL,1075,1760,685,0.6372093023255814,不穩定,17.92,29.33,11.42
L4_OVERALL,01F2089N_01F2011N,ALL,ALL,280,474,194,0.6928571428571428,不穩定,4.67,7.9,3.23
L4_OVERALL,01F2089N_03F2194N,ALL,ALL,949,1076,127,0.13382507903055849,穩定,15.82,17.93,2.12
L4_OVERALL,01F2089N_03F2235S,ALL,ALL,842,1037,195,0.23159144893111638,穩定,14.03,17.28,3.25
L4_OVERALL,01F2089S_01F2156S,ALL,ALL,235,414,179,0.7617021276595745,不穩定,3.92,6.9,2.98
L4_OVERALL,01F2156N_01F2089N,ALL,ALL,237,459,222,0.9367088607594937,不穩定,3.95,7.65,3.7
L4_OVERALL,01F2156S_01F2249S,ALL,ALL,319,405,86,0.26959247648902823,普通,5.32,6.75,1.43
L4_OVERALL,01F2249N_01F2156N,ALL,ALL,322,594,272,0.84472049689441,不穩定,5.37,9.9,4.53
L4_OVERALL,01F2249S_01F2322S,ALL,ALL,254,314,60,0.23622047244094488,穩定,4.23,5.23,1.0
L4_OVERALL,01F2322N_01F2249N,ALL,ALL,258,329,71,0.2751937984496124,普通,4.3,5.48,1.18
L4_OVERALL,01F2322S_01F2394S,ALL,ALL,246,297,51,0.2073170731707317,穩定,4.1,4.95,0.85
L4_OVERALL,01F2394N_01F2322N,ALL,ALL,248,321,73,0.29435483870967744,普通,4.13,5.35,1.22
L4_OVERALL,01F2394S_01F2425S,ALL,ALL,104,125,21,0.20192307692307693,穩定,1.73,2.08,0.35
L4_OVERALL,01F2425N_01F2394N,ALL,ALL,105,132,27,0.2571428571428571,普通,1.75,2.2,0.45
L4_OVERALL,01F2425S_01F2472S,ALL,ALL,158,211,53,0.33544303797468356,普通,2.63,3.52,0.88
L4_OVERALL,01F2425S_03F2614N,ALL,ALL,873,2011,1138,1.3035509736540665,高風險,14.55,33.52,18.97
L4_OVERALL,01F2425S_03F2709S,ALL,ALL,651,773,122,0.18740399385560677,穩定,10.85,12.88,2.03
L4_OVERALL,01F2472N_01F2425N,ALL,ALL,161,258,97,0.6024844720496895,不穩定,2.68,4.3,1.62
L4_OVERALL,01F2472N_03F2614N,ALL,ALL,886,1111,225,0.25395033860045146,普通,14.77,18.52,3.75
L4_OVERALL,01F2472N_03F2709S,ALL,ALL,972,3220,2248,2.3127572016460904,高風險,16.2,53.67,37.47
L4_OVERALL,01F2472S_01F2514S,ALL,ALL,145,176,31,0.21379310344827587,穩定,2.42,2.93,0.52
L4_OVERALL,01F2514N_01F2472N,ALL,ALL,145,180,35,0.2413793103448276,穩定,2.42,3.0,0.58
L4_OVERALL,01F2514S_01F2603S,ALL,ALL,301,364,63,0.20930232558139536,穩定,5.02,6.07,1.05
L4_OVERALL,01F2603N_01F2514N,ALL,ALL,303,372,69,0.22772277227722773,穩定,5.05,6.2,1.15
L4_OVERALL,01F2603S_01F2674S,ALL,ALL,241,291,50,0.2074688796680498,穩定,4.02,4.85,0.83
L4_OVERALL,01F2674N_01F2603N,ALL,ALL,244,298,54,0.22131147540983606,穩定,4.07,4.97,0.9
L4_OVERALL,01F2674S_01F2714S,ALL,ALL,137,166,29,0.2116788321167883,穩定,2.28,2.77,0.48
L4_OVERALL,01F2714N_01F2674N,ALL,ALL,137,167,30,0.21897810218978103,穩定,2.28,2.78,0.5
L4_OVERALL,01F2714S_01F2827S,ALL,ALL,381,484,103,0.27034120734908135,普通,6.35,8.07,1.72
L4_OVERALL,01F2714S_03F2985N,ALL,ALL,645,2066,1421,2.2031007751937985,高風險,10.75,34.43,23.68
L4_OVERALL,01F2714S_03F3101S,ALL,ALL,888,1162,274,0.30855855855855857,普通,14.8,19.37,4.57
L4_OVERALL,01F2827N_01F2714N,ALL,ALL,381,500,119,0.3123359580052493,普通,6.35,8.33,1.98
L4_OVERALL,01F2827N_03F2985N,ALL,ALL,888,1093,205,0.23085585585585586,穩定,14.8,18.22,3.42
L4_OVERALL,01F2827N_03F3101S,ALL,ALL,1450,3268,1818,1.2537931034482759,高風險,24.17,54.47,30.3
L4_OVERALL,01F2827S_01F2866S,ALL,ALL,134,162,28,0.208955223880597,穩定,2.23,2.7,0.47
L4_OVERALL,01F2866N_01F2827N,ALL,ALL,133,163,30,0.22556390977443608,穩定,2.22,2.72,0.5
L4_OVERALL,01F2866S_01F2930S,ALL,ALL,214,264,50,0.2336448598130841,穩定,3.57,4.4,0.83
L4_OVERALL,01F2930N_01F2866N,ALL,ALL,216,264,48,0.2222222222222222,穩定,3.6,4.4,0.8
L4_OVERALL,01F2930S_01F3019S,ALL,ALL,305,381,76,0.24918032786885247,穩定,5.08,6.35,1.27
L4_OVERALL,01F2930S_03F3307N,ALL,ALL,1558,3313,1755,1.126444159178434,高風險,25.97,55.22,29.25
L4_OVERALL,01F2930S_03F3392S,ALL,ALL,1001,1544,543,0.5424575424575424,不穩定,16.68,25.73,9.05
L4_OVERALL,01F3019N_01F2930N,ALL,ALL,309,372,63,0.20388349514563106,穩定,5.15,6.2,1.05
L4_OVERALL,01F3019N_03F3307N,ALL,ALL,842,1234,392,0.4655581947743468,普通,14.03,20.57,6.53
L4_OVERALL,01F3019N_03F3392S,ALL,ALL,900,3188,2288,2.542222222222222,高風險,15.0,53.13,38.13
L4_OVERALL,01F3019S_01F3083S,ALL,ALL,222,344,122,0.5495495495495496,不穩定,3.7,5.73,2.03
L4_OVERALL,01F3083N_01F3019N,ALL,ALL,224,270,46,0.20535714285714285,穩定,3.73,4.5,0.77
L4_OVERALL,01F3083S_01F3126S,ALL,ALL,149,211,62,0.4161073825503356,普通,2.48,3.52,1.03
L4_OVERALL,01F3126N_01F3083N,ALL,ALL,153,185,32,0.20915032679738563,穩定,2.55,3.08,0.53
L4_OVERALL,01F3126S_01F3185S,ALL,ALL,219,455,236,1.0776255707762556,高風險,3.65,7.58,3.93
L4_OVERALL,01F3126S_03F3445N,ALL,ALL,2197,3320,1123,0.5111515703231679,不穩定,36.62,55.33,18.72
L4_OVERALL,01F3126S_03F3496S,ALL,ALL,590,740,150,0.2542372881355932,普通,9.83,12.33,2.5
L4_OVERALL,01F3185N_01F3126N,ALL,ALL,218,310,92,0.42201834862385323,普通,3.63,5.17,1.53
L4_OVERALL,01F3185N_03F3445N,ALL,ALL,574,687,113,0.19686411149825783,穩定,9.57,11.45,1.88
L4_OVERALL,01F3185N_03F3496S,ALL,ALL,573,2783,2210,3.856893542757417,高風險,9.55,46.38,36.83
L4_OVERALL,01F3185S_01F3227S,ALL,ALL,161,308,147,0.9130434782608695,不穩定,2.68,5.13,2.45
L4_OVERALL,01F3227N_01F3185N,ALL,ALL,157,278,121,0.7707006369426752,不穩定,2.62,4.63,2.02
L4_OVERALL,01F3227S_01F3252S,ALL,ALL,91,106,15,0.16483516483516483,穩定,1.52,1.77,0.25
L4_OVERALL,01F3252N_01F3227N,ALL,ALL,97,227,130,1.3402061855670102,高風險,1.62,3.78,2.17
L4_OVERALL,01F3252S_01F3286S,ALL,ALL,122,147,25,0.20491803278688525,穩定,2.03,2.45,0.42
L4_OVERALL,01F3286N_01F3252N,ALL,ALL,125,162,37,0.296,普通,2.08,2.7,0.62
L4_OVERALL,01F3286S_01F3366S,ALL,ALL,301,572,271,0.9003322259136213,不穩定,5.02,9.53,4.52
L4_OVERALL,01F3366N_01F3286N,ALL,ALL,301,359,58,0.19269102990033224,穩定,5.02,5.98,0.97
L4_OVERALL,01F3366S_01F3398S,ALL,ALL,116,311,195,1.6810344827586208,高風險,1.93,5.18,3.25
L4_OVERALL,01F3398N_01F3366N,ALL,ALL,118,140,22,0.1864406779661017,穩定,1.97,2.33,0.37
L4_OVERALL,01F3398S_01F3460S,ALL,ALL,245,596,351,1.4326530612244899,高風險,4.08,9.93,5.85
L4_OVERALL,01F3460N_01F3398N,ALL,ALL,243,497,254,1.045267489711934,高風險,4.05,8.28,4.23
L4_OVERALL,01F3460S_01F3535S,ALL,ALL,288,605,317,1.1006944444444444,高風險,4.8,10.08,5.28
L4_OVERALL,01F3535N_01F3460N,ALL,ALL,283,548,265,0.9363957597173145,不穩定,4.72,9.13,4.42
L4_OVERALL,01F3535S_01F3561S,ALL,ALL,126,186,60,0.47619047619047616,普通,2.1,3.1,1.0
L4_OVERALL,01F3559N_01F3535N,ALL,ALL,124,256,132,1.064516129032258,高風險,2.07,4.27,2.2
L4_OVERALL,01F3561S_01F3590S,ALL,ALL,116,202,86,0.7413793103448276,不穩定,1.93,3.37,1.43
L4_OVERALL,01F3590N_01F3559N,ALL,ALL,122,189,67,0.5491803278688525,不穩定,2.03,3.15,1.12
L4_OVERALL,01F3590S_01F3640S,ALL,ALL,196,245,49,0.25,普通,3.27,4.08,0.82
L4_OVERALL,01F3590S_03F3743N,ALL,ALL,2661,3393,732,0.2750845546786922,普通,44.35,56.55,12.2
L4_OVERALL,01F3590S_03F3854S,ALL,ALL,1001,2791,1790,1.7882117882117883,高風險,16.68,46.52,29.83
L4_OVERALL,01F3640N_01F3590N,ALL,ALL,193,337,144,0.7461139896373057,不穩定,3.22,5.62,2.4
L4_OVERALL,01F3640N_03F3743N,ALL,ALL,1095,1432,337,0.30776255707762556,普通,18.25,23.87,5.62
L4_OVERALL,01F3640N_03F3854S,ALL,ALL,855,1420,565,0.6608187134502924,不穩定,14.25,23.67,9.42
L4_OVERALL,01F3640S_01F3676S,ALL,ALL,140,188,48,0.34285714285714286,普通,2.33,3.13,0.8
L4_OVERALL,01F3676N_01F3640N,ALL,ALL,144,225,81,0.5625,不穩定,2.4,3.75,1.35
L4_OVERALL,01F3676S_01F3686S,ALL,ALL,40,55,15,0.375,普通,0.67,0.92,0.25
L4_OVERALL,01F3686S_01F3736S,ALL,ALL,222,262,40,0.18018018018018017,穩定,3.7,4.37,0.67
L4_OVERALL,01F3696N_01F3676N,ALL,ALL,83,109,26,0.3132530120481928,普通,1.38,1.82,0.43
L4_OVERALL,01F3736N_01F3696N,ALL,ALL,178,206,28,0.15730337078651685,穩定,2.97,3.43,0.47
L4_OVERALL,01H0163S_01H0206S,ALL,ALL,164,467,303,1.8475609756097562,高風險,2.73,7.78,5.05
L4_OVERALL,01H0174N_01F0099N,ALL,ALL,307,679,372,1.211726384364821,高風險,5.12,11.32,6.2
L4_OVERALL,01H0174N_03F0054N,ALL,ALL,463,738,275,0.593952483801296,不穩定,7.72,12.3,4.58
L4_OVERALL,01H0174N_03F0116S,ALL,ALL,273,519,246,0.9010989010989011,不穩定,4.55,8.65,4.1
L4_OVERALL,01H0200N_01H0174N,ALL,ALL,102,127,25,0.24509803921568626,穩定,1.7,2.12,0.42
L4_OVERALL,01H0206S_01H0305S,ALL,ALL,389,702,313,0.8046272493573264,不穩定,6.48,11.7,5.22
L4_OVERALL,01H0208N_01H0200N,ALL,ALL,31,54,23,0.7419354838709677,不穩定,0.52,0.9,0.38
L4_OVERALL,01H0271N_01H0208N,ALL,ALL,259,602,343,1.3243243243243243,高風險,4.32,10.03,5.72
L4_OVERALL,01H0305S_01F0339S,ALL,ALL,135,215,80,0.5925925925925926,不穩定,2.25,3.58,1.33
L4_OVERALL,01H0305S_01H0334S,ALL,ALL,109,130,21,0.1926605504587156,穩定,1.82,2.17,0.35
L4_OVERALL,01H0333N_01H0271N,ALL,ALL,246,861,615,2.5,高風險,4.1,14.35,10.25
L4_OVERALL,01H0334S_01H0447S,ALL,ALL,430,474,44,0.10232558139534884,穩定,7.17,7.9,0.73
L4_OVERALL,01H0447N_01F0340N,ALL,ALL,447,897,450,1.0067114093959733,高風險,7.45,14.95,7.5
L4_OVERALL,01H0447N_01H0333N,ALL,ALL,439,612,173,0.3940774487471526,普通,7.32,10.2,2.88
L4_OVERALL,01H0447S_01H0579S,ALL,ALL,492,644,152,0.3089430894308943,普通,8.2,10.73,2.53
L4_OVERALL,01H0579N_01H0447N,ALL,ALL,486,636,150,0.30864197530864196,普通,8.1,10.6,2.5
L4_OVERALL,01H0579S_01F0633S,ALL,ALL,236,401,165,0.6991525423728814,不穩定,3.93,6.68,2.75
L4_OVERALL,01H0579S_01H0610S,ALL,ALL,127,213,86,0.6771653543307087,不穩定,2.12,3.55,1.43
L4_OVERALL,01H0608N_01F0584N,ALL,ALL,101,152,51,0.504950495049505,不穩定,1.68,2.53,0.85
L4_OVERALL,01H0608N_01H0579N,ALL,ALL,113,145,32,0.2831858407079646,普通,1.88,2.42,0.53
L4_OVERALL,01H0610S_01F0750S,ALL,ALL,535,811,276,0.5158878504672897,不穩定,8.92,13.52,4.6
L4_OVERALL,03A0015S_03A0041S,ALL,ALL,123,201,78,0.6341463414634146,不穩定,2.05,3.35,1.3
L4_OVERALL,03A0041N_03A0015N,ALL,ALL,121,128,7,0.05785123966942149,穩定,2.02,2.13,0.12
L4_OVERALL,03A0041S_03F0201N,ALL,ALL,185,641,456,2.464864864864865,高風險,3.08,10.68,7.6
L4_OVERALL,03A0041S_03F0217S,ALL,ALL,92,231,139,1.5108695652173914,高風險,1.53,3.85,2.32
L4_OVERALL,03F0006S_01F0061S,ALL,ALL,360,504,144,0.4,普通,6.0,8.4,2.4
L4_OVERALL,03F0006S_03F0087S,ALL,ALL,319,392,73,0.22884012539184953,穩定,5.32,6.53,1.22
L4_OVERALL,03F0054N_01F0061S,ALL,ALL,389,2824,2435,6.259640102827763,高風險,6.48,47.07,40.58
L4_OVERALL,03F0054N_03F0021N,ALL,ALL,133,148,15,0.11278195488721804,穩定,2.22,2.47,0.25
L4_OVERALL,03F0087S_01F0099N,ALL,ALL,1878,3167,1289,0.6863684771033014,不穩定,31.3,52.78,21.48
L4_OVERALL,03F0087S_01F0147S,ALL,ALL,234,605,371,1.5854700854700854,高風險,3.9,10.08,6.18
L4_OVERALL,03F0087S_01H0163S,ALL,ALL,282,574,292,1.0354609929078014,高風險,4.7,9.57,4.87
L4_OVERALL,03F0087S_03F0116S,ALL,ALL,113,130,17,0.1504424778761062,穩定,1.88,2.17,0.28
L4_OVERALL,03F0116N_01F0099N,ALL,ALL,106,288,182,1.7169811320754718,高風險,1.77,4.8,3.03
L4_OVERALL,03F0116N_01F0147S,ALL,ALL,232,684,452,1.9482758620689655,高風險,3.87,11.4,7.53
L4_OVERALL,03F0116N_01H0163S,ALL,ALL,284,606,322,1.1338028169014085,高風險,4.73,10.1,5.37
L4_OVERALL,03F0116N_03F0054N,ALL,ALL,241,263,22,0.0912863070539419,穩定,4.02,4.38,0.37
L4_OVERALL,03F0116S_03F0136S,ALL,ALL,80,92,12,0.15,穩定,1.33,1.53,0.2
L4_OVERALL,03F0136S_03F0158S,ALL,ALL,87,136,49,0.5632183908045977,不穩定,1.45,2.27,0.82
L4_OVERALL,03F0140N_03F0116N,ALL,ALL,99,117,18,0.18181818181818182,穩定,1.65,1.95,0.3
L4_OVERALL,03F0150N_03F0140N,ALL,ALL,39,42,3,0.07692307692307693,穩定,0.65,0.7,0.05
L4_OVERALL,03F0158S_03F0201S,ALL,ALL,186,367,181,0.9731182795698925,不穩定,3.1,6.12,3.02
L4_OVERALL,03F0158S_05F0000S,ALL,ALL,51,143,92,1.803921568627451,高風險,0.85,2.38,1.53
L4_OVERALL,03F0201N_03F0150N,ALL,ALL,220,291,71,0.32272727272727275,普通,3.67,4.85,1.18
L4_OVERALL,03F0201N_05F0000S,ALL,ALL,207,865,658,3.178743961352657,高風險,3.45,14.42,10.97
L4_OVERALL,03F0201S_03A0041N,ALL,ALL,76,111,35,0.4605263157894737,普通,1.27,1.85,0.58
L4_OVERALL,03F0201S_03F0217S,ALL,ALL,65,133,68,1.0461538461538462,高風險,1.08,2.22,1.13
L4_OVERALL,03F0217N_03A0041N,ALL,ALL,116,188,72,0.6206896551724138,不穩定,1.93,3.13,1.2
L4_OVERALL,03F0217N_03F0201N,ALL,ALL,61,311,250,4.098360655737705,高風險,1.02,5.18,4.17
L4_OVERALL,03F0217S_03F0301S,ALL,ALL,349,499,150,0.4297994269340974,普通,5.82,8.32,2.5
L4_OVERALL,03F0301N_03F0217N,ALL,ALL,356,712,356,1.0,高風險,5.93,11.87,5.93
L4_OVERALL,03F0301S_03F0337S,ALL,ALL,157,597,440,2.8025477707006368,高風險,2.62,9.95,7.33
L4_OVERALL,03F0337S_03F0385S,ALL,ALL,233,299,66,0.2832618025751073,普通,3.88,4.98,1.1
L4_OVERALL,03F0338N_03F0301N,ALL,ALL,147,184,37,0.25170068027210885,普通,2.45,3.07,0.62
L4_OVERALL,03F0385N_03F0338N,ALL,ALL,231,705,474,2.051948051948052,高風險,3.85,11.75,7.9
L4_OVERALL,03F0385S_03F0447S,ALL,ALL,212,604,392,1.849056603773585,高風險,3.53,10.07,6.53
L4_OVERALL,03F0447N_03F0385N,ALL,ALL,207,351,144,0.6956521739130435,不穩定,3.45,5.85,2.4
L4_OVERALL,03F0447S_03F0498S,ALL,ALL,197,251,54,0.27411167512690354,普通,3.28,4.18,0.9
L4_OVERALL,03F0498N_03F0447N,ALL,ALL,195,411,216,1.1076923076923078,高風險,3.25,6.85,3.6
L4_OVERALL,03F0498S_03F0525S,ALL,ALL,103,207,104,1.0097087378640777,高風險,1.72,3.45,1.73
L4_OVERALL,03F0525N_03F0498N,ALL,ALL,99,206,107,1.0808080808080809,高風險,1.65,3.43,1.78
L4_OVERALL,03F0525S_01F0511N,ALL,ALL,634,1159,525,0.8280757097791798,不穩定,10.57,19.32,8.75
L4_OVERALL,03F0525S_01F0532S,ALL,ALL,630,1179,549,0.8714285714285714,不穩定,10.5,19.65,9.15
L4_OVERALL,03F0525S_03F0559S,ALL,ALL,129,282,153,1.186046511627907,高風險,2.15,4.7,2.55
L4_OVERALL,03F0559N_01F0511N,ALL,ALL,616,904,288,0.4675324675324675,普通,10.27,15.07,4.8
L4_OVERALL,03F0559N_01F0532S,ALL,ALL,1641,3180,1539,0.9378427787934186,不穩定,27.35,53.0,25.65
L4_OVERALL,03F0559N_03F0525N,ALL,ALL,124,290,166,1.3387096774193548,高風險,2.07,4.83,2.77
L4_OVERALL,03F0559S_03F0648S,ALL,ALL,336,747,411,1.2232142857142858,高風險,5.6,12.45,6.85
L4_OVERALL,03F0648N_03F0559N,ALL,ALL,322,760,438,1.360248447204969,高風險,5.37,12.67,7.3
L4_OVERALL,03F0648S_03F0698S,ALL,ALL,188,346,158,0.8404255319148937,不穩定,3.13,5.77,2.63
L4_OVERALL,03F0698N_03F0648N,ALL,ALL,183,560,377,2.060109289617486,高風險,3.05,9.33,6.28
L4_OVERALL,03F0698S_03F0746S,ALL,ALL,170,261,91,0.5352941176470588,不穩定,2.83,4.35,1.52
L4_OVERALL,03F0746N_03F0698N,ALL,ALL,170,438,268,1.576470588235294,高風險,2.83,7.3,4.47
L4_OVERALL,03F0746S_03F0783S,ALL,ALL,125,148,23,0.184,穩定,2.08,2.47,0.38
L4_OVERALL,03F0783N_03F0746N,ALL,ALL,129,182,53,0.4108527131782946,普通,2.15,3.03,0.88
L4_OVERALL,03F0783S_03F0846S,ALL,ALL,218,254,36,0.1651376146788991,穩定,3.63,4.23,0.6
L4_OVERALL,03F0846N_03F0783N,ALL,ALL,217,261,44,0.20276497695852536,穩定,3.62,4.35,0.73
L4_OVERALL,03F0846S_03F0961S,ALL,ALL,395,470,75,0.189873417721519,穩定,6.58,7.83,1.25
L4_OVERALL,03F0961N_03F0846N,ALL,ALL,394,507,113,0.2868020304568528,普通,6.57,8.45,1.88
L4_OVERALL,03F0961S_03F0996S,ALL,ALL,121,142,21,0.17355371900826447,穩定,2.02,2.37,0.35
L4_OVERALL,03F0996N_03F0961N,ALL,ALL,124,182,58,0.46774193548387094,普通,2.07,3.03,0.97
L4_OVERALL,03F0996S_01F0979N,ALL,ALL,94,486,392,4.170212765957447,高風險,1.57,8.1,6.53
L4_OVERALL,03F0996S_01F1045S,ALL,ALL,248,389,141,0.5685483870967742,不穩定,4.13,6.48,2.35
L4_OVERALL,03F0996S_03F1022S,ALL,ALL,90,109,19,0.2111111111111111,穩定,1.5,1.82,0.32
L4_OVERALL,03F1022N_01F0979N,ALL,ALL,141,514,373,2.645390070921986,高風險,2.35,8.57,6.22
L4_OVERALL,03F1022N_01F1045S,ALL,ALL,257,1468,1211,4.712062256809339,高風險,4.28,24.47,20.18
L4_OVERALL,03F1022N_03F0996N,ALL,ALL,89,117,28,0.3146067415730337,普通,1.48,1.95,0.47
L4_OVERALL,03F1022S_03F1051S,ALL,ALL,99,121,22,0.2222222222222222,穩定,1.65,2.02,0.37
L4_OVERALL,03F1051N_03F1022N,ALL,ALL,103,138,35,0.33980582524271846,普通,1.72,2.3,0.58
L4_OVERALL,03F1051S_03F1128S,ALL,ALL,264,338,74,0.2803030303030303,普通,4.4,5.63,1.23
L4_OVERALL,03F1128N_03F1051N,ALL,ALL,262,322,60,0.22900763358778625,穩定,4.37,5.37,1.0
L4_OVERALL,03F1128S_03F1161S,ALL,ALL,112,137,25,0.22321428571428573,穩定,1.87,2.28,0.42
L4_OVERALL,03F1161N_03F1128N,ALL,ALL,114,200,86,0.7543859649122807,不穩定,1.9,3.33,1.43
L4_OVERALL,03F1161S_03F1215S,ALL,ALL,179,221,42,0.2346368715083799,穩定,2.98,3.68,0.7
L4_OVERALL,03F1215N_03F1161N,ALL,ALL,178,453,275,1.5449438202247192,高風險,2.97,7.55,4.58
L4_OVERALL,03F1215S_03F1257S,ALL,ALL,138,184,46,0.3333333333333333,普通,2.3,3.07,0.77
L4_OVERALL,03F1257N_03F1215N,ALL,ALL,134,249,115,0.8582089552238806,不穩定,2.23,4.15,1.92
L4_OVERALL,03F1257S_03F1332S,ALL,ALL,249,307,58,0.23293172690763053,穩定,4.15,5.12,0.97
L4_OVERALL,03F1332N_03F1257N,ALL,ALL,249,323,74,0.2971887550200803,普通,4.15,5.38,1.23
L4_OVERALL,03F1332S_03F1395S,ALL,ALL,210,258,48,0.22857142857142856,穩定,3.5,4.3,0.8
L4_OVERALL,03F1395N_03F1332N,ALL,ALL,210,263,53,0.2523809523809524,普通,3.5,4.38,0.88
L4_OVERALL,03F1395S_03F1485S,ALL,ALL,298,363,65,0.2181208053691275,穩定,4.97,6.05,1.08
L4_OVERALL,03F1485N_03F1395N,ALL,ALL,296,374,78,0.2635135135135135,普通,4.93,6.23,1.3
L4_OVERALL,03F1485S_03F1633S,ALL,ALL,494,658,164,0.3319838056680162,普通,8.23,10.97,2.73
L4_OVERALL,03F1633N_03F1485N,ALL,ALL,484,662,178,0.3677685950413223,普通,8.07,11.03,2.97
L4_OVERALL,03F1633S_03F1651S,ALL,ALL,59,72,13,0.22033898305084745,穩定,0.98,1.2,0.22
L4_OVERALL,03F1651N_03F1633N,ALL,ALL,59,73,14,0.23728813559322035,穩定,0.98,1.22,0.23
L4_OVERALL,03F1651S_01F1621N,ALL,ALL,1791,3319,1528,0.8531546621998883,不穩定,29.85,55.32,25.47
L4_OVERALL,03F1651S_01F1664S,ALL,ALL,552,824,272,0.4927536231884058,普通,9.2,13.73,4.53
L4_OVERALL,03F1651S_03F1710S,ALL,ALL,199,240,41,0.20603015075376885,穩定,3.32,4.0,0.68
L4_OVERALL,03F1710N_01F1621N,ALL,ALL,619,892,273,0.4410339256865913,普通,10.32,14.87,4.55
L4_OVERALL,03F1710N_01F1664S,ALL,ALL,495,1790,1295,2.6161616161616164,高風險,8.25,29.83,21.58
L4_OVERALL,03F1710N_03F1651N,ALL,ALL,199,248,49,0.24623115577889448,穩定,3.32,4.13,0.82
L4_OVERALL,03F1710S_03F1739S,ALL,ALL,97,119,22,0.2268041237113402,穩定,1.62,1.98,0.37
L4_OVERALL,03F1739N_03F1710N,ALL,ALL,98,117,19,0.19387755102040816,穩定,1.63,1.95,0.32
L4_OVERALL,03F1739S_03F1779S,ALL,ALL,135,164,29,0.21481481481481482,穩定,2.25,2.73,0.48
L4_OVERALL,03F1779N_03F1739N,ALL,ALL,133,158,25,0.18796992481203006,穩定,2.22,2.63,0.42
L4_OVERALL,03F1779S_03F1860S,ALL,ALL,272,330,58,0.21323529411764705,穩定,4.53,5.5,0.97
L4_OVERALL,03F1860N_03F1779N,ALL,ALL,280,359,79,0.28214285714285714,普通,4.67,5.98,1.32
L4_OVERALL,03F1860S_03F1944S,ALL,ALL,283,423,140,0.49469964664310956,普通,4.72,7.05,2.33
L4_OVERALL,03F1941N_03F1860N,ALL,ALL,272,331,59,0.21691176470588236,穩定,4.53,5.52,0.98
L4_OVERALL,03F1944S_01F1906N,ALL,ALL,238,338,100,0.42016806722689076,普通,3.97,5.63,1.67
L4_OVERALL,03F1944S_01F1960S,ALL,ALL,268,446,178,0.664179104477612,不穩定,4.47,7.43,2.97
L4_OVERALL,03F1944S_03F1991S,ALL,ALL,159,195,36,0.22641509433962265,穩定,2.65,3.25,0.6
L4_OVERALL,03F1991S_03F2066S,ALL,ALL,253,302,49,0.19367588932806323,穩定,4.22,5.03,0.82
L4_OVERALL,03F1992N_01F1906N,ALL,ALL,245,292,47,0.19183673469387755,穩定,4.08,4.87,0.78
L4_OVERALL,03F1992N_01F1960S,ALL,ALL,276,368,92,0.3333333333333333,普通,4.6,6.13,1.53
L4_OVERALL,03F1992N_03F1941N,ALL,ALL,171,210,39,0.22807017543859648,穩定,2.85,3.5,0.65
L4_OVERALL,03F2066N_03F1992N,ALL,ALL,252,297,45,0.17857142857142858,穩定,4.2,4.95,0.75
L4_OVERALL,03F2066S_03F2079S,ALL,ALL,47,55,8,0.1702127659574468,穩定,0.78,0.92,0.13
L4_OVERALL,03F2078N_03F2066N,ALL,ALL,44,51,7,0.1590909090909091,穩定,0.73,0.85,0.12
L4_OVERALL,03F2079S_03F2100S,ALL,ALL,74,90,16,0.21621621621621623,穩定,1.23,1.5,0.27
L4_OVERALL,03F2100N_03F2078N,ALL,ALL,79,96,17,0.21518987341772153,穩定,1.32,1.6,0.28
L4_OVERALL,03F2100S_03F2129S,ALL,ALL,103,149,46,0.44660194174757284,普通,1.72,2.48,0.77
L4_OVERALL,03F2125N_03F2100N,ALL,ALL,85,126,41,0.4823529411764706,普通,1.42,2.1,0.68
L4_OVERALL,03F2129S_03F2152S,ALL,ALL,81,95,14,0.1728395061728395,穩定,1.35,1.58,0.23
L4_OVERALL,03F2152S_03F2194S,ALL,ALL,143,162,19,0.13286713286713286,穩定,2.38,2.7,0.32
L4_OVERALL,03F2153N_03F2125N,ALL,ALL,99,137,38,0.3838383838383838,普通,1.65,2.28,0.63
L4_OVERALL,03F2194N_03F2153N,ALL,ALL,141,174,33,0.23404255319148937,穩定,2.35,2.9,0.55
L4_OVERALL,03F2194S_01F2011N,ALL,ALL,2085,3289,1204,0.5774580335731415,不穩定,34.75,54.82,20.07
L4_OVERALL,03F2194S_01F2089S,ALL,ALL,1006,1219,213,0.2117296222664016,穩定,16.77,20.32,3.55
L4_OVERALL,03F2194S_03F2235S,ALL,ALL,135,158,23,0.17037037037037037,穩定,2.25,2.63,0.38
L4_OVERALL,03F2231N_01F2011N,ALL,ALL,1104,1733,629,0.5697463768115942,不穩定,18.4,28.88,10.48
L4_OVERALL,03F2231N_01F2089S,ALL,ALL,949,1259,310,0.3266596417281349,普通,15.82,20.98,5.17
L4_OVERALL,03F2231N_03F2194N,ALL,ALL,122,143,21,0.1721311475409836,穩定,2.03,2.38,0.35
L4_OVERALL,03F2235S_03F2261S,ALL,ALL,88,104,16,0.18181818181818182,穩定,1.47,1.73,0.27
L4_OVERALL,03F2260N_03F2231N,ALL,ALL,103,138,35,0.33980582524271846,普通,1.72,2.3,0.58
L4_OVERALL,03F2261S_03F2306S,ALL,ALL,150,176,26,0.17333333333333334,穩定,2.5,2.93,0.43
L4_OVERALL,03F2306N_03F2260N,ALL,ALL,155,364,209,1.3483870967741935,高風險,2.58,6.07,3.48
L4_OVERALL,03F2306S_03F2336S,ALL,ALL,102,121,19,0.18627450980392157,穩定,1.7,2.02,0.32
L4_OVERALL,03F2336N_03F2306N,ALL,ALL,104,126,22,0.21153846153846154,穩定,1.73,2.1,0.37
L4_OVERALL,03F2336S_03F2415S,ALL,ALL,261,327,66,0.25287356321839083,普通,4.35,5.45,1.1
L4_OVERALL,03F2415N_03F2336N,ALL,ALL,261,402,141,0.5402298850574713,不穩定,4.35,6.7,2.35
L4_OVERALL,03F2415S_03F2447S,ALL,ALL,105,124,19,0.18095238095238095,穩定,1.75,2.07,0.32
L4_OVERALL,03F2447N_03F2415N,ALL,ALL,107,131,24,0.22429906542056074,穩定,1.78,2.18,0.4
L4_OVERALL,03F2447S_03F2535S,ALL,ALL,284,328,44,0.15492957746478872,穩定,4.73,5.47,0.73
L4_OVERALL,03F2535N_03F2447N,ALL,ALL,288,347,59,0.2048611111111111,穩定,4.8,5.78,0.98
L4_OVERALL,03F2535S_03F2614S,ALL,ALL,258,300,42,0.16279069767441862,穩定,4.3,5.0,0.7
L4_OVERALL,03F2614N_03F2535N,ALL,ALL,255,303,48,0.18823529411764706,穩定,4.25,5.05,0.8
L4_OVERALL,03F2614S_01F2425N,ALL,ALL,829,1955,1126,1.3582629674306392,高風險,13.82,32.58,18.77
L4_OVERALL,03F2614S_01F2472S,ALL,ALL,941,1207,266,0.2826780021253985,普通,15.68,20.12,4.43
L4_OVERALL,03F2614S_03F2709S,ALL,ALL,308,359,51,0.16558441558441558,穩定,5.13,5.98,0.85
L4_OVERALL,03F2709N_01F2425N,ALL,ALL,610,741,131,0.21475409836065573,穩定,10.17,12.35,2.18
L4_OVERALL,03F2709N_01F2472S,ALL,ALL,2146,3306,1160,0.5405405405405406,不穩定,35.77,55.1,19.33
L4_OVERALL,03F2709N_03F2614N,ALL,ALL,307,357,50,0.16286644951140064,穩定,5.12,5.95,0.83
L4_OVERALL,03F2709S_03F2747S,ALL,ALL,125,151,26,0.208,穩定,2.08,2.52,0.43
L4_OVERALL,03F2747N_03F2709N,ALL,ALL,126,153,27,0.21428571428571427,穩定,2.1,2.55,0.45
L4_OVERALL,03F2747S_03F2777S,ALL,ALL,97,112,15,0.15463917525773196,穩定,1.62,1.87,0.25
L4_OVERALL,03F2777N_03F2747N,ALL,ALL,100,119,19,0.19,穩定,1.67,1.98,0.32
L4_OVERALL,03F2777S_03F2840S,ALL,ALL,208,238,30,0.14423076923076922,穩定,3.47,3.97,0.5
L4_OVERALL,03F2840N_03F2777N,ALL,ALL,208,242,34,0.16346153846153846,穩定,3.47,4.03,0.57
L4_OVERALL,03F2840S_03F2899S,ALL,ALL,191,222,31,0.16230366492146597,穩定,3.18,3.7,0.52
L4_OVERALL,03F2899N_03F2840N,ALL,ALL,194,227,33,0.17010309278350516,穩定,3.23,3.78,0.55
L4_OVERALL,03F2899S_03F2923S,ALL,ALL,78,93,15,0.19230769230769232,穩定,1.3,1.55,0.25
L4_OVERALL,03F2923N_03F2899N,ALL,ALL,76,88,12,0.15789473684210525,穩定,1.27,1.47,0.2
L4_OVERALL,03F2923S_03F2985S,ALL,ALL,208,253,45,0.21634615384615385,穩定,3.47,4.22,0.75
L4_OVERALL,03F2985N_03F2923N,ALL,ALL,208,250,42,0.20192307692307693,穩定,3.47,4.17,0.7
L4_OVERALL,03F2985S_01F2714N,ALL,ALL,602,2034,1432,2.3787375415282392,高風險,10.03,33.9,23.87
L4_OVERALL,03F2985S_01F2827S,ALL,ALL,928,1150,222,0.23922413793103448,穩定,15.47,19.17,3.7
L4_OVERALL,03F2985S_03F3101S,ALL,ALL,378,442,64,0.1693121693121693,穩定,6.3,7.37,1.07
L4_OVERALL,03F3101N_01F2714N,ALL,ALL,867,1173,306,0.35294117647058826,普通,14.45,19.55,5.1
L4_OVERALL,03F3101N_01F2827S,ALL,ALL,2438,3326,888,0.3642329778506973,普通,40.63,55.43,14.8
L4_OVERALL,03F3101N_03F2985N,ALL,ALL,377,443,66,0.17506631299734748,穩定,6.28,7.38,1.1
L4_OVERALL,03F3101S_03F3187S,ALL,ALL,282,347,65,0.23049645390070922,穩定,4.7,5.78,1.08
L4_OVERALL,03F3187N_03F3101N,ALL,ALL,283,352,69,0.24381625441696114,穩定,4.72,5.87,1.15
L4_OVERALL,03F3187S_03F3211S,ALL,ALL,79,94,15,0.189873417721519,穩定,1.32,1.57,0.25
L4_OVERALL,03F3211N_03F3187N,ALL,ALL,80,94,14,0.175,穩定,1.33,1.57,0.23
L4_OVERALL,03F3211S_03F3259S,ALL,ALL,155,186,31,0.2,穩定,2.58,3.1,0.52
L4_OVERALL,03F3259N_03F3211N,ALL,ALL,155,182,27,0.17419354838709677,穩定,2.58,3.03,0.45
L4_OVERALL,03F3259S_03F3307S,ALL,ALL,159,193,34,0.2138364779874214,穩定,2.65,3.22,0.57
L4_OVERALL,03F3307N_03F3259N,ALL,ALL,158,187,29,0.18354430379746836,穩定,2.63,3.12,0.48
L4_OVERALL,03F3307S_01F2930N,ALL,ALL,1376,3282,1906,1.385174418604651,高風險,22.93,54.7,31.77
L4_OVERALL,03F3307S_01F3019S,ALL,ALL,855,1365,510,0.5964912280701754,不穩定,14.25,22.75,8.5
L4_OVERALL,03F3307S_03F3392S,ALL,ALL,276,340,64,0.2318840579710145,穩定,4.6,5.67,1.07
L4_OVERALL,03F3392N_01F2930N,ALL,ALL,1017,1363,346,0.34021632251720746,普通,16.95,22.72,5.77
L4_OVERALL,03F3392N_01F3019S,ALL,ALL,1000,3163,2163,2.163,高風險,16.67,52.72,36.05
L4_OVERALL,03F3392N_03F3307N,ALL,ALL,278,336,58,0.20863309352517986,穩定,4.63,5.6,0.97
L4_OVERALL,03F3392S_03F3445S,ALL,ALL,177,238,61,0.3446327683615819,普通,2.95,3.97,1.02
L4_OVERALL,03F3445N_03F3392N,ALL,ALL,175,243,68,0.38857142857142857,普通,2.92,4.05,1.13
L4_OVERALL,03F3445S_01F3126N,ALL,ALL,2087,3305,1218,0.5836128413991375,不穩定,34.78,55.08,20.3
L4_OVERALL,03F3445S_01F3185S,ALL,ALL,578,893,315,0.5449826989619377,不穩定,9.63,14.88,5.25
L4_OVERALL,03F3445S_03F3496S,ALL,ALL,171,207,36,0.21052631578947367,穩定,2.85,3.45,0.6
L4_OVERALL,03F3496N_01F3126N,ALL,ALL,555,762,207,0.372972972972973,普通,9.25,12.7,3.45
L4_OVERALL,03F3496N_01F3185S,ALL,ALL,645,2662,2017,3.1271317829457366,高風險,10.75,44.37,33.62
L4_OVERALL,03F3496N_03F3445N,ALL,ALL,172,209,37,0.21511627906976744,穩定,2.87,3.48,0.62
L4_OVERALL,03F3496S_03F3588S,ALL,ALL,306,371,65,0.21241830065359477,穩定,5.1,6.18,1.08
L4_OVERALL,03F3588N_03F3496N,ALL,ALL,303,367,64,0.21122112211221122,穩定,5.05,6.12,1.07
L4_OVERALL,03F3588S_03F3670S,ALL,ALL,276,330,54,0.1956521739130435,穩定,4.6,5.5,0.9
L4_OVERALL,03F3670N_03F3588N,ALL,ALL,277,331,54,0.19494584837545126,穩定,4.62,5.52,0.9
L4_OVERALL,03F3670S_03F3743S,ALL,ALL,246,308,62,0.25203252032520324,普通,4.1,5.13,1.03
L4_OVERALL,03F3743N_03F3670N,ALL,ALL,244,296,52,0.21311475409836064,穩定,4.07,4.93,0.87
L4_OVERALL,03F3743S_01F3590N,ALL,ALL,2498,3373,875,0.35028022417934346,普通,41.63,56.22,14.58
L4_OVERALL,03F3743S_01F3640S,ALL,ALL,1124,1895,771,0.6859430604982206,不穩定,18.73,31.58,12.85
L4_OVERALL,03F3743S_03F3854S,ALL,ALL,378,478,100,0.26455026455026454,普通,6.3,7.97,1.67
L4_OVERALL,03F3854N_01F3590N,ALL,ALL,1076,2969,1893,1.7592936802973977,高風險,17.93,49.48,31.55
L4_OVERALL,03F3854N_01F3640S,ALL,ALL,933,1673,740,0.7931404072883173,不穩定,15.55,27.88,12.33
L4_OVERALL,03F3854N_03F3743N,ALL,ALL,374,453,79,0.21122994652406418,穩定,6.23,7.55,1.32
L4_OVERALL,03F3854S_03F3916S,ALL,ALL,204,239,35,0.1715686274509804,穩定,3.4,3.98,0.58
L4_OVERALL,03F3916N_03F3854N,ALL,ALL,211,245,34,0.16113744075829384,穩定,3.52,4.08,0.57
L4_OVERALL,03F3916S_03F3981S,ALL,ALL,221,260,39,0.17647058823529413,穩定,3.68,4.33,0.65
L4_OVERALL,03F3981S_03F4018S,ALL,ALL,123,146,23,0.18699186991869918,穩定,2.05,2.43,0.38
L4_OVERALL,03F3984N_03F3916N,ALL,ALL,231,273,42,0.18181818181818182,穩定,3.85,4.55,0.7
L4_OVERALL,03F4018S_03F4142S,ALL,ALL,415,503,88,0.21204819277108433,穩定,6.92,8.38,1.47
L4_OVERALL,03F4021N_03F3984N,ALL,ALL,125,148,23,0.184,穩定,2.08,2.47,0.38
L4_OVERALL,03F4142N_03F4021N,ALL,ALL,415,499,84,0.20240963855421687,穩定,6.92,8.32,1.4
L4_OVERALL,03F4142S_01F3696N,ALL,ALL,1062,2358,1296,1.2203389830508475,高風險,17.7,39.3,21.6
L4_OVERALL,03F4142S_03F4168S,ALL,ALL,88,102,14,0.1590909090909091,穩定,1.47,1.7,0.23
L4_OVERALL,03F4168N_01F3696N,ALL,ALL,1070,1636,566,0.5289719626168224,不穩定,17.83,27.27,9.43
L4_OVERALL,03F4168N_03F4142N,ALL,ALL,87,101,14,0.16091954022988506,穩定,1.45,1.68,0.23
L4_OVERALL,03F4168S_03F4232S,ALL,ALL,219,261,42,0.1917808219178082,穩定,3.65,4.35,0.7
L4_OVERALL,03F4232N_03F4168N,ALL,ALL,228,268,40,0.17543859649122806,穩定,3.8,4.47,0.67
L4_OVERALL,03F4232S_03F4263S,ALL,ALL,102,119,17,0.16666666666666666,穩定,1.7,1.98,0.28
L4_OVERALL,03F4259N_03F4232N,ALL,ALL,94,109,15,0.1595744680851064,穩定,1.57,1.82,0.25
L4_OVERALL,05F0000S_05F0055S,ALL,ALL,254,514,260,1.0236220472440944,高風險,4.23,8.57,4.33
L4_OVERALL,05F0001N_03F0150N,ALL,ALL,52,58,6,0.11538461538461539,穩定,0.87,0.97,0.1
L4_OVERALL,05F0001N_03F0201S,ALL,ALL,221,370,149,0.6742081447963801,不穩定,3.68,6.17,2.48
L4_OVERALL,05F0055N_05F0001N,ALL,ALL,242,382,140,0.5785123966942148,不穩定,4.03,6.37,2.33
L4_OVERALL,05F0055S_05F0287S,ALL,ALL,1029,1924,895,0.86977648202138,不穩定,17.15,32.07,14.92
L4_OVERALL,05F0287N_05F0055N,ALL,ALL,1074,1732,658,0.6126629422718808,不穩定,17.9,28.87,10.97
L4_OVERALL,05F0287S_05F0309S,ALL,ALL,88,94,6,0.06818181818181818,穩定,1.47,1.57,0.1
L4_OVERALL,05F0309N_05F0287N,ALL,ALL,92,961,869,9.445652173913043,高風險,1.53,16.02,14.48
L4_OVERALL,05F0309S_05F0439S,ALL,ALL,488,529,41,0.08401639344262295,穩定,8.13,8.82,0.68
L4_OVERALL,05F0438N_05F0309N,ALL,ALL,493,1234,741,1.5030425963488845,高風險,8.22,20.57,12.35
L4_OVERALL,05F0438N_05FR143N,ALL,ALL,112,122,10,0.08928571428571429,穩定,1.87,2.03,0.17
L4_OVERALL,05F0439S_05F0494S,ALL,ALL,205,224,19,0.09268292682926829,穩定,3.42,3.73,0.32
L4_OVERALL,05F0528N_05F0438N,ALL,ALL,339,375,36,0.10619469026548672,穩定,5.65,6.25,0.6
L4_OVERALL,05FR113S_05F0439S,ALL,ALL,113,124,11,0.09734513274336283,穩定,1.88,2.07,0.18
L1_DAY_TYPE,01F0005S_01F0017S,Weekday,ALL,49,54,5,0.10204081632653061,穩定,0.82,0.9,0.08
L1_DAY_TYPE,01F0005S_01F0017S,Weekend,ALL,50,55,5,0.1,穩定,0.83,0.92,0.08
L1_DAY_TYPE,01F0017N_01F0005N,Weekday,ALL,48,54,6,0.125,穩定,0.8,0.9,0.1
L1_DAY_TYPE,01F0017N_01F0005N,Weekend,ALL,48,52,4,0.08333333333333333,穩定,0.8,0.87,0.07
L1_DAY_TYPE,01F0017S_01F0029S,Weekday,ALL,48,54,6,0.125,穩定,0.8,0.9,0.1
L1_DAY_TYPE,01F0017S_01F0029S,Weekend,ALL,49,54,5,0.10204081632653061,穩定,0.82,0.9,0.08
L1_DAY_TYPE,01F0029N_01F0017N,Weekday,ALL,49,54,5,0.10204081632653061,穩定,0.82,0.9,0.08
L1_DAY_TYPE,01F0029N_01F0017N,Weekend,ALL,49,52,3,0.061224489795918366,穩定,0.82,0.87,0.05
L1_DAY_TYPE,01F0029S_01F0061S,Weekday,ALL,128,238,110,0.859375,不穩定,2.13,3.97,1.83
L1_DAY_TYPE,01F0029S_01F0061S,Weekend,ALL,130,183,53,0.4076923076923077,普通,2.17,3.05,0.88
L1_DAY_TYPE,01F0061N_01F0029N,Weekday,ALL,126,139,13,0.10317460317460317,穩定,2.1,2.32,0.22
L1_DAY_TYPE,01F0061N_01F0029N,Weekend,ALL,126,136,10,0.07936507936507936,穩定,2.1,2.27,0.17
L1_DAY_TYPE,01F0061N_03F0087S,Weekday,ALL,1488,3271,1783,1.198252688172043,高風險,24.8,54.52,29.72
L1_DAY_TYPE,01F0061N_03F0087S,Weekend,ALL,1743,3275,1532,0.8789443488238669,不穩定,29.05,54.58,25.53
L1_DAY_TYPE,01F0061S_01F0099S,Weekday,ALL,156,516,360,2.3076923076923075,高風險,2.6,8.6,6.0
L1_DAY_TYPE,01F0061S_01F0099S,Weekend,ALL,157,395,238,1.515923566878981,高風險,2.62,6.58,3.97
L1_DAY_TYPE,01F0099N_01F0061N,Weekday,ALL,175,329,154,0.88,不穩定,2.92,5.48,2.57
L1_DAY_TYPE,01F0099N_01F0061N,Weekend,ALL,173,286,113,0.653179190751445,不穩定,2.88,4.77,1.88
L1_DAY_TYPE,01F0099S_01F0147S,Weekday,ALL,201,517,316,1.572139303482587,高風險,3.35,8.62,5.27
L1_DAY_TYPE,01F0099S_01F0147S,Weekend,ALL,197,278,81,0.41116751269035534,普通,3.28,4.63,1.35
L1_DAY_TYPE,01F0099S_01H0163S,Weekday,ALL,257,439,182,0.708171206225681,不穩定,4.28,7.32,3.03
L1_DAY_TYPE,01F0099S_01H0163S,Weekend,ALL,255,343,88,0.34509803921568627,普通,4.25,5.72,1.47
L1_DAY_TYPE,01F0099S_03F0054N,Weekday,ALL,2064,3250,1186,0.5746124031007752,不穩定,34.4,54.17,19.77
L1_DAY_TYPE,01F0099S_03F0054N,Weekend,ALL,1953,3189,1236,0.6328725038402457,不穩定,32.55,53.15,20.6
L1_DAY_TYPE,01F0099S_03F0116S,Weekday,ALL,144,265,121,0.8402777777777778,不穩定,2.4,4.42,2.02
L1_DAY_TYPE,01F0099S_03F0116S,Weekend,ALL,140,428,288,2.057142857142857,高風險,2.33,7.13,4.8
L1_DAY_TYPE,01F0147N_01F0099N,Weekday,ALL,206,449,243,1.1796116504854368,高風險,3.43,7.48,4.05
L1_DAY_TYPE,01F0147N_01F0099N,Weekend,ALL,201,497,296,1.472636815920398,高風險,3.35,8.28,4.93
L1_DAY_TYPE,01F0147N_03F0054N,Weekday,ALL,372,502,130,0.34946236559139787,普通,6.2,8.37,2.17
L1_DAY_TYPE,01F0147N_03F0054N,Weekend,ALL,363,491,128,0.3526170798898072,普通,6.05,8.18,2.13
L1_DAY_TYPE,01F0147N_03F0116S,Weekday,ALL,177,324,147,0.8305084745762712,不穩定,2.95,5.4,2.45
L1_DAY_TYPE,01F0147N_03F0116S,Weekend,ALL,170,497,327,1.923529411764706,高風險,2.83,8.28,5.45
L1_DAY_TYPE,01F0147S_01F0153S,Weekday,ALL,32,118,86,2.6875,高風險,0.53,1.97,1.43
L1_DAY_TYPE,01F0147S_01F0153S,Weekend,ALL,29,37,8,0.27586206896551724,普通,0.48,0.62,0.13
L1_DAY_TYPE,01F0153N_01F0147N,Weekday,ALL,32,89,57,1.78125,高風險,0.53,1.48,0.95
L1_DAY_TYPE,01F0153N_01F0147N,Weekend,ALL,29,85,56,1.9310344827586208,高風險,0.48,1.42,0.93
L1_DAY_TYPE,01F0153S_01F0182S,Weekday,ALL,134,477,343,2.5597014925373136,高風險,2.23,7.95,5.72
L1_DAY_TYPE,01F0153S_01F0182S,Weekend,ALL,117,252,135,1.1538461538461537,高風險,1.95,4.2,2.25
L1_DAY_TYPE,01F0182S_01F0248S,Weekday,ALL,380,949,569,1.4973684210526317,高風險,6.33,15.82,9.48
L1_DAY_TYPE,01F0182S_01F0248S,Weekend,ALL,301,587,286,0.9501661129568106,不穩定,5.02,9.78,4.77
L1_DAY_TYPE,01F0213N_01F0153N,Weekday,ALL,286,760,474,1.6573426573426573,高風險,4.77,12.67,7.9
L1_DAY_TYPE,01F0213N_01F0153N,Weekend,ALL,253,479,226,0.8932806324110671,不穩定,4.22,7.98,3.77
L1_DAY_TYPE,01F0233N_01F0213N,Weekday,ALL,92,209,117,1.2717391304347827,高風險,1.53,3.48,1.95
L1_DAY_TYPE,01F0233N_01F0213N,Weekend,ALL,85,120,35,0.4117647058823529,普通,1.42,2.0,0.58
L1_DAY_TYPE,01F0248S_01F0264S,Weekday,ALL,66,75,9,0.13636363636363635,穩定,1.1,1.25,0.15
L1_DAY_TYPE,01F0248S_01F0264S,Weekend,ALL,63,71,8,0.12698412698412698,穩定,1.05,1.18,0.13
L1_DAY_TYPE,01F0256N_01F0233N,Weekday,ALL,129,269,140,1.0852713178294573,高風險,2.15,4.48,2.33
L1_DAY_TYPE,01F0256N_01F0233N,Weekend,ALL,105,192,87,0.8285714285714286,不穩定,1.75,3.2,1.45
L1_DAY_TYPE,01F0264S_01F0293S,Weekday,ALL,113,132,19,0.168141592920354,穩定,1.88,2.2,0.32
L1_DAY_TYPE,01F0264S_01F0293S,Weekend,ALL,111,124,13,0.11711711711711711,穩定,1.85,2.07,0.22
L1_DAY_TYPE,01F0293N_01F0256N,Weekday,ALL,156,807,651,4.173076923076923,高風險,2.6,13.45,10.85
L1_DAY_TYPE,01F0293N_01F0256N,Weekend,ALL,145,312,167,1.1517241379310346,高風險,2.42,5.2,2.78
L1_DAY_TYPE,01F0293S_01F0339S,Weekday,ALL,184,354,170,0.9239130434782609,不穩定,3.07,5.9,2.83
L1_DAY_TYPE,01F0293S_01F0339S,Weekend,ALL,179,444,265,1.4804469273743017,高風險,2.98,7.4,4.42
L1_DAY_TYPE,01F0339S_01F0376S,Weekday,ALL,163,261,98,0.6012269938650306,不穩定,2.72,4.35,1.63
L1_DAY_TYPE,01F0339S_01F0376S,Weekend,ALL,156,207,51,0.3269230769230769,普通,2.6,3.45,0.85
L1_DAY_TYPE,01F0339S_01H0447S,Weekday,ALL,435,505,70,0.16091954022988506,穩定,7.25,8.42,1.17
L1_DAY_TYPE,01F0339S_01H0447S,Weekend,ALL,432,512,80,0.18518518518518517,穩定,7.2,8.53,1.33
L1_DAY_TYPE,01F0340N_01F0293N,Weekday,ALL,180,396,216,1.2,高風險,3.0,6.6,3.6
L1_DAY_TYPE,01F0340N_01F0293N,Weekend,ALL,176,197,21,0.11931818181818182,穩定,2.93,3.28,0.35
L1_DAY_TYPE,01F0340N_01H0271N,Weekday,ALL,280,804,524,1.8714285714285714,高風險,4.67,13.4,8.73
L1_DAY_TYPE,01F0340N_01H0271N,Weekend,ALL,261,440,179,0.685823754789272,不穩定,4.35,7.33,2.98
L1_DAY_TYPE,01F0376N_01F0340N,Weekday,ALL,173,478,305,1.7630057803468209,高風險,2.88,7.97,5.08
L1_DAY_TYPE,01F0376N_01F0340N,Weekend,ALL,156,393,237,1.5192307692307692,高風險,2.6,6.55,3.95
L1_DAY_TYPE,01F0376S_01F0413S,Weekday,ALL,168,352,184,1.0952380952380953,高風險,2.8,5.87,3.07
L1_DAY_TYPE,01F0376S_01F0413S,Weekend,ALL,150,178,28,0.18666666666666668,穩定,2.5,2.97,0.47
L1_DAY_TYPE,01F0413N_01F0376N,Weekday,ALL,150,589,439,2.9266666666666667,高風險,2.5,9.82,7.32
L1_DAY_TYPE,01F0413N_01F0376N,Weekend,ALL,142,332,190,1.3380281690140845,高風險,2.37,5.53,3.17
L1_DAY_TYPE,01F0413S_01F0467S,Weekday,ALL,207,242,35,0.16908212560386474,穩定,3.45,4.03,0.58
L1_DAY_TYPE,01F0413S_01F0467S,Weekend,ALL,198,219,21,0.10606060606060606,穩定,3.3,3.65,0.35
L1_DAY_TYPE,01F0467N_01F0413N,Weekday,ALL,241,577,336,1.3941908713692945,高風險,4.02,9.62,5.6
L1_DAY_TYPE,01F0467N_01F0413N,Weekend,ALL,215,268,53,0.24651162790697675,穩定,3.58,4.47,0.88
L1_DAY_TYPE,01F0467S_01F0492S,Weekday,ALL,95,176,81,0.8526315789473684,不穩定,1.58,2.93,1.35
L1_DAY_TYPE,01F0467S_01F0492S,Weekend,ALL,92,159,67,0.7282608695652174,不穩定,1.53,2.65,1.12
L1_DAY_TYPE,01F0492N_01F0467N,Weekday,ALL,101,282,181,1.7920792079207921,高風險,1.68,4.7,3.02
L1_DAY_TYPE,01F0492N_01F0467N,Weekend,ALL,96,111,15,0.15625,穩定,1.6,1.85,0.25
L1_DAY_TYPE,01F0492S_01F0511S,Weekday,ALL,77,141,64,0.8311688311688312,不穩定,1.28,2.35,1.07
L1_DAY_TYPE,01F0492S_01F0511S,Weekend,ALL,70,85,15,0.21428571428571427,穩定,1.17,1.42,0.25
L1_DAY_TYPE,01F0511N_01F0492N,Weekday,ALL,72,181,109,1.5138888888888888,高風險,1.2,3.02,1.82
L1_DAY_TYPE,01F0511N_01F0492N,Weekend,ALL,68,162,94,1.3823529411764706,高風險,1.13,2.7,1.57
L1_DAY_TYPE,01F0511S_01F0532S,Weekday,ALL,88,264,176,2.0,高風險,1.47,4.4,2.93
L1_DAY_TYPE,01F0511S_01F0532S,Weekend,ALL,80,92,12,0.15,穩定,1.33,1.53,0.2
L1_DAY_TYPE,01F0511S_03F0525N,Weekday,ALL,735,1592,857,1.165986394557823,高風險,12.25,26.53,14.28
L1_DAY_TYPE,01F0511S_03F0525N,Weekend,ALL,656,1321,665,1.013719512195122,高風險,10.93,22.02,11.08
L1_DAY_TYPE,01F0511S_03F0559S,Weekday,ALL,725,1237,512,0.7062068965517241,不穩定,12.08,20.62,8.53
L1_DAY_TYPE,01F0511S_03F0559S,Weekend,ALL,643,1150,507,0.7884914463452566,不穩定,10.72,19.17,8.45
L1_DAY_TYPE,01F0532N_01F0511N,Weekday,ALL,85,103,18,0.21176470588235294,穩定,1.42,1.72,0.3
L1_DAY_TYPE,01F0532N_01F0511N,Weekend,ALL,80,91,11,0.1375,穩定,1.33,1.52,0.18
L1_DAY_TYPE,01F0532N_03F0525N,Weekday,ALL,625,1232,607,0.9712,不穩定,10.42,20.53,10.12
L1_DAY_TYPE,01F0532N_03F0525N,Weekend,ALL,582,847,265,0.45532646048109965,普通,9.7,14.12,4.42
L1_DAY_TYPE,01F0532N_03F0559S,Weekday,ALL,1508,3154,1646,1.0915119363395225,高風險,25.13,52.57,27.43
L1_DAY_TYPE,01F0532N_03F0559S,Weekend,ALL,1649,3107,1458,0.8841722255912674,不穩定,27.48,51.78,24.3
L1_DAY_TYPE,01F0532S_01F0557S,Weekday,ALL,112,295,183,1.6339285714285714,高風險,1.87,4.92,3.05
L1_DAY_TYPE,01F0532S_01F0557S,Weekend,ALL,98,141,43,0.4387755102040816,普通,1.63,2.35,0.72
L1_DAY_TYPE,01F0557N_01F0532N,Weekday,ALL,104,187,83,0.7980769230769231,不穩定,1.73,3.12,1.38
L1_DAY_TYPE,01F0557N_01F0532N,Weekend,ALL,96,115,19,0.19791666666666666,穩定,1.6,1.92,0.32
L1_DAY_TYPE,01F0557S_01F0578S,Weekday,ALL,95,360,265,2.789473684210526,高風險,1.58,6.0,4.42
L1_DAY_TYPE,01F0557S_01F0578S,Weekend,ALL,82,206,124,1.5121951219512195,高風險,1.37,3.43,2.07
L1_DAY_TYPE,01F0578S_01F0633S,Weekday,ALL,250,423,173,0.692,不穩定,4.17,7.05,2.88
L1_DAY_TYPE,01F0578S_01F0633S,Weekend,ALL,212,350,138,0.6509433962264151,不穩定,3.53,5.83,2.3
L1_DAY_TYPE,01F0578S_01H0610S,Weekday,ALL,160,273,113,0.70625,不穩定,2.67,4.55,1.88
L1_DAY_TYPE,01F0578S_01H0610S,Weekend,ALL,130,233,103,0.7923076923076923,不穩定,2.17,3.88,1.72
L1_DAY_TYPE,01F0584N_01F0557N,Weekday,ALL,109,187,78,0.7155963302752294,不穩定,1.82,3.12,1.3
L1_DAY_TYPE,01F0584N_01F0557N,Weekend,ALL,103,119,16,0.1553398058252427,穩定,1.72,1.98,0.27
L1_DAY_TYPE,01F0616S_01F0633S,Weekday,ALL,70,106,36,0.5142857142857142,不穩定,1.17,1.77,0.6
L1_DAY_TYPE,01F0616S_01F0633S,Weekend,ALL,64,73,9,0.140625,穩定,1.07,1.22,0.15
L1_DAY_TYPE,01F0633N_01F0584N,Weekday,ALL,205,394,189,0.9219512195121952,不穩定,3.42,6.57,3.15
L1_DAY_TYPE,01F0633N_01F0584N,Weekend,ALL,189,333,144,0.7619047619047619,不穩定,3.15,5.55,2.4
L1_DAY_TYPE,01F0633N_01F0616N,Weekday,ALL,69,228,159,2.3043478260869565,高風險,1.15,3.8,2.65
L1_DAY_TYPE,01F0633N_01F0616N,Weekend,ALL,64,139,75,1.171875,高風險,1.07,2.32,1.25
L1_DAY_TYPE,01F0633N_01H0579N,Weekday,ALL,237,447,210,0.8860759493670886,不穩定,3.95,7.45,3.5
L1_DAY_TYPE,01F0633N_01H0579N,Weekend,ALL,218,392,174,0.7981651376146789,不穩定,3.63,6.53,2.9
L1_DAY_TYPE,01F0633S_01F0664S,Weekday,ALL,126,157,31,0.24603174603174602,穩定,2.1,2.62,0.52
L1_DAY_TYPE,01F0633S_01F0664S,Weekend,ALL,118,137,19,0.16101694915254236,穩定,1.97,2.28,0.32
L1_DAY_TYPE,01F0664N_01F0633N,Weekday,ALL,121,211,90,0.743801652892562,不穩定,2.02,3.52,1.5
L1_DAY_TYPE,01F0664N_01F0633N,Weekend,ALL,116,157,41,0.35344827586206895,普通,1.93,2.62,0.68
L1_DAY_TYPE,01F0664S_01F0681S,Weekday,ALL,65,76,11,0.16923076923076924,穩定,1.08,1.27,0.18
L1_DAY_TYPE,01F0664S_01F0681S,Weekend,ALL,62,68,6,0.0967741935483871,穩定,1.03,1.13,0.1
L1_DAY_TYPE,01F0681N_01F0664N,Weekday,ALL,65,83,18,0.27692307692307694,普通,1.08,1.38,0.3
L1_DAY_TYPE,01F0681N_01F0664N,Weekend,ALL,63,72,9,0.14285714285714285,穩定,1.05,1.2,0.15
L1_DAY_TYPE,01F0681S_01F0699S,Weekday,ALL,70,81,11,0.15714285714285714,穩定,1.17,1.35,0.18
L1_DAY_TYPE,01F0681S_01F0699S,Weekend,ALL,68,77,9,0.1323529411764706,穩定,1.13,1.28,0.15
L1_DAY_TYPE,01F0699N_01F0681N,Weekday,ALL,69,78,9,0.13043478260869565,穩定,1.15,1.3,0.15
L1_DAY_TYPE,01F0699N_01F0681N,Weekend,ALL,67,75,8,0.11940298507462686,穩定,1.12,1.25,0.13
L1_DAY_TYPE,01F0699S_01F0750S,Weekday,ALL,192,308,116,0.6041666666666666,不穩定,3.2,5.13,1.93
L1_DAY_TYPE,01F0699S_01F0750S,Weekend,ALL,186,299,113,0.6075268817204301,不穩定,3.1,4.98,1.88
L1_DAY_TYPE,01F0750N_01F0699N,Weekday,ALL,189,217,28,0.14814814814814814,穩定,3.15,3.62,0.47
L1_DAY_TYPE,01F0750N_01F0699N,Weekend,ALL,187,219,32,0.1711229946524064,穩定,3.12,3.65,0.53
L1_DAY_TYPE,01F0750N_01H0608N,Weekday,ALL,527,718,191,0.36242884250474383,普通,8.78,11.97,3.18
L1_DAY_TYPE,01F0750N_01H0608N,Weekend,ALL,533,676,143,0.2682926829268293,普通,8.88,11.27,2.38
L1_DAY_TYPE,01F0750S_01F0880S,Weekday,ALL,509,1010,501,0.9842829076620825,不穩定,8.48,16.83,8.35
L1_DAY_TYPE,01F0750S_01F0880S,Weekend,ALL,491,1555,1064,2.1670061099796336,高風險,8.18,25.92,17.73
L1_DAY_TYPE,01F0880N_01F0750N,Weekday,ALL,509,793,284,0.5579567779960707,不穩定,8.48,13.22,4.73
L1_DAY_TYPE,01F0880N_01F0750N,Weekend,ALL,531,1107,576,1.0847457627118644,高風險,8.85,18.45,9.6
L1_DAY_TYPE,01F0880S_01F0928S,Weekday,ALL,208,418,210,1.0096153846153846,高風險,3.47,6.97,3.5
L1_DAY_TYPE,01F0880S_01F0928S,Weekend,ALL,190,679,489,2.5736842105263156,高風險,3.17,11.32,8.15
L1_DAY_TYPE,01F0928N_01F0880N,Weekday,ALL,196,300,104,0.5306122448979592,不穩定,3.27,5.0,1.73
L1_DAY_TYPE,01F0928N_01F0880N,Weekend,ALL,195,596,401,2.056410256410256,高風險,3.25,9.93,6.68
L1_DAY_TYPE,01F0928S_01F0950S,Weekday,ALL,86,128,42,0.4883720930232558,普通,1.43,2.13,0.7
L1_DAY_TYPE,01F0928S_01F0950S,Weekend,ALL,83,234,151,1.819277108433735,高風險,1.38,3.9,2.52
L1_DAY_TYPE,01F0950S_01F0980S,Weekday,ALL,117,225,108,0.9230769230769231,不穩定,1.95,3.75,1.8
L1_DAY_TYPE,01F0950S_01F0980S,Weekend,ALL,114,245,131,1.1491228070175439,高風險,1.9,4.08,2.18
L1_DAY_TYPE,01F0956N_01F0928N,Weekday,ALL,110,346,236,2.1454545454545455,高風險,1.83,5.77,3.93
L1_DAY_TYPE,01F0956N_01F0928N,Weekend,ALL,108,426,318,2.9444444444444446,高風險,1.8,7.1,5.3
L1_DAY_TYPE,01F0979N_01F0956N,Weekday,ALL,87,156,69,0.7931034482758621,不穩定,1.45,2.6,1.15
L1_DAY_TYPE,01F0979N_01F0956N,Weekend,ALL,87,310,223,2.5632183908045976,高風險,1.45,5.17,3.72
L1_DAY_TYPE,01F0980S_01F1045S,Weekday,ALL,236,271,35,0.1483050847457627,穩定,3.93,4.52,0.58
L1_DAY_TYPE,01F0980S_01F1045S,Weekend,ALL,236,535,299,1.2669491525423728,高風險,3.93,8.92,4.98
L1_DAY_TYPE,01F0980S_03F0996N,Weekday,ALL,143,227,84,0.5874125874125874,不穩定,2.38,3.78,1.4
L1_DAY_TYPE,01F0980S_03F0996N,Weekend,ALL,143,295,152,1.062937062937063,高風險,2.38,4.92,2.53
L1_DAY_TYPE,01F0980S_03F1022S,Weekday,ALL,124,150,26,0.20967741935483872,穩定,2.07,2.5,0.43
L1_DAY_TYPE,01F0980S_03F1022S,Weekend,ALL,119,148,29,0.24369747899159663,穩定,1.98,2.47,0.48
L1_DAY_TYPE,01F1045N_01F0979N,Weekday,ALL,242,334,92,0.38016528925619836,普通,4.03,5.57,1.53
L1_DAY_TYPE,01F1045N_01F0979N,Weekend,ALL,246,634,388,1.5772357723577235,高風險,4.1,10.57,6.47
L1_DAY_TYPE,01F1045N_03F0996N,Weekday,ALL,235,284,49,0.20851063829787234,穩定,3.92,4.73,0.82
L1_DAY_TYPE,01F1045N_03F0996N,Weekend,ALL,241,588,347,1.4398340248962656,高風險,4.02,9.8,5.78
L1_DAY_TYPE,01F1045N_03F1022S,Weekday,ALL,316,1206,890,2.8164556962025316,高風險,5.27,20.1,14.83
L1_DAY_TYPE,01F1045N_03F1022S,Weekend,ALL,322,913,591,1.8354037267080745,高風險,5.37,15.22,9.85
L1_DAY_TYPE,01F1045S_01F1123S,Weekday,ALL,277,319,42,0.15162454873646208,穩定,4.62,5.32,0.7
L1_DAY_TYPE,01F1045S_01F1123S,Weekend,ALL,278,390,112,0.4028776978417266,普通,4.63,6.5,1.87
L1_DAY_TYPE,01F1123N_01F1045N,Weekday,ALL,277,318,41,0.148014440433213,穩定,4.62,5.3,0.68
L1_DAY_TYPE,01F1123N_01F1045N,Weekend,ALL,285,458,173,0.6070175438596491,不穩定,4.75,7.63,2.88
L1_DAY_TYPE,01F1123S_01F1292S,Weekday,ALL,599,718,119,0.1986644407345576,穩定,9.98,11.97,1.98
L1_DAY_TYPE,01F1123S_01F1292S,Weekend,ALL,606,761,155,0.25577557755775576,普通,10.1,12.68,2.58
L1_DAY_TYPE,01F1292N_01F1123N,Weekday,ALL,594,728,134,0.2255892255892256,穩定,9.9,12.13,2.23
L1_DAY_TYPE,01F1292N_01F1123N,Weekend,ALL,609,1231,622,1.0213464696223318,高風險,10.15,20.52,10.37
L1_DAY_TYPE,01F1292S_01F1389S,Weekday,ALL,340,390,50,0.14705882352941177,穩定,5.67,6.5,0.83
L1_DAY_TYPE,01F1292S_01F1389S,Weekend,ALL,344,382,38,0.11046511627906977,穩定,5.73,6.37,0.63
L1_DAY_TYPE,01F1389N_01F1292N,Weekday,ALL,333,378,45,0.13513513513513514,穩定,5.55,6.3,0.75
L1_DAY_TYPE,01F1389N_01F1292N,Weekend,ALL,339,485,146,0.4306784660766962,普通,5.65,8.08,2.43
L1_DAY_TYPE,01F1389S_01F1465S,Weekday,ALL,268,315,47,0.17537313432835822,穩定,4.47,5.25,0.78
L1_DAY_TYPE,01F1389S_01F1465S,Weekend,ALL,271,305,34,0.12546125461254612,穩定,4.52,5.08,0.57
L1_DAY_TYPE,01F1465N_01F1389N,Weekday,ALL,263,295,32,0.12167300380228137,穩定,4.38,4.92,0.53
L1_DAY_TYPE,01F1465N_01F1389N,Weekend,ALL,268,303,35,0.13059701492537312,穩定,4.47,5.05,0.58
L1_DAY_TYPE,01F1465S_01F1572S,Weekday,ALL,375,436,61,0.16266666666666665,穩定,6.25,7.27,1.02
L1_DAY_TYPE,01F1465S_01F1572S,Weekend,ALL,379,469,90,0.23746701846965698,穩定,6.32,7.82,1.5
L1_DAY_TYPE,01F1572N_01F1465N,Weekday,ALL,380,489,109,0.2868421052631579,普通,6.33,8.15,1.82
L1_DAY_TYPE,01F1572N_01F1465N,Weekend,ALL,390,494,104,0.26666666666666666,普通,6.5,8.23,1.73
L1_DAY_TYPE,01F1572S_01F1621S,Weekday,ALL,171,208,37,0.21637426900584794,穩定,2.85,3.47,0.62
L1_DAY_TYPE,01F1572S_01F1621S,Weekend,ALL,175,459,284,1.6228571428571428,高風險,2.92,7.65,4.73
L1_DAY_TYPE,01F1621N_01F1572N,Weekday,ALL,169,197,28,0.16568047337278108,穩定,2.82,3.28,0.47
L1_DAY_TYPE,01F1621N_01F1572N,Weekend,ALL,174,242,68,0.39080459770114945,普通,2.9,4.03,1.13
L1_DAY_TYPE,01F1621S_01F1664S,Weekday,ALL,151,329,178,1.1788079470198676,高風險,2.52,5.48,2.97
L1_DAY_TYPE,01F1621S_01F1664S,Weekend,ALL,154,414,260,1.6883116883116882,高風險,2.57,6.9,4.33
L1_DAY_TYPE,01F1621S_03F1651N,Weekday,ALL,1208,3285,2077,1.7193708609271523,高風險,20.13,54.75,34.62
L1_DAY_TYPE,01F1621S_03F1651N,Weekend,ALL,724,3168,2444,3.3756906077348066,高風險,12.07,52.8,40.73
L1_DAY_TYPE,01F1621S_03F1710S,Weekday,ALL,603,865,262,0.43449419568822556,普通,10.05,14.42,4.37
L1_DAY_TYPE,01F1621S_03F1710S,Weekend,ALL,609,844,235,0.38587848932676516,普通,10.15,14.07,3.92
L1_DAY_TYPE,01F1664N_01F1621N,Weekday,ALL,153,208,55,0.35947712418300654,普通,2.55,3.47,0.92
L1_DAY_TYPE,01F1664N_01F1621N,Weekend,ALL,159,452,293,1.8427672955974843,高風險,2.65,7.53,4.88
L1_DAY_TYPE,01F1664N_03F1651N,Weekday,ALL,527,582,55,0.10436432637571158,穩定,8.78,9.7,0.92
L1_DAY_TYPE,01F1664N_03F1651N,Weekend,ALL,524,624,100,0.19083969465648856,穩定,8.73,10.4,1.67
L1_DAY_TYPE,01F1664N_03F1710S,Weekday,ALL,529,1872,1343,2.5387523629489603,高風險,8.82,31.2,22.38
L1_DAY_TYPE,01F1664N_03F1710S,Weekend,ALL,523,1747,1224,2.3403441682600383,高風險,8.72,29.12,20.4
L1_DAY_TYPE,01F1664S_01F1699S,Weekday,ALL,132,279,147,1.1136363636363635,高風險,2.2,4.65,2.45
L1_DAY_TYPE,01F1664S_01F1699S,Weekend,ALL,133,234,101,0.7593984962406015,不穩定,2.22,3.9,1.68
L1_DAY_TYPE,01F1699N_01F1664N,Weekday,ALL,131,163,32,0.24427480916030533,穩定,2.18,2.72,0.53
L1_DAY_TYPE,01F1699N_01F1664N,Weekend,ALL,133,349,216,1.6240601503759398,高風險,2.22,5.82,3.6
L1_DAY_TYPE,01F1699S_01F1774S,Weekday,ALL,276,408,132,0.4782608695652174,普通,4.6,6.8,2.2
L1_DAY_TYPE,01F1699S_01F1774S,Weekend,ALL,272,403,131,0.48161764705882354,普通,4.53,6.72,2.18
L1_DAY_TYPE,01F1774N_01F1699N,Weekday,ALL,288,444,156,0.5416666666666666,不穩定,4.8,7.4,2.6
L1_DAY_TYPE,01F1774N_01F1699N,Weekend,ALL,293,629,336,1.1467576791808873,高風險,4.88,10.48,5.6
L1_DAY_TYPE,01F1774S_01F1802S,Weekday,ALL,95,109,14,0.14736842105263157,穩定,1.58,1.82,0.23
L1_DAY_TYPE,01F1774S_01F1802S,Weekend,ALL,94,105,11,0.11702127659574468,穩定,1.57,1.75,0.18
L1_DAY_TYPE,01F1802N_01F1774N,Weekday,ALL,100,130,30,0.3,普通,1.67,2.17,0.5
L1_DAY_TYPE,01F1802N_01F1774N,Weekend,ALL,99,131,32,0.32323232323232326,普通,1.65,2.18,0.53
L1_DAY_TYPE,01F1802S_01F1839S,Weekday,ALL,125,144,19,0.152,穩定,2.08,2.4,0.32
L1_DAY_TYPE,01F1802S_01F1839S,Weekend,ALL,124,140,16,0.12903225806451613,穩定,2.07,2.33,0.27
L1_DAY_TYPE,01F1839N_01F1802N,Weekday,ALL,131,165,34,0.2595419847328244,普通,2.18,2.75,0.57
L1_DAY_TYPE,01F1839N_01F1802N,Weekend,ALL,130,159,29,0.2230769230769231,穩定,2.17,2.65,0.48
L1_DAY_TYPE,01F1839S_01F1906S,Weekday,ALL,234,272,38,0.1623931623931624,穩定,3.9,4.53,0.63
L1_DAY_TYPE,01F1839S_01F1906S,Weekend,ALL,233,277,44,0.1888412017167382,穩定,3.88,4.62,0.73
L1_DAY_TYPE,01F1906N_01F1839N,Weekday,ALL,240,302,62,0.25833333333333336,普通,4.0,5.03,1.03
L1_DAY_TYPE,01F1906N_01F1839N,Weekend,ALL,239,283,44,0.18410041841004185,穩定,3.98,4.72,0.73
L1_DAY_TYPE,01F1906S_01F1960S,Weekday,ALL,187,223,36,0.1925133689839572,穩定,3.12,3.72,0.6
L1_DAY_TYPE,01F1906S_01F1960S,Weekend,ALL,186,368,182,0.978494623655914,不穩定,3.1,6.13,3.03
L1_DAY_TYPE,01F1906S_03F1941N,Weekday,ALL,227,275,48,0.21145374449339208,穩定,3.78,4.58,0.8
L1_DAY_TYPE,01F1906S_03F1941N,Weekend,ALL,222,302,80,0.36036036036036034,普通,3.7,5.03,1.33
L1_DAY_TYPE,01F1906S_03F1991S,Weekday,ALL,209,250,41,0.19617224880382775,穩定,3.48,4.17,0.68
L1_DAY_TYPE,01F1906S_03F1991S,Weekend,ALL,203,268,65,0.32019704433497537,普通,3.38,4.47,1.08
L1_DAY_TYPE,01F1960N_01F1906N,Weekday,ALL,187,222,35,0.18716577540106952,穩定,3.12,3.7,0.58
L1_DAY_TYPE,01F1960N_01F1906N,Weekend,ALL,189,239,50,0.26455026455026454,普通,3.15,3.98,0.83
L1_DAY_TYPE,01F1960N_03F1941N,Weekday,ALL,287,340,53,0.18466898954703834,穩定,4.78,5.67,0.88
L1_DAY_TYPE,01F1960N_03F1941N,Weekend,ALL,282,449,167,0.5921985815602837,不穩定,4.7,7.48,2.78
L1_DAY_TYPE,01F1960N_03F1991S,Weekday,ALL,270,314,44,0.16296296296296298,穩定,4.5,5.23,0.73
L1_DAY_TYPE,01F1960N_03F1991S,Weekend,ALL,265,349,84,0.3169811320754717,普通,4.42,5.82,1.4
L1_DAY_TYPE,01F1960S_01F2011S,Weekday,ALL,181,229,48,0.26519337016574585,普通,3.02,3.82,0.8
L1_DAY_TYPE,01F1960S_01F2011S,Weekend,ALL,180,364,184,1.0222222222222221,高風險,3.0,6.07,3.07
L1_DAY_TYPE,01F2011N_01F1960N,Weekday,ALL,181,220,39,0.2154696132596685,穩定,3.02,3.67,0.65
L1_DAY_TYPE,01F2011N_01F1960N,Weekend,ALL,184,462,278,1.5108695652173914,高風險,3.07,7.7,4.63
L1_DAY_TYPE,01F2011S_01F2089S,Weekday,ALL,277,332,55,0.19855595667870035,穩定,4.62,5.53,0.92
L1_DAY_TYPE,01F2011S_01F2089S,Weekend,ALL,276,776,500,1.8115942028985508,高風險,4.6,12.93,8.33
L1_DAY_TYPE,01F2011S_03F2194N,Weekday,ALL,2433,3316,883,0.36292642827784627,普通,40.55,55.27,14.72
L1_DAY_TYPE,01F2011S_03F2194N,Weekend,ALL,2045,3261,1216,0.5946210268948655,不穩定,34.08,54.35,20.27
L1_DAY_TYPE,01F2011S_03F2235S,Weekday,ALL,1076,1840,764,0.7100371747211895,不穩定,17.93,30.67,12.73
L1_DAY_TYPE,01F2011S_03F2235S,Weekend,ALL,1071,1659,588,0.5490196078431373,不穩定,17.85,27.65,9.8
L1_DAY_TYPE,01F2089N_01F2011N,Weekday,ALL,279,345,66,0.23655913978494625,穩定,4.65,5.75,1.1
L1_DAY_TYPE,01F2089N_01F2011N,Weekend,ALL,283,716,433,1.530035335689046,高風險,4.72,11.93,7.22
L1_DAY_TYPE,01F2089N_03F2194N,Weekday,ALL,950,1080,130,0.1368421052631579,穩定,15.83,18.0,2.17
L1_DAY_TYPE,01F2089N_03F2194N,Weekend,ALL,947,1067,120,0.12671594508975711,穩定,15.78,17.78,2.0
L1_DAY_TYPE,01F2089N_03F2235S,Weekday,ALL,842,1071,229,0.27197149643705465,普通,14.03,17.85,3.82
L1_DAY_TYPE,01F2089N_03F2235S,Weekend,ALL,842,984,142,0.16864608076009502,穩定,14.03,16.4,2.37
L1_DAY_TYPE,01F2089S_01F2156S,Weekday,ALL,234,284,50,0.21367521367521367,穩定,3.9,4.73,0.83
L1_DAY_TYPE,01F2089S_01F2156S,Weekend,ALL,236,486,250,1.0593220338983051,高風險,3.93,8.1,4.17
L1_DAY_TYPE,01F2156N_01F2089N,Weekday,ALL,236,285,49,0.2076271186440678,穩定,3.93,4.75,0.82
L1_DAY_TYPE,01F2156N_01F2089N,Weekend,ALL,241,689,448,1.8589211618257262,高風險,4.02,11.48,7.47
L1_DAY_TYPE,01F2156S_01F2249S,Weekday,ALL,319,402,83,0.2601880877742947,普通,5.32,6.7,1.38
L1_DAY_TYPE,01F2156S_01F2249S,Weekend,ALL,321,413,92,0.2866043613707165,普通,5.35,6.88,1.53
L1_DAY_TYPE,01F2249N_01F2156N,Weekday,ALL,320,452,132,0.4125,普通,5.33,7.53,2.2
L1_DAY_TYPE,01F2249N_01F2156N,Weekend,ALL,325,762,437,1.3446153846153845,高風險,5.42,12.7,7.28
L1_DAY_TYPE,01F2249S_01F2322S,Weekday,ALL,254,311,57,0.22440944881889763,穩定,4.23,5.18,0.95
L1_DAY_TYPE,01F2249S_01F2322S,Weekend,ALL,254,326,72,0.28346456692913385,普通,4.23,5.43,1.2
L1_DAY_TYPE,01F2322N_01F2249N,Weekday,ALL,257,314,57,0.22178988326848248,穩定,4.28,5.23,0.95
L1_DAY_TYPE,01F2322N_01F2249N,Weekend,ALL,259,384,125,0.4826254826254826,普通,4.32,6.4,2.08
L1_DAY_TYPE,01F2322S_01F2394S,Weekday,ALL,246,296,50,0.2032520325203252,穩定,4.1,4.93,0.83
L1_DAY_TYPE,01F2322S_01F2394S,Weekend,ALL,247,302,55,0.22267206477732793,穩定,4.12,5.03,0.92
L1_DAY_TYPE,01F2394N_01F2322N,Weekday,ALL,247,298,51,0.20647773279352227,穩定,4.12,4.97,0.85
L1_DAY_TYPE,01F2394N_01F2322N,Weekend,ALL,250,405,155,0.62,不穩定,4.17,6.75,2.58
L1_DAY_TYPE,01F2394S_01F2425S,Weekday,ALL,104,126,22,0.21153846153846154,穩定,1.73,2.1,0.37
L1_DAY_TYPE,01F2394S_01F2425S,Weekend,ALL,104,122,18,0.17307692307692307,穩定,1.73,2.03,0.3
L1_DAY_TYPE,01F2425N_01F2394N,Weekday,ALL,105,127,22,0.20952380952380953,穩定,1.75,2.12,0.37
L1_DAY_TYPE,01F2425N_01F2394N,Weekend,ALL,105,262,157,1.4952380952380953,高風險,1.75,4.37,2.62
L1_DAY_TYPE,01F2425S_01F2472S,Weekday,ALL,159,218,59,0.3710691823899371,普通,2.65,3.63,0.98
L1_DAY_TYPE,01F2425S_01F2472S,Weekend,ALL,158,204,46,0.2911392405063291,普通,2.63,3.4,0.77
L1_DAY_TYPE,01F2425S_03F2614N,Weekday,ALL,878,2076,1198,1.3644646924829158,高風險,14.63,34.6,19.97
L1_DAY_TYPE,01F2425S_03F2614N,Weekend,ALL,865,1843,978,1.130635838150289,高風險,14.42,30.72,16.3
L1_DAY_TYPE,01F2425S_03F2709S,Weekday,ALL,654,794,140,0.21406727828746178,穩定,10.9,13.23,2.33
L1_DAY_TYPE,01F2425S_03F2709S,Weekend,ALL,647,729,82,0.1267387944358578,穩定,10.78,12.15,1.37
L1_DAY_TYPE,01F2472N_01F2425N,Weekday,ALL,161,261,100,0.6211180124223602,不穩定,2.68,4.35,1.67
L1_DAY_TYPE,01F2472N_01F2425N,Weekend,ALL,161,250,89,0.5527950310559007,不穩定,2.68,4.17,1.48
L1_DAY_TYPE,01F2472N_03F2614N,Weekday,ALL,894,1139,245,0.2740492170022371,普通,14.9,18.98,4.08
L1_DAY_TYPE,01F2472N_03F2614N,Weekend,ALL,880,1040,160,0.18181818181818182,穩定,14.67,17.33,2.67
L1_DAY_TYPE,01F2472N_03F2709S,Weekday,ALL,1582,3252,1670,1.0556257901390644,高風險,26.37,54.2,27.83
L1_DAY_TYPE,01F2472N_03F2709S,Weekend,ALL,757,3121,2364,3.1228533685601056,高風險,12.62,52.02,39.4
L1_DAY_TYPE,01F2472S_01F2514S,Weekday,ALL,145,177,32,0.2206896551724138,穩定,2.42,2.95,0.53
L1_DAY_TYPE,01F2472S_01F2514S,Weekend,ALL,145,173,28,0.19310344827586207,穩定,2.42,2.88,0.47
L1_DAY_TYPE,01F2514N_01F2472N,Weekday,ALL,145,178,33,0.22758620689655173,穩定,2.42,2.97,0.55
L1_DAY_TYPE,01F2514N_01F2472N,Weekend,ALL,145,190,45,0.3103448275862069,普通,2.42,3.17,0.75
L1_DAY_TYPE,01F2514S_01F2603S,Weekday,ALL,301,365,64,0.21262458471760798,穩定,5.02,6.08,1.07
L1_DAY_TYPE,01F2514S_01F2603S,Weekend,ALL,301,357,56,0.18604651162790697,穩定,5.02,5.95,0.93
L1_DAY_TYPE,01F2603N_01F2514N,Weekday,ALL,302,368,66,0.2185430463576159,穩定,5.03,6.13,1.1
L1_DAY_TYPE,01F2603N_01F2514N,Weekend,ALL,303,388,85,0.28052805280528054,普通,5.05,6.47,1.42
L1_DAY_TYPE,01F2603S_01F2674S,Weekday,ALL,241,293,52,0.2157676348547718,穩定,4.02,4.88,0.87
L1_DAY_TYPE,01F2603S_01F2674S,Weekend,ALL,240,284,44,0.18333333333333332,穩定,4.0,4.73,0.73
L1_DAY_TYPE,01F2674N_01F2603N,Weekday,ALL,244,298,54,0.22131147540983606,穩定,4.07,4.97,0.9
L1_DAY_TYPE,01F2674N_01F2603N,Weekend,ALL,243,297,54,0.2222222222222222,穩定,4.05,4.95,0.9
L1_DAY_TYPE,01F2674S_01F2714S,Weekday,ALL,137,166,29,0.2116788321167883,穩定,2.28,2.77,0.48
L1_DAY_TYPE,01F2674S_01F2714S,Weekend,ALL,137,161,24,0.17518248175182483,穩定,2.28,2.68,0.4
L1_DAY_TYPE,01F2714N_01F2674N,Weekday,ALL,137,167,30,0.21897810218978103,穩定,2.28,2.78,0.5
L1_DAY_TYPE,01F2714N_01F2674N,Weekend,ALL,137,163,26,0.1897810218978102,穩定,2.28,2.72,0.43
L1_DAY_TYPE,01F2714S_01F2827S,Weekday,ALL,381,490,109,0.28608923884514437,普通,6.35,8.17,1.82
L1_DAY_TYPE,01F2714S_01F2827S,Weekend,ALL,381,467,86,0.22572178477690288,穩定,6.35,7.78,1.43
L1_DAY_TYPE,01F2714S_03F2985N,Weekday,ALL,650,2243,1593,2.4507692307692306,高風險,10.83,37.38,26.55
L1_DAY_TYPE,01F2714S_03F2985N,Weekend,ALL,638,1759,1121,1.7570532915360502,高風險,10.63,29.32,18.68
L1_DAY_TYPE,01F2714S_03F3101S,Weekday,ALL,901,1255,354,0.39289678135405104,普通,15.02,20.92,5.9
L1_DAY_TYPE,01F2714S_03F3101S,Weekend,ALL,876,1054,178,0.20319634703196346,穩定,14.6,17.57,2.97
L1_DAY_TYPE,01F2827N_01F2714N,Weekday,ALL,381,511,130,0.34120734908136485,普通,6.35,8.52,2.17
L1_DAY_TYPE,01F2827N_01F2714N,Weekend,ALL,380,467,87,0.22894736842105262,穩定,6.33,7.78,1.45
L1_DAY_TYPE,01F2827N_03F2985N,Weekday,ALL,890,1134,244,0.27415730337078653,普通,14.83,18.9,4.07
L1_DAY_TYPE,01F2827N_03F2985N,Weekend,ALL,885,1016,131,0.1480225988700565,穩定,14.75,16.93,2.18
L1_DAY_TYPE,01F2827N_03F3101S,Weekday,ALL,2021,3309,1288,0.6373082632360217,不穩定,33.68,55.15,21.47
L1_DAY_TYPE,01F2827N_03F3101S,Weekend,ALL,1248,3172,1924,1.5416666666666667,高風險,20.8,52.87,32.07
L1_DAY_TYPE,01F2827S_01F2866S,Weekday,ALL,134,163,29,0.21641791044776118,穩定,2.23,2.72,0.48
L1_DAY_TYPE,01F2827S_01F2866S,Weekend,ALL,134,159,25,0.1865671641791045,穩定,2.23,2.65,0.42
L1_DAY_TYPE,01F2866N_01F2827N,Weekday,ALL,133,164,31,0.23308270676691728,穩定,2.22,2.73,0.52
L1_DAY_TYPE,01F2866N_01F2827N,Weekend,ALL,133,159,26,0.19548872180451127,穩定,2.22,2.65,0.43
L1_DAY_TYPE,01F2866S_01F2930S,Weekday,ALL,214,263,49,0.22897196261682243,穩定,3.57,4.38,0.82
L1_DAY_TYPE,01F2866S_01F2930S,Weekend,ALL,214,269,55,0.2570093457943925,普通,3.57,4.48,0.92
L1_DAY_TYPE,01F2930N_01F2866N,Weekday,ALL,216,266,50,0.23148148148148148,穩定,3.6,4.43,0.83
L1_DAY_TYPE,01F2930N_01F2866N,Weekend,ALL,216,258,42,0.19444444444444445,穩定,3.6,4.3,0.7
L1_DAY_TYPE,01F2930S_01F3019S,Weekday,ALL,305,369,64,0.2098360655737705,穩定,5.08,6.15,1.07
L1_DAY_TYPE,01F2930S_01F3019S,Weekend,ALL,306,508,202,0.6601307189542484,不穩定,5.1,8.47,3.37
L1_DAY_TYPE,01F2930S_03F3307N,Weekday,ALL,1598,3327,1729,1.0819774718397996,高風險,26.63,55.45,28.82
L1_DAY_TYPE,01F2930S_03F3307N,Weekend,ALL,1488,3281,1793,1.20497311827957,高風險,24.8,54.68,29.88
L1_DAY_TYPE,01F2930S_03F3392S,Weekday,ALL,1005,1378,373,0.3711442786069652,普通,16.75,22.97,6.22
L1_DAY_TYPE,01F2930S_03F3392S,Weekend,ALL,993,1784,791,0.796576032225579,不穩定,16.55,29.73,13.18
L1_DAY_TYPE,01F3019N_01F2930N,Weekday,ALL,309,373,64,0.20711974110032363,穩定,5.15,6.22,1.07
L1_DAY_TYPE,01F3019N_01F2930N,Weekend,ALL,309,368,59,0.19093851132686085,穩定,5.15,6.13,0.98
L1_DAY_TYPE,01F3019N_03F3307N,Weekday,ALL,850,1263,413,0.4858823529411765,普通,14.17,21.05,6.88
L1_DAY_TYPE,01F3019N_03F3307N,Weekend,ALL,833,1199,366,0.43937575030012005,普通,13.88,19.98,6.1
L1_DAY_TYPE,01F3019N_03F3392S,Weekday,ALL,896,3204,2308,2.575892857142857,高風險,14.93,53.4,38.47
L1_DAY_TYPE,01F3019N_03F3392S,Weekend,ALL,925,3135,2210,2.389189189189189,高風險,15.42,52.25,36.83
L1_DAY_TYPE,01F3019S_01F3083S,Weekday,ALL,222,271,49,0.22072072072072071,穩定,3.7,4.52,0.82
L1_DAY_TYPE,01F3019S_01F3083S,Weekend,ALL,224,475,251,1.1205357142857142,高風險,3.73,7.92,4.18
L1_DAY_TYPE,01F3083N_01F3019N,Weekday,ALL,224,269,45,0.20089285714285715,穩定,3.73,4.48,0.75
L1_DAY_TYPE,01F3083N_01F3019N,Weekend,ALL,225,273,48,0.21333333333333335,穩定,3.75,4.55,0.8
L1_DAY_TYPE,01F3083S_01F3126S,Weekday,ALL,149,189,40,0.2684563758389262,普通,2.48,3.15,0.67
L1_DAY_TYPE,01F3083S_01F3126S,Weekend,ALL,149,255,106,0.7114093959731543,不穩定,2.48,4.25,1.77
L1_DAY_TYPE,01F3126N_01F3083N,Weekday,ALL,153,182,29,0.1895424836601307,穩定,2.55,3.03,0.48
L1_DAY_TYPE,01F3126N_01F3083N,Weekend,ALL,153,194,41,0.2679738562091503,普通,2.55,3.23,0.68
L1_DAY_TYPE,01F3126S_01F3185S,Weekday,ALL,219,454,235,1.0730593607305936,高風險,3.65,7.57,3.92
L1_DAY_TYPE,01F3126S_01F3185S,Weekend,ALL,219,456,237,1.082191780821918,高風險,3.65,7.6,3.95
L1_DAY_TYPE,01F3126S_03F3445N,Weekday,ALL,2207,3324,1117,0.5061169007702764,不穩定,36.78,55.4,18.62
L1_DAY_TYPE,01F3126S_03F3445N,Weekend,ALL,2173,3309,1136,0.5227795674183157,不穩定,36.22,55.15,18.93
L1_DAY_TYPE,01F3126S_03F3496S,Weekday,ALL,599,747,148,0.24707846410684475,穩定,9.98,12.45,2.47
L1_DAY_TYPE,01F3126S_03F3496S,Weekend,ALL,576,724,148,0.2569444444444444,普通,9.6,12.07,2.47
L1_DAY_TYPE,01F3185N_01F3126N,Weekday,ALL,219,307,88,0.4018264840182648,普通,3.65,5.12,1.47
L1_DAY_TYPE,01F3185N_01F3126N,Weekend,ALL,215,319,104,0.48372093023255813,普通,3.58,5.32,1.73
L1_DAY_TYPE,01F3185N_03F3445N,Weekday,ALL,577,685,108,0.18717504332755633,穩定,9.62,11.42,1.8
L1_DAY_TYPE,01F3185N_03F3445N,Weekend,ALL,570,696,126,0.22105263157894736,穩定,9.5,11.6,2.1
L1_DAY_TYPE,01F3185N_03F3496S,Weekday,ALL,585,2897,2312,3.9521367521367523,高風險,9.75,48.28,38.53
L1_DAY_TYPE,01F3185N_03F3496S,Weekend,ALL,554,2378,1824,3.292418772563177,高風險,9.23,39.63,30.4
L1_DAY_TYPE,01F3185S_01F3227S,Weekday,ALL,163,321,158,0.9693251533742331,不穩定,2.72,5.35,2.63
L1_DAY_TYPE,01F3185S_01F3227S,Weekend,ALL,159,280,121,0.7610062893081762,不穩定,2.65,4.67,2.02
L1_DAY_TYPE,01F3227N_01F3185N,Weekday,ALL,160,269,109,0.68125,不穩定,2.67,4.48,1.82
L1_DAY_TYPE,01F3227N_01F3185N,Weekend,ALL,154,299,145,0.9415584415584416,不穩定,2.57,4.98,2.42
L1_DAY_TYPE,01F3227S_01F3252S,Weekday,ALL,92,107,15,0.16304347826086957,穩定,1.53,1.78,0.25
L1_DAY_TYPE,01F3227S_01F3252S,Weekend,ALL,89,104,15,0.16853932584269662,穩定,1.48,1.73,0.25
L1_DAY_TYPE,01F3252N_01F3227N,Weekday,ALL,99,216,117,1.1818181818181819,高風險,1.65,3.6,1.95
L1_DAY_TYPE,01F3252N_01F3227N,Weekend,ALL,94,258,164,1.7446808510638299,高風險,1.57,4.3,2.73
L1_DAY_TYPE,01F3252S_01F3286S,Weekday,ALL,123,147,24,0.1951219512195122,穩定,2.05,2.45,0.4
L1_DAY_TYPE,01F3252S_01F3286S,Weekend,ALL,121,150,29,0.2396694214876033,穩定,2.02,2.5,0.48
L1_DAY_TYPE,01F3286N_01F3252N,Weekday,ALL,126,163,37,0.29365079365079366,普通,2.1,2.72,0.62
L1_DAY_TYPE,01F3286N_01F3252N,Weekend,ALL,121,160,39,0.32231404958677684,普通,2.02,2.67,0.65
L1_DAY_TYPE,01F3286S_01F3366S,Weekday,ALL,304,515,211,0.694078947368421,不穩定,5.07,8.58,3.52
L1_DAY_TYPE,01F3286S_01F3366S,Weekend,ALL,295,658,363,1.230508474576271,高風險,4.92,10.97,6.05
L1_DAY_TYPE,01F3366N_01F3286N,Weekday,ALL,305,362,57,0.18688524590163935,穩定,5.08,6.03,0.95
L1_DAY_TYPE,01F3366N_01F3286N,Weekend,ALL,294,351,57,0.19387755102040816,穩定,4.9,5.85,0.95
L1_DAY_TYPE,01F3366S_01F3398S,Weekday,ALL,117,311,194,1.6581196581196582,高風險,1.95,5.18,3.23
L1_DAY_TYPE,01F3366S_01F3398S,Weekend,ALL,112,311,199,1.7767857142857142,高風險,1.87,5.18,3.32
L1_DAY_TYPE,01F3398N_01F3366N,Weekday,ALL,120,141,21,0.175,穩定,2.0,2.35,0.35
L1_DAY_TYPE,01F3398N_01F3366N,Weekend,ALL,115,137,22,0.19130434782608696,穩定,1.92,2.28,0.37
L1_DAY_TYPE,01F3398S_01F3460S,Weekday,ALL,248,622,374,1.5080645161290323,高風險,4.13,10.37,6.23
L1_DAY_TYPE,01F3398S_01F3460S,Weekend,ALL,238,514,276,1.1596638655462186,高風險,3.97,8.57,4.6
L1_DAY_TYPE,01F3460N_01F3398N,Weekday,ALL,249,476,227,0.9116465863453815,不穩定,4.15,7.93,3.78
L1_DAY_TYPE,01F3460N_01F3398N,Weekend,ALL,235,534,299,1.2723404255319148,高風險,3.92,8.9,4.98
L1_DAY_TYPE,01F3460S_01F3535S,Weekday,ALL,294,625,331,1.1258503401360545,高風險,4.9,10.42,5.52
L1_DAY_TYPE,01F3460S_01F3535S,Weekend,ALL,276,539,263,0.9528985507246377,不穩定,4.6,8.98,4.38
L1_DAY_TYPE,01F3535N_01F3460N,Weekday,ALL,290,551,261,0.9,不穩定,4.83,9.18,4.35
L1_DAY_TYPE,01F3535N_01F3460N,Weekend,ALL,272,535,263,0.9669117647058824,不穩定,4.53,8.92,4.38
L1_DAY_TYPE,01F3535S_01F3561S,Weekday,ALL,129,214,85,0.6589147286821705,不穩定,2.15,3.57,1.42
L1_DAY_TYPE,01F3535S_01F3561S,Weekend,ALL,121,160,39,0.32231404958677684,普通,2.02,2.67,0.65
L1_DAY_TYPE,01F3559N_01F3535N,Weekday,ALL,127,261,134,1.0551181102362204,高風險,2.12,4.35,2.23
L1_DAY_TYPE,01F3559N_01F3535N,Weekend,ALL,120,235,115,0.9583333333333334,不穩定,2.0,3.92,1.92
L1_DAY_TYPE,01F3561S_01F3590S,Weekday,ALL,118,216,98,0.8305084745762712,不穩定,1.97,3.6,1.63
L1_DAY_TYPE,01F3561S_01F3590S,Weekend,ALL,113,137,24,0.21238938053097345,穩定,1.88,2.28,0.4
L1_DAY_TYPE,01F3590N_01F3559N,Weekday,ALL,126,205,79,0.626984126984127,不穩定,2.1,3.42,1.32
L1_DAY_TYPE,01F3590N_01F3559N,Weekend,ALL,118,144,26,0.22033898305084745,穩定,1.97,2.4,0.43
L1_DAY_TYPE,01F3590S_01F3640S,Weekday,ALL,200,256,56,0.28,普通,3.33,4.27,0.93
L1_DAY_TYPE,01F3590S_01F3640S,Weekend,ALL,190,220,30,0.15789473684210525,穩定,3.17,3.67,0.5
L1_DAY_TYPE,01F3590S_03F3743N,Weekday,ALL,2713,3403,690,0.25433099889421307,普通,45.22,56.72,11.5
L1_DAY_TYPE,01F3590S_03F3743N,Weekend,ALL,2540,3368,828,0.32598425196850395,普通,42.33,56.13,13.8
L1_DAY_TYPE,01F3590S_03F3854S,Weekday,ALL,1008,2819,1811,1.7966269841269842,高風險,16.8,46.98,30.18
L1_DAY_TYPE,01F3590S_03F3854S,Weekend,ALL,982,2740,1758,1.790224032586558,高風險,16.37,45.67,29.3
L1_DAY_TYPE,01F3640N_01F3590N,Weekday,ALL,199,364,165,0.8291457286432161,不穩定,3.32,6.07,2.75
L1_DAY_TYPE,01F3640N_01F3590N,Weekend,ALL,187,216,29,0.15508021390374332,穩定,3.12,3.6,0.48
L1_DAY_TYPE,01F3640N_03F3743N,Weekday,ALL,1107,1366,259,0.23396567299006324,穩定,18.45,22.77,4.32
L1_DAY_TYPE,01F3640N_03F3743N,Weekend,ALL,1081,1587,506,0.46808510638297873,普通,18.02,26.45,8.43
L1_DAY_TYPE,01F3640N_03F3854S,Weekday,ALL,862,1454,592,0.6867749419953596,不穩定,14.37,24.23,9.87
L1_DAY_TYPE,01F3640N_03F3854S,Weekend,ALL,844,1372,528,0.6255924170616114,不穩定,14.07,22.87,8.8
L1_DAY_TYPE,01F3640S_01F3676S,Weekday,ALL,143,201,58,0.40559440559440557,普通,2.38,3.35,0.97
L1_DAY_TYPE,01F3640S_01F3676S,Weekend,ALL,134,160,26,0.19402985074626866,穩定,2.23,2.67,0.43
L1_DAY_TYPE,01F3676N_01F3640N,Weekday,ALL,149,246,97,0.6510067114093959,不穩定,2.48,4.1,1.62
L1_DAY_TYPE,01F3676N_01F3640N,Weekend,ALL,137,171,34,0.24817518248175183,穩定,2.28,2.85,0.57
L1_DAY_TYPE,01F3676S_01F3686S,Weekday,ALL,41,59,18,0.43902439024390244,普通,0.68,0.98,0.3
L1_DAY_TYPE,01F3676S_01F3686S,Weekend,ALL,38,45,7,0.18421052631578946,穩定,0.63,0.75,0.12
L1_DAY_TYPE,01F3686S_01F3736S,Weekday,ALL,226,265,39,0.17256637168141592,穩定,3.77,4.42,0.65
L1_DAY_TYPE,01F3686S_01F3736S,Weekend,ALL,203,246,43,0.21182266009852216,穩定,3.38,4.1,0.72
L1_DAY_TYPE,01F3696N_01F3676N,Weekday,ALL,86,120,34,0.3953488372093023,普通,1.43,2.0,0.57
L1_DAY_TYPE,01F3696N_01F3676N,Weekend,ALL,79,90,11,0.13924050632911392,穩定,1.32,1.5,0.18
L1_DAY_TYPE,01F3736N_01F3696N,Weekday,ALL,182,208,26,0.14285714285714285,穩定,3.03,3.47,0.43
L1_DAY_TYPE,01F3736N_01F3696N,Weekend,ALL,170,196,26,0.15294117647058825,穩定,2.83,3.27,0.43
L1_DAY_TYPE,01H0163S_01H0206S,Weekday,ALL,165,454,289,1.7515151515151515,高風險,2.75,7.57,4.82
L1_DAY_TYPE,01H0163S_01H0206S,Weekend,ALL,162,520,358,2.2098765432098766,高風險,2.7,8.67,5.97
L1_DAY_TYPE,01H0174N_01F0099N,Weekday,ALL,309,683,374,1.2103559870550162,高風險,5.15,11.38,6.23
L1_DAY_TYPE,01H0174N_01F0099N,Weekend,ALL,305,671,366,1.2,高風險,5.08,11.18,6.1
L1_DAY_TYPE,01H0174N_03F0054N,Weekday,ALL,466,768,302,0.648068669527897,不穩定,7.77,12.8,5.03
L1_DAY_TYPE,01H0174N_03F0054N,Weekend,ALL,457,672,215,0.47045951859956237,普通,7.62,11.2,3.58
L1_DAY_TYPE,01H0174N_03F0116S,Weekday,ALL,275,487,212,0.7709090909090909,不穩定,4.58,8.12,3.53
L1_DAY_TYPE,01H0174N_03F0116S,Weekend,ALL,267,611,344,1.2883895131086143,高風險,4.45,10.18,5.73
L1_DAY_TYPE,01H0200N_01H0174N,Weekday,ALL,103,136,33,0.32038834951456313,普通,1.72,2.27,0.55
L1_DAY_TYPE,01H0200N_01H0174N,Weekend,ALL,101,113,12,0.1188118811881188,穩定,1.68,1.88,0.2
L1_DAY_TYPE,01H0206S_01H0305S,Weekday,ALL,391,737,346,0.8849104859335039,不穩定,6.52,12.28,5.77
L1_DAY_TYPE,01H0206S_01H0305S,Weekend,ALL,383,574,191,0.49869451697127937,普通,6.38,9.57,3.18
L1_DAY_TYPE,01H0208N_01H0200N,Weekday,ALL,32,64,32,1.0,高風險,0.53,1.07,0.53
L1_DAY_TYPE,01H0208N_01H0200N,Weekend,ALL,31,35,4,0.12903225806451613,穩定,0.52,0.58,0.07
L1_DAY_TYPE,01H0271N_01H0208N,Weekday,ALL,267,649,382,1.4307116104868913,高風險,4.45,10.82,6.37
L1_DAY_TYPE,01H0271N_01H0208N,Weekend,ALL,246,419,173,0.7032520325203252,不穩定,4.1,6.98,2.88
L1_DAY_TYPE,01H0305S_01F0339S,Weekday,ALL,136,212,76,0.5588235294117647,不穩定,2.27,3.53,1.27
L1_DAY_TYPE,01H0305S_01F0339S,Weekend,ALL,133,219,86,0.6466165413533834,不穩定,2.22,3.65,1.43
L1_DAY_TYPE,01H0305S_01H0334S,Weekday,ALL,110,133,23,0.20909090909090908,穩定,1.83,2.22,0.38
L1_DAY_TYPE,01H0305S_01H0334S,Weekend,ALL,108,121,13,0.12037037037037036,穩定,1.8,2.02,0.22
L1_DAY_TYPE,01H0333N_01H0271N,Weekday,ALL,252,939,687,2.7261904761904763,高風險,4.2,15.65,11.45
L1_DAY_TYPE,01H0333N_01H0271N,Weekend,ALL,238,456,218,0.9159663865546218,不穩定,3.97,7.6,3.63
L1_DAY_TYPE,01H0334S_01H0447S,Weekday,ALL,431,474,43,0.09976798143851508,穩定,7.18,7.9,0.72
L1_DAY_TYPE,01H0334S_01H0447S,Weekend,ALL,430,474,44,0.10232558139534884,穩定,7.17,7.9,0.73
L1_DAY_TYPE,01H0447N_01F0340N,Weekday,ALL,455,950,495,1.0879120879120878,高風險,7.58,15.83,8.25
L1_DAY_TYPE,01H0447N_01F0340N,Weekend,ALL,436,758,322,0.7385321100917431,不穩定,7.27,12.63,5.37
L1_DAY_TYPE,01H0447N_01H0333N,Weekday,ALL,441,664,223,0.5056689342403629,不穩定,7.35,11.07,3.72
L1_DAY_TYPE,01H0447N_01H0333N,Weekend,ALL,435,522,87,0.2,穩定,7.25,8.7,1.45
L1_DAY_TYPE,01H0447S_01H0579S,Weekday,ALL,494,637,143,0.2894736842105263,普通,8.23,10.62,2.38
L1_DAY_TYPE,01H0447S_01H0579S,Weekend,ALL,489,661,172,0.35173824130879344,普通,8.15,11.02,2.87
L1_DAY_TYPE,01H0579N_01H0447N,Weekday,ALL,487,689,202,0.41478439425051333,普通,8.12,11.48,3.37
L1_DAY_TYPE,01H0579N_01H0447N,Weekend,ALL,485,565,80,0.16494845360824742,穩定,8.08,9.42,1.33
L1_DAY_TYPE,01H0579S_01F0633S,Weekday,ALL,252,407,155,0.6150793650793651,不穩定,4.2,6.78,2.58
L1_DAY_TYPE,01H0579S_01F0633S,Weekend,ALL,217,384,167,0.7695852534562212,不穩定,3.62,6.4,2.78
L1_DAY_TYPE,01H0579S_01H0610S,Weekday,ALL,130,209,79,0.6076923076923076,不穩定,2.17,3.48,1.32
L1_DAY_TYPE,01H0579S_01H0610S,Weekend,ALL,123,218,95,0.7723577235772358,不穩定,2.05,3.63,1.58
L1_DAY_TYPE,01H0608N_01F0584N,Weekday,ALL,103,160,57,0.5533980582524272,不穩定,1.72,2.67,0.95
L1_DAY_TYPE,01H0608N_01F0584N,Weekend,ALL,97,132,35,0.36082474226804123,普通,1.62,2.2,0.58
L1_DAY_TYPE,01H0608N_01H0579N,Weekday,ALL,114,147,33,0.2894736842105263,普通,1.9,2.45,0.55
L1_DAY_TYPE,01H0608N_01H0579N,Weekend,ALL,113,141,28,0.24778761061946902,穩定,1.88,2.35,0.47
L1_DAY_TYPE,01H0610S_01F0750S,Weekday,ALL,537,756,219,0.40782122905027934,普通,8.95,12.6,3.65
L1_DAY_TYPE,01H0610S_01F0750S,Weekend,ALL,530,916,386,0.7283018867924528,不穩定,8.83,15.27,6.43
L1_DAY_TYPE,03A0015S_03A0041S,Weekday,ALL,124,211,87,0.7016129032258065,不穩定,2.07,3.52,1.45
L1_DAY_TYPE,03A0015S_03A0041S,Weekend,ALL,122,144,22,0.18032786885245902,穩定,2.03,2.4,0.37
L1_DAY_TYPE,03A0041N_03A0015N,Weekday,ALL,121,129,8,0.06611570247933884,穩定,2.02,2.15,0.13
L1_DAY_TYPE,03A0041N_03A0015N,Weekend,ALL,120,128,8,0.06666666666666667,穩定,2.0,2.13,0.13
L1_DAY_TYPE,03A0041S_03F0201N,Weekday,ALL,188,657,469,2.49468085106383,高風險,3.13,10.95,7.82
L1_DAY_TYPE,03A0041S_03F0201N,Weekend,ALL,175,571,396,2.262857142857143,高風險,2.92,9.52,6.6
L1_DAY_TYPE,03A0041S_03F0217S,Weekday,ALL,93,294,201,2.161290322580645,高風險,1.55,4.9,3.35
L1_DAY_TYPE,03A0041S_03F0217S,Weekend,ALL,91,135,44,0.4835164835164835,普通,1.52,2.25,0.73
L1_DAY_TYPE,03F0006S_01F0061S,Weekday,ALL,363,467,104,0.2865013774104683,普通,6.05,7.78,1.73
L1_DAY_TYPE,03F0006S_01F0061S,Weekend,ALL,350,1334,984,2.8114285714285714,高風險,5.83,22.23,16.4
L1_DAY_TYPE,03F0006S_03F0087S,Weekday,ALL,320,401,81,0.253125,普通,5.33,6.68,1.35
L1_DAY_TYPE,03F0006S_03F0087S,Weekend,ALL,318,348,30,0.09433962264150944,穩定,5.3,5.8,0.5
L1_DAY_TYPE,03F0054N_01F0061S,Weekday,ALL,391,2973,2582,6.603580562659847,高風險,6.52,49.55,43.03
L1_DAY_TYPE,03F0054N_01F0061S,Weekend,ALL,387,2369,1982,5.1214470284237725,高風險,6.45,39.48,33.03
L1_DAY_TYPE,03F0054N_03F0021N,Weekday,ALL,134,149,15,0.11194029850746269,穩定,2.23,2.48,0.25
L1_DAY_TYPE,03F0054N_03F0021N,Weekend,ALL,133,145,12,0.09022556390977443,穩定,2.22,2.42,0.2
L1_DAY_TYPE,03F0087S_01F0099N,Weekday,ALL,1901,3177,1276,0.6712256706996318,不穩定,31.68,52.95,21.27
L1_DAY_TYPE,03F0087S_01F0099N,Weekend,ALL,1822,3138,1316,0.7222832052689352,不穩定,30.37,52.3,21.93
L1_DAY_TYPE,03F0087S_01F0147S,Weekday,ALL,241,654,413,1.7136929460580912,高風險,4.02,10.9,6.88
L1_DAY_TYPE,03F0087S_01F0147S,Weekend,ALL,226,258,32,0.1415929203539823,穩定,3.77,4.3,0.53
L1_DAY_TYPE,03F0087S_01H0163S,Weekday,ALL,287,618,331,1.1533101045296168,高風險,4.78,10.3,5.52
L1_DAY_TYPE,03F0087S_01H0163S,Weekend,ALL,276,308,32,0.11594202898550725,穩定,4.6,5.13,0.53
L1_DAY_TYPE,03F0087S_03F0116S,Weekday,ALL,113,133,20,0.17699115044247787,穩定,1.88,2.22,0.33
L1_DAY_TYPE,03F0087S_03F0116S,Weekend,ALL,113,121,8,0.07079646017699115,穩定,1.88,2.02,0.13
L1_DAY_TYPE,03F0116N_01F0099N,Weekday,ALL,106,250,144,1.3584905660377358,高風險,1.77,4.17,2.4
L1_DAY_TYPE,03F0116N_01F0099N,Weekend,ALL,105,363,258,2.4571428571428573,高風險,1.75,6.05,4.3
L1_DAY_TYPE,03F0116N_01F0147S,Weekday,ALL,236,776,540,2.288135593220339,高風險,3.93,12.93,9.0
L1_DAY_TYPE,03F0116N_01F0147S,Weekend,ALL,225,276,51,0.22666666666666666,穩定,3.75,4.6,0.85
L1_DAY_TYPE,03F0116N_01H0163S,Weekday,ALL,288,651,363,1.2604166666666667,高風險,4.8,10.85,6.05
L1_DAY_TYPE,03F0116N_01H0163S,Weekend,ALL,276,316,40,0.14492753623188406,穩定,4.6,5.27,0.67
L1_DAY_TYPE,03F0116N_03F0054N,Weekday,ALL,241,266,25,0.1037344398340249,穩定,4.02,4.43,0.42
L1_DAY_TYPE,03F0116N_03F0054N,Weekend,ALL,242,257,15,0.06198347107438017,穩定,4.03,4.28,0.25
L1_DAY_TYPE,03F0116S_03F0136S,Weekday,ALL,80,92,12,0.15,穩定,1.33,1.53,0.2
L1_DAY_TYPE,03F0116S_03F0136S,Weekend,ALL,79,91,12,0.1518987341772152,穩定,1.32,1.52,0.2
L1_DAY_TYPE,03F0136S_03F0158S,Weekday,ALL,87,168,81,0.9310344827586207,不穩定,1.45,2.8,1.35
L1_DAY_TYPE,03F0136S_03F0158S,Weekend,ALL,87,111,24,0.27586206896551724,普通,1.45,1.85,0.4
L1_DAY_TYPE,03F0140N_03F0116N,Weekday,ALL,100,122,22,0.22,穩定,1.67,2.03,0.37
L1_DAY_TYPE,03F0140N_03F0116N,Weekend,ALL,98,108,10,0.10204081632653061,穩定,1.63,1.8,0.17
L1_DAY_TYPE,03F0150N_03F0140N,Weekday,ALL,39,42,3,0.07692307692307693,穩定,0.65,0.7,0.05
L1_DAY_TYPE,03F0150N_03F0140N,Weekend,ALL,39,41,2,0.05128205128205128,穩定,0.65,0.68,0.03
L1_DAY_TYPE,03F0158S_03F0201S,Weekday,ALL,188,382,194,1.0319148936170213,高風險,3.13,6.37,3.23
L1_DAY_TYPE,03F0158S_03F0201S,Weekend,ALL,181,209,28,0.15469613259668508,穩定,3.02,3.48,0.47
L1_DAY_TYPE,03F0158S_05F0000S,Weekday,ALL,50,79,29,0.58,不穩定,0.83,1.32,0.48
L1_DAY_TYPE,03F0158S_05F0000S,Weekend,ALL,51,164,113,2.215686274509804,高風險,0.85,2.73,1.88
L1_DAY_TYPE,03F0201N_03F0150N,Weekday,ALL,224,289,65,0.29017857142857145,普通,3.73,4.82,1.08
L1_DAY_TYPE,03F0201N_03F0150N,Weekend,ALL,213,304,91,0.4272300469483568,普通,3.55,5.07,1.52
L1_DAY_TYPE,03F0201N_05F0000S,Weekday,ALL,208,284,76,0.36538461538461536,普通,3.47,4.73,1.27
L1_DAY_TYPE,03F0201N_05F0000S,Weekend,ALL,204,1188,984,4.823529411764706,高風險,3.4,19.8,16.4
L1_DAY_TYPE,03F0201S_03A0041N,Weekday,ALL,77,117,40,0.5194805194805194,不穩定,1.28,1.95,0.67
L1_DAY_TYPE,03F0201S_03A0041N,Weekend,ALL,75,86,11,0.14666666666666667,穩定,1.25,1.43,0.18
L1_DAY_TYPE,03F0201S_03F0217S,Weekday,ALL,65,140,75,1.1538461538461537,高風險,1.08,2.33,1.25
L1_DAY_TYPE,03F0201S_03F0217S,Weekend,ALL,64,100,36,0.5625,不穩定,1.07,1.67,0.6
L1_DAY_TYPE,03F0217N_03A0041N,Weekday,ALL,117,245,128,1.0940170940170941,高風險,1.95,4.08,2.13
L1_DAY_TYPE,03F0217N_03A0041N,Weekend,ALL,114,128,14,0.12280701754385964,穩定,1.9,2.13,0.23
L1_DAY_TYPE,03F0217N_03F0201N,Weekday,ALL,62,322,260,4.193548387096774,高風險,1.03,5.37,4.33
L1_DAY_TYPE,03F0217N_03F0201N,Weekend,ALL,60,186,126,2.1,高風險,1.0,3.1,2.1
L1_DAY_TYPE,03F0217S_03F0301S,Weekday,ALL,351,534,183,0.5213675213675214,不穩定,5.85,8.9,3.05
L1_DAY_TYPE,03F0217S_03F0301S,Weekend,ALL,345,427,82,0.23768115942028986,穩定,5.75,7.12,1.37
L1_DAY_TYPE,03F0301N_03F0217N,Weekday,ALL,360,738,378,1.05,高風險,6.0,12.3,6.3
L1_DAY_TYPE,03F0301N_03F0217N,Weekend,ALL,351,408,57,0.1623931623931624,穩定,5.85,6.8,0.95
L1_DAY_TYPE,03F0301S_03F0337S,Weekday,ALL,164,616,452,2.7560975609756095,高風險,2.73,10.27,7.53
L1_DAY_TYPE,03F0301S_03F0337S,Weekend,ALL,151,535,384,2.543046357615894,高風險,2.52,8.92,6.4
L1_DAY_TYPE,03F0337S_03F0385S,Weekday,ALL,239,308,69,0.28870292887029286,普通,3.98,5.13,1.15
L1_DAY_TYPE,03F0337S_03F0385S,Weekend,ALL,226,288,62,0.2743362831858407,普通,3.77,4.8,1.03
L1_DAY_TYPE,03F0338N_03F0301N,Weekday,ALL,149,204,55,0.3691275167785235,普通,2.48,3.4,0.92
L1_DAY_TYPE,03F0338N_03F0301N,Weekend,ALL,145,157,12,0.08275862068965517,穩定,2.42,2.62,0.2
L1_DAY_TYPE,03F0385N_03F0338N,Weekday,ALL,241,742,501,2.078838174273859,高風險,4.02,12.37,8.35
L1_DAY_TYPE,03F0385N_03F0338N,Weekend,ALL,222,443,221,0.9954954954954955,不穩定,3.7,7.38,3.68
L1_DAY_TYPE,03F0385S_03F0447S,Weekday,ALL,216,624,408,1.8888888888888888,高風險,3.6,10.4,6.8
L1_DAY_TYPE,03F0385S_03F0447S,Weekend,ALL,207,568,361,1.7439613526570048,高風險,3.45,9.47,6.02
L1_DAY_TYPE,03F0447N_03F0385N,Weekday,ALL,209,408,199,0.9521531100478469,不穩定,3.48,6.8,3.32
L1_DAY_TYPE,03F0447N_03F0385N,Weekend,ALL,202,256,54,0.26732673267326734,普通,3.37,4.27,0.9
L1_DAY_TYPE,03F0447S_03F0498S,Weekday,ALL,200,249,49,0.245,穩定,3.33,4.15,0.82
L1_DAY_TYPE,03F0447S_03F0498S,Weekend,ALL,192,258,66,0.34375,普通,3.2,4.3,1.1
L1_DAY_TYPE,03F0498N_03F0447N,Weekday,ALL,196,425,229,1.1683673469387754,高風險,3.27,7.08,3.82
L1_DAY_TYPE,03F0498N_03F0447N,Weekend,ALL,192,380,188,0.9791666666666666,不穩定,3.2,6.33,3.13
L1_DAY_TYPE,03F0498S_03F0525S,Weekday,ALL,105,196,91,0.8666666666666667,不穩定,1.75,3.27,1.52
L1_DAY_TYPE,03F0498S_03F0525S,Weekend,ALL,101,268,167,1.6534653465346534,高風險,1.68,4.47,2.78
L1_DAY_TYPE,03F0525N_03F0498N,Weekday,ALL,99,186,87,0.8787878787878788,不穩定,1.65,3.1,1.45
L1_DAY_TYPE,03F0525N_03F0498N,Weekend,ALL,99,232,133,1.3434343434343434,高風險,1.65,3.87,2.22
L1_DAY_TYPE,03F0525S_01F0511N,Weekday,ALL,652,1182,530,0.8128834355828221,不穩定,10.87,19.7,8.83
L1_DAY_TYPE,03F0525S_01F0511N,Weekend,ALL,598,1028,430,0.7190635451505016,不穩定,9.97,17.13,7.17
L1_DAY_TYPE,03F0525S_01F0532S,Weekday,ALL,650,1222,572,0.88,不穩定,10.83,20.37,9.53
L1_DAY_TYPE,03F0525S_01F0532S,Weekend,ALL,601,1034,433,0.7204658901830283,不穩定,10.02,17.23,7.22
L1_DAY_TYPE,03F0525S_03F0559S,Weekday,ALL,130,179,49,0.3769230769230769,普通,2.17,2.98,0.82
L1_DAY_TYPE,03F0525S_03F0559S,Weekend,ALL,127,449,322,2.5354330708661417,高風險,2.12,7.48,5.37
L1_DAY_TYPE,03F0559N_01F0511N,Weekday,ALL,630,957,327,0.5190476190476191,不穩定,10.5,15.95,5.45
L1_DAY_TYPE,03F0559N_01F0511N,Weekend,ALL,593,739,146,0.24620573355817876,穩定,9.88,12.32,2.43
L1_DAY_TYPE,03F0559N_01F0532S,Weekday,ALL,1657,3201,1544,0.931804465902233,不穩定,27.62,53.35,25.73
L1_DAY_TYPE,03F0559N_01F0532S,Weekend,ALL,1609,3118,1509,0.9378495960223742,不穩定,26.82,51.97,25.15
L1_DAY_TYPE,03F0559N_03F0525N,Weekday,ALL,123,281,158,1.2845528455284554,高風險,2.05,4.68,2.63
L1_DAY_TYPE,03F0559N_03F0525N,Weekend,ALL,125,300,175,1.4,高風險,2.08,5.0,2.92
L1_DAY_TYPE,03F0559S_03F0648S,Weekday,ALL,340,616,276,0.8117647058823529,不穩定,5.67,10.27,4.6
L1_DAY_TYPE,03F0559S_03F0648S,Weekend,ALL,331,1031,700,2.1148036253776437,高風險,5.52,17.18,11.67
L1_DAY_TYPE,03F0648N_03F0559N,Weekday,ALL,319,699,380,1.1912225705329154,高風險,5.32,11.65,6.33
L1_DAY_TYPE,03F0648N_03F0559N,Weekend,ALL,331,822,491,1.4833836858006042,高風險,5.52,13.7,8.18
L1_DAY_TYPE,03F0648S_03F0698S,Weekday,ALL,189,235,46,0.24338624338624337,穩定,3.15,3.92,0.77
L1_DAY_TYPE,03F0648S_03F0698S,Weekend,ALL,186,536,350,1.881720430107527,高風險,3.1,8.93,5.83
L1_DAY_TYPE,03F0698N_03F0648N,Weekday,ALL,180,271,91,0.5055555555555555,不穩定,3.0,4.52,1.52
L1_DAY_TYPE,03F0698N_03F0648N,Weekend,ALL,188,714,526,2.797872340425532,高風險,3.13,11.9,8.77
L1_DAY_TYPE,03F0698S_03F0746S,Weekday,ALL,170,226,56,0.32941176470588235,普通,2.83,3.77,0.93
L1_DAY_TYPE,03F0698S_03F0746S,Weekend,ALL,169,423,254,1.5029585798816567,高風險,2.82,7.05,4.23
L1_DAY_TYPE,03F0746N_03F0698N,Weekday,ALL,168,286,118,0.7023809523809523,不穩定,2.8,4.77,1.97
L1_DAY_TYPE,03F0746N_03F0698N,Weekend,ALL,173,608,435,2.514450867052023,高風險,2.88,10.13,7.25
L1_DAY_TYPE,03F0746S_03F0783S,Weekday,ALL,125,144,19,0.152,穩定,2.08,2.4,0.32
L1_DAY_TYPE,03F0746S_03F0783S,Weekend,ALL,125,156,31,0.248,穩定,2.08,2.6,0.52
L1_DAY_TYPE,03F0783N_03F0746N,Weekday,ALL,128,155,27,0.2109375,穩定,2.13,2.58,0.45
L1_DAY_TYPE,03F0783N_03F0746N,Weekend,ALL,131,310,179,1.366412213740458,高風險,2.18,5.17,2.98
L1_DAY_TYPE,03F0783S_03F0846S,Weekday,ALL,219,251,32,0.1461187214611872,穩定,3.65,4.18,0.53
L1_DAY_TYPE,03F0783S_03F0846S,Weekend,ALL,218,261,43,0.19724770642201836,穩定,3.63,4.35,0.72
L1_DAY_TYPE,03F0846N_03F0783N,Weekday,ALL,215,253,38,0.17674418604651163,穩定,3.58,4.22,0.63
L1_DAY_TYPE,03F0846N_03F0783N,Weekend,ALL,219,282,63,0.2876712328767123,普通,3.65,4.7,1.05
L1_DAY_TYPE,03F0846S_03F0961S,Weekday,ALL,396,472,76,0.1919191919191919,穩定,6.6,7.87,1.27
L1_DAY_TYPE,03F0846S_03F0961S,Weekend,ALL,394,466,72,0.18274111675126903,穩定,6.57,7.77,1.2
L1_DAY_TYPE,03F0961N_03F0846N,Weekday,ALL,392,470,78,0.1989795918367347,穩定,6.53,7.83,1.3
L1_DAY_TYPE,03F0961N_03F0846N,Weekend,ALL,399,579,180,0.45112781954887216,普通,6.65,9.65,3.0
L1_DAY_TYPE,03F0961S_03F0996S,Weekday,ALL,121,143,22,0.18181818181818182,穩定,2.02,2.38,0.37
L1_DAY_TYPE,03F0961S_03F0996S,Weekend,ALL,121,139,18,0.1487603305785124,穩定,2.02,2.32,0.3
L1_DAY_TYPE,03F0996N_03F0961N,Weekday,ALL,124,151,27,0.21774193548387097,穩定,2.07,2.52,0.45
L1_DAY_TYPE,03F0996N_03F0961N,Weekend,ALL,125,250,125,1.0,高風險,2.08,4.17,2.08
L1_DAY_TYPE,03F0996S_01F0979N,Weekday,ALL,94,537,443,4.712765957446808,高風險,1.57,8.95,7.38
L1_DAY_TYPE,03F0996S_01F0979N,Weekend,ALL,93,185,92,0.989247311827957,不穩定,1.55,3.08,1.53
L1_DAY_TYPE,03F0996S_01F1045S,Weekday,ALL,248,283,35,0.14112903225806453,穩定,4.13,4.72,0.58
L1_DAY_TYPE,03F0996S_01F1045S,Weekend,ALL,249,477,228,0.9156626506024096,不穩定,4.15,7.95,3.8
L1_DAY_TYPE,03F0996S_03F1022S,Weekday,ALL,90,110,20,0.2222222222222222,穩定,1.5,1.83,0.33
L1_DAY_TYPE,03F0996S_03F1022S,Weekend,ALL,89,106,17,0.19101123595505617,穩定,1.48,1.77,0.28
L1_DAY_TYPE,03F1022N_01F0979N,Weekday,ALL,142,610,468,3.295774647887324,高風險,2.37,10.17,7.8
L1_DAY_TYPE,03F1022N_01F0979N,Weekend,ALL,138,321,183,1.326086956521739,高風險,2.3,5.35,3.05
L1_DAY_TYPE,03F1022N_01F1045S,Weekday,ALL,258,1641,1383,5.3604651162790695,高風險,4.3,27.35,23.05
L1_DAY_TYPE,03F1022N_01F1045S,Weekend,ALL,256,868,612,2.390625,高風險,4.27,14.47,10.2
L1_DAY_TYPE,03F1022N_03F0996N,Weekday,ALL,89,108,19,0.21348314606741572,穩定,1.48,1.8,0.32
L1_DAY_TYPE,03F1022N_03F0996N,Weekend,ALL,88,306,218,2.477272727272727,高風險,1.47,5.1,3.63
L1_DAY_TYPE,03F1022S_03F1051S,Weekday,ALL,99,119,20,0.20202020202020202,穩定,1.65,1.98,0.33
L1_DAY_TYPE,03F1022S_03F1051S,Weekend,ALL,98,125,27,0.2755102040816326,普通,1.63,2.08,0.45
L1_DAY_TYPE,03F1051N_03F1022N,Weekday,ALL,103,130,27,0.2621359223300971,普通,1.72,2.17,0.45
L1_DAY_TYPE,03F1051N_03F1022N,Weekend,ALL,103,164,61,0.5922330097087378,不穩定,1.72,2.73,1.02
L1_DAY_TYPE,03F1051S_03F1128S,Weekday,ALL,265,318,53,0.2,穩定,4.42,5.3,0.88
L1_DAY_TYPE,03F1051S_03F1128S,Weekend,ALL,263,500,237,0.9011406844106464,不穩定,4.38,8.33,3.95
L1_DAY_TYPE,03F1128N_03F1051N,Weekday,ALL,261,312,51,0.19540229885057472,穩定,4.35,5.2,0.85
L1_DAY_TYPE,03F1128N_03F1051N,Weekend,ALL,265,377,112,0.4226415094339623,普通,4.42,6.28,1.87
L1_DAY_TYPE,03F1128S_03F1161S,Weekday,ALL,112,136,24,0.21428571428571427,穩定,1.87,2.27,0.4
L1_DAY_TYPE,03F1128S_03F1161S,Weekend,ALL,111,150,39,0.35135135135135137,普通,1.85,2.5,0.65
L1_DAY_TYPE,03F1161N_03F1128N,Weekday,ALL,113,138,25,0.22123893805309736,穩定,1.88,2.3,0.42
L1_DAY_TYPE,03F1161N_03F1128N,Weekend,ALL,116,272,156,1.3448275862068966,高風險,1.93,4.53,2.6
L1_DAY_TYPE,03F1161S_03F1215S,Weekday,ALL,180,219,39,0.21666666666666667,穩定,3.0,3.65,0.65
L1_DAY_TYPE,03F1161S_03F1215S,Weekend,ALL,179,251,72,0.4022346368715084,普通,2.98,4.18,1.2
L1_DAY_TYPE,03F1215N_03F1161N,Weekday,ALL,177,217,40,0.22598870056497175,穩定,2.95,3.62,0.67
L1_DAY_TYPE,03F1215N_03F1161N,Weekend,ALL,179,632,453,2.53072625698324,高風險,2.98,10.53,7.55
L1_DAY_TYPE,03F1215S_03F1257S,Weekday,ALL,138,188,50,0.36231884057971014,普通,2.3,3.13,0.83
L1_DAY_TYPE,03F1215S_03F1257S,Weekend,ALL,138,180,42,0.30434782608695654,普通,2.3,3.0,0.7
L1_DAY_TYPE,03F1257N_03F1215N,Weekday,ALL,134,195,61,0.4552238805970149,普通,2.23,3.25,1.02
L1_DAY_TYPE,03F1257N_03F1215N,Weekend,ALL,135,397,262,1.9407407407407407,高風險,2.25,6.62,4.37
L1_DAY_TYPE,03F1257S_03F1332S,Weekday,ALL,249,307,58,0.23293172690763053,穩定,4.15,5.12,0.97
L1_DAY_TYPE,03F1257S_03F1332S,Weekend,ALL,249,303,54,0.21686746987951808,穩定,4.15,5.05,0.9
L1_DAY_TYPE,03F1332N_03F1257N,Weekday,ALL,248,304,56,0.22580645161290322,穩定,4.13,5.07,0.93
L1_DAY_TYPE,03F1332N_03F1257N,Weekend,ALL,251,573,322,1.2828685258964143,高風險,4.18,9.55,5.37
L1_DAY_TYPE,03F1332S_03F1395S,Weekday,ALL,210,259,49,0.23333333333333334,穩定,3.5,4.32,0.82
L1_DAY_TYPE,03F1332S_03F1395S,Weekend,ALL,210,257,47,0.22380952380952382,穩定,3.5,4.28,0.78
L1_DAY_TYPE,03F1395N_03F1332N,Weekday,ALL,209,259,50,0.23923444976076555,穩定,3.48,4.32,0.83
L1_DAY_TYPE,03F1395N_03F1332N,Weekend,ALL,211,291,80,0.3791469194312796,普通,3.52,4.85,1.33
L1_DAY_TYPE,03F1395S_03F1485S,Weekday,ALL,298,364,66,0.2214765100671141,穩定,4.97,6.07,1.1
L1_DAY_TYPE,03F1395S_03F1485S,Weekend,ALL,297,360,63,0.21212121212121213,穩定,4.95,6.0,1.05
L1_DAY_TYPE,03F1485N_03F1395N,Weekday,ALL,295,365,70,0.23728813559322035,穩定,4.92,6.08,1.17
L1_DAY_TYPE,03F1485N_03F1395N,Weekend,ALL,298,441,143,0.4798657718120805,普通,4.97,7.35,2.38
L1_DAY_TYPE,03F1485S_03F1633S,Weekday,ALL,493,650,157,0.3184584178498986,普通,8.22,10.83,2.62
L1_DAY_TYPE,03F1485S_03F1633S,Weekend,ALL,494,687,193,0.39068825910931176,普通,8.23,11.45,3.22
L1_DAY_TYPE,03F1633N_03F1485N,Weekday,ALL,482,652,170,0.35269709543568467,普通,8.03,10.87,2.83
L1_DAY_TYPE,03F1633N_03F1485N,Weekend,ALL,487,688,201,0.4127310061601643,普通,8.12,11.47,3.35
L1_DAY_TYPE,03F1633S_03F1651S,Weekday,ALL,59,72,13,0.22033898305084745,穩定,0.98,1.2,0.22
L1_DAY_TYPE,03F1633S_03F1651S,Weekend,ALL,59,79,20,0.3389830508474576,普通,0.98,1.32,0.33
L1_DAY_TYPE,03F1651N_03F1633N,Weekday,ALL,59,72,13,0.22033898305084745,穩定,0.98,1.2,0.22
L1_DAY_TYPE,03F1651N_03F1633N,Weekend,ALL,60,83,23,0.38333333333333336,普通,1.0,1.38,0.38
L1_DAY_TYPE,03F1651S_01F1621N,Weekday,ALL,1906,3330,1424,0.7471143756558237,不穩定,31.77,55.5,23.73
L1_DAY_TYPE,03F1651S_01F1621N,Weekend,ALL,1480,3290,1810,1.222972972972973,高風險,24.67,54.83,30.17
L1_DAY_TYPE,03F1651S_01F1664S,Weekday,ALL,552,752,200,0.36231884057971014,普通,9.2,12.53,3.33
L1_DAY_TYPE,03F1651S_01F1664S,Weekend,ALL,550,897,347,0.6309090909090909,不穩定,9.17,14.95,5.78
L1_DAY_TYPE,03F1651S_03F1710S,Weekday,ALL,199,240,41,0.20603015075376885,穩定,3.32,4.0,0.68
L1_DAY_TYPE,03F1651S_03F1710S,Weekend,ALL,198,240,42,0.21212121212121213,穩定,3.3,4.0,0.7
L1_DAY_TYPE,03F1710N_01F1621N,Weekday,ALL,616,824,208,0.33766233766233766,普通,10.27,13.73,3.47
L1_DAY_TYPE,03F1710N_01F1621N,Weekend,ALL,629,965,336,0.534181240063593,不穩定,10.48,16.08,5.6
L1_DAY_TYPE,03F1710N_01F1664S,Weekday,ALL,496,1819,1323,2.6673387096774195,高風險,8.27,30.32,22.05
L1_DAY_TYPE,03F1710N_01F1664S,Weekend,ALL,492,1698,1206,2.451219512195122,高風險,8.2,28.3,20.1
L1_DAY_TYPE,03F1710N_03F1651N,Weekday,ALL,198,235,37,0.18686868686868688,穩定,3.3,3.92,0.62
L1_DAY_TYPE,03F1710N_03F1651N,Weekend,ALL,199,388,189,0.949748743718593,不穩定,3.32,6.47,3.15
L1_DAY_TYPE,03F1710S_03F1739S,Weekday,ALL,97,120,23,0.23711340206185566,穩定,1.62,2.0,0.38
L1_DAY_TYPE,03F1710S_03F1739S,Weekend,ALL,96,113,17,0.17708333333333334,穩定,1.6,1.88,0.28
L1_DAY_TYPE,03F1739N_03F1710N,Weekday,ALL,98,116,18,0.1836734693877551,穩定,1.63,1.93,0.3
L1_DAY_TYPE,03F1739N_03F1710N,Weekend,ALL,98,119,21,0.21428571428571427,穩定,1.63,1.98,0.35
L1_DAY_TYPE,03F1739S_03F1779S,Weekday,ALL,136,165,29,0.21323529411764705,穩定,2.27,2.75,0.48
L1_DAY_TYPE,03F1739S_03F1779S,Weekend,ALL,135,157,22,0.16296296296296298,穩定,2.25,2.62,0.37
L1_DAY_TYPE,03F1779N_03F1739N,Weekday,ALL,133,157,24,0.18045112781954886,穩定,2.22,2.62,0.4
L1_DAY_TYPE,03F1779N_03F1739N,Weekend,ALL,133,161,28,0.21052631578947367,穩定,2.22,2.68,0.47
L1_DAY_TYPE,03F1779S_03F1860S,Weekday,ALL,274,333,59,0.21532846715328466,穩定,4.57,5.55,0.98
L1_DAY_TYPE,03F1779S_03F1860S,Weekend,ALL,271,320,49,0.18081180811808117,穩定,4.52,5.33,0.82
L1_DAY_TYPE,03F1860N_03F1779N,Weekday,ALL,280,360,80,0.2857142857142857,普通,4.67,6.0,1.33
L1_DAY_TYPE,03F1860N_03F1779N,Weekend,ALL,280,358,78,0.2785714285714286,普通,4.67,5.97,1.3
L1_DAY_TYPE,03F1860S_03F1944S,Weekday,ALL,285,394,109,0.3824561403508772,普通,4.75,6.57,1.82
L1_DAY_TYPE,03F1860S_03F1944S,Weekend,ALL,281,480,199,0.708185053380783,不穩定,4.68,8.0,3.32
L1_DAY_TYPE,03F1941N_03F1860N,Weekday,ALL,272,325,53,0.1948529411764706,穩定,4.53,5.42,0.88
L1_DAY_TYPE,03F1941N_03F1860N,Weekend,ALL,273,352,79,0.2893772893772894,普通,4.55,5.87,1.32
L1_DAY_TYPE,03F1944S_01F1906N,Weekday,ALL,239,329,90,0.37656903765690375,普通,3.98,5.48,1.5
L1_DAY_TYPE,03F1944S_01F1906N,Weekend,ALL,233,366,133,0.5708154506437768,不穩定,3.88,6.1,2.22
L1_DAY_TYPE,03F1944S_01F1960S,Weekday,ALL,270,390,120,0.4444444444444444,普通,4.5,6.5,2.0
L1_DAY_TYPE,03F1944S_01F1960S,Weekend,ALL,261,668,407,1.5593869731800767,高風險,4.35,11.13,6.78
L1_DAY_TYPE,03F1944S_03F1991S,Weekday,ALL,160,195,35,0.21875,穩定,2.67,3.25,0.58
L1_DAY_TYPE,03F1944S_03F1991S,Weekend,ALL,157,194,37,0.2356687898089172,穩定,2.62,3.23,0.62
L1_DAY_TYPE,03F1991S_03F2066S,Weekday,ALL,256,304,48,0.1875,穩定,4.27,5.07,0.8
L1_DAY_TYPE,03F1991S_03F2066S,Weekend,ALL,251,294,43,0.17131474103585656,穩定,4.18,4.9,0.72
L1_DAY_TYPE,03F1992N_01F1906N,Weekday,ALL,247,291,44,0.17813765182186234,穩定,4.12,4.85,0.73
L1_DAY_TYPE,03F1992N_01F1906N,Weekend,ALL,240,296,56,0.23333333333333334,穩定,4.0,4.93,0.93
L1_DAY_TYPE,03F1992N_01F1960S,Weekday,ALL,278,324,46,0.16546762589928057,穩定,4.63,5.4,0.77
L1_DAY_TYPE,03F1992N_01F1960S,Weekend,ALL,271,547,276,1.018450184501845,高風險,4.52,9.12,4.6
L1_DAY_TYPE,03F1992N_03F1941N,Weekday,ALL,172,207,35,0.20348837209302326,穩定,2.87,3.45,0.58
L1_DAY_TYPE,03F1992N_03F1941N,Weekend,ALL,170,269,99,0.5823529411764706,不穩定,2.83,4.48,1.65
L1_DAY_TYPE,03F2066N_03F1992N,Weekday,ALL,254,301,47,0.18503937007874016,穩定,4.23,5.02,0.78
L1_DAY_TYPE,03F2066N_03F1992N,Weekend,ALL,250,284,34,0.136,穩定,4.17,4.73,0.57
L1_DAY_TYPE,03F2066S_03F2079S,Weekday,ALL,47,54,7,0.14893617021276595,穩定,0.78,0.9,0.12
L1_DAY_TYPE,03F2066S_03F2079S,Weekend,ALL,47,61,14,0.2978723404255319,普通,0.78,1.02,0.23
L1_DAY_TYPE,03F2078N_03F2066N,Weekday,ALL,44,50,6,0.13636363636363635,穩定,0.73,0.83,0.1
L1_DAY_TYPE,03F2078N_03F2066N,Weekend,ALL,44,52,8,0.18181818181818182,穩定,0.73,0.87,0.13
L1_DAY_TYPE,03F2079S_03F2100S,Weekday,ALL,74,86,12,0.16216216216216217,穩定,1.23,1.43,0.2
L1_DAY_TYPE,03F2079S_03F2100S,Weekend,ALL,73,222,149,2.041095890410959,高風險,1.22,3.7,2.48
L1_DAY_TYPE,03F2100N_03F2078N,Weekday,ALL,79,93,14,0.17721518987341772,穩定,1.32,1.55,0.23
L1_DAY_TYPE,03F2100N_03F2078N,Weekend,ALL,79,100,21,0.26582278481012656,普通,1.32,1.67,0.35
L1_DAY_TYPE,03F2100S_03F2129S,Weekday,ALL,103,120,17,0.1650485436893204,穩定,1.72,2.0,0.28
L1_DAY_TYPE,03F2100S_03F2129S,Weekend,ALL,104,267,163,1.5673076923076923,高風險,1.73,4.45,2.72
L1_DAY_TYPE,03F2125N_03F2100N,Weekday,ALL,85,101,16,0.18823529411764706,穩定,1.42,1.68,0.27
L1_DAY_TYPE,03F2125N_03F2100N,Weekend,ALL,86,206,120,1.3953488372093024,高風險,1.43,3.43,2.0
L1_DAY_TYPE,03F2129S_03F2152S,Weekday,ALL,80,92,12,0.15,穩定,1.33,1.53,0.2
L1_DAY_TYPE,03F2129S_03F2152S,Weekend,ALL,81,102,21,0.25925925925925924,普通,1.35,1.7,0.35
L1_DAY_TYPE,03F2152S_03F2194S,Weekday,ALL,143,163,20,0.13986013986013987,穩定,2.38,2.72,0.33
L1_DAY_TYPE,03F2152S_03F2194S,Weekend,ALL,144,160,16,0.1111111111111111,穩定,2.4,2.67,0.27
L1_DAY_TYPE,03F2153N_03F2125N,Weekday,ALL,99,114,15,0.15151515151515152,穩定,1.65,1.9,0.25
L1_DAY_TYPE,03F2153N_03F2125N,Weekend,ALL,101,161,60,0.594059405940594,不穩定,1.68,2.68,1.0
L1_DAY_TYPE,03F2194N_03F2153N,Weekday,ALL,141,160,19,0.1347517730496454,穩定,2.35,2.67,0.32
L1_DAY_TYPE,03F2194N_03F2153N,Weekend,ALL,142,266,124,0.8732394366197183,不穩定,2.37,4.43,2.07
L1_DAY_TYPE,03F2194S_01F2011N,Weekday,ALL,2386,3327,941,0.3943839061190277,普通,39.77,55.45,15.68
L1_DAY_TYPE,03F2194S_01F2011N,Weekend,ALL,1336,3153,1817,1.3600299401197604,高風險,22.27,52.55,30.28
L1_DAY_TYPE,03F2194S_01F2089S,Weekday,ALL,1009,1227,218,0.21605550049554015,穩定,16.82,20.45,3.63
L1_DAY_TYPE,03F2194S_01F2089S,Weekend,ALL,1000,1208,208,0.208,穩定,16.67,20.13,3.47
L1_DAY_TYPE,03F2194S_03F2235S,Weekday,ALL,135,157,22,0.16296296296296298,穩定,2.25,2.62,0.37
L1_DAY_TYPE,03F2194S_03F2235S,Weekend,ALL,136,167,31,0.22794117647058823,穩定,2.27,2.78,0.52
L1_DAY_TYPE,03F2231N_01F2011N,Weekday,ALL,1106,1792,686,0.620253164556962,不穩定,18.43,29.87,11.43
L1_DAY_TYPE,03F2231N_01F2011N,Weekend,ALL,1099,1610,511,0.46496815286624205,普通,18.32,26.83,8.52
L1_DAY_TYPE,03F2231N_01F2089S,Weekday,ALL,950,1331,381,0.4010526315789474,普通,15.83,22.18,6.35
L1_DAY_TYPE,03F2231N_01F2089S,Weekend,ALL,947,1163,216,0.22808870116156282,穩定,15.78,19.38,3.6
L1_DAY_TYPE,03F2231N_03F2194N,Weekday,ALL,121,141,20,0.1652892561983471,穩定,2.02,2.35,0.33
L1_DAY_TYPE,03F2231N_03F2194N,Weekend,ALL,122,146,24,0.19672131147540983,穩定,2.03,2.43,0.4
L1_DAY_TYPE,03F2235S_03F2261S,Weekday,ALL,88,101,13,0.14772727272727273,穩定,1.47,1.68,0.22
L1_DAY_TYPE,03F2235S_03F2261S,Weekend,ALL,89,185,96,1.0786516853932584,高風險,1.48,3.08,1.6
L1_DAY_TYPE,03F2260N_03F2231N,Weekday,ALL,102,118,16,0.1568627450980392,穩定,1.7,1.97,0.27
L1_DAY_TYPE,03F2260N_03F2231N,Weekend,ALL,104,147,43,0.41346153846153844,普通,1.73,2.45,0.72
L1_DAY_TYPE,03F2261S_03F2306S,Weekday,ALL,149,172,23,0.15436241610738255,穩定,2.48,2.87,0.38
L1_DAY_TYPE,03F2261S_03F2306S,Weekend,ALL,151,189,38,0.25165562913907286,普通,2.52,3.15,0.63
L1_DAY_TYPE,03F2306N_03F2260N,Weekday,ALL,154,178,24,0.15584415584415584,穩定,2.57,2.97,0.4
L1_DAY_TYPE,03F2306N_03F2260N,Weekend,ALL,157,526,369,2.3503184713375798,高風險,2.62,8.77,6.15
L1_DAY_TYPE,03F2306S_03F2336S,Weekday,ALL,102,119,17,0.16666666666666666,穩定,1.7,1.98,0.28
L1_DAY_TYPE,03F2306S_03F2336S,Weekend,ALL,103,166,63,0.6116504854368932,不穩定,1.72,2.77,1.05
L1_DAY_TYPE,03F2336N_03F2306N,Weekday,ALL,103,119,16,0.1553398058252427,穩定,1.72,1.98,0.27
L1_DAY_TYPE,03F2336N_03F2306N,Weekend,ALL,105,262,157,1.4952380952380953,高風險,1.75,4.37,2.62
L1_DAY_TYPE,03F2336S_03F2415S,Weekday,ALL,261,328,67,0.2567049808429119,普通,4.35,5.47,1.12
L1_DAY_TYPE,03F2336S_03F2415S,Weekend,ALL,262,326,64,0.24427480916030533,穩定,4.37,5.43,1.07
L1_DAY_TYPE,03F2415N_03F2336N,Weekday,ALL,260,326,66,0.25384615384615383,普通,4.33,5.43,1.1
L1_DAY_TYPE,03F2415N_03F2336N,Weekend,ALL,263,712,449,1.7072243346007605,高風險,4.38,11.87,7.48
L1_DAY_TYPE,03F2415S_03F2447S,Weekday,ALL,105,125,20,0.19047619047619047,穩定,1.75,2.08,0.33
L1_DAY_TYPE,03F2415S_03F2447S,Weekend,ALL,106,120,14,0.1320754716981132,穩定,1.77,2.0,0.23
L1_DAY_TYPE,03F2447N_03F2415N,Weekday,ALL,106,126,20,0.18867924528301888,穩定,1.77,2.1,0.33
L1_DAY_TYPE,03F2447N_03F2415N,Weekend,ALL,107,258,151,1.411214953271028,高風險,1.78,4.3,2.52
L1_DAY_TYPE,03F2447S_03F2535S,Weekday,ALL,284,336,52,0.18309859154929578,穩定,4.73,5.6,0.87
L1_DAY_TYPE,03F2447S_03F2535S,Weekend,ALL,285,305,20,0.07017543859649122,穩定,4.75,5.08,0.33
L1_DAY_TYPE,03F2535N_03F2447N,Weekday,ALL,287,345,58,0.20209059233449478,穩定,4.78,5.75,0.97
L1_DAY_TYPE,03F2535N_03F2447N,Weekend,ALL,288,366,78,0.2708333333333333,普通,4.8,6.1,1.3
L1_DAY_TYPE,03F2535S_03F2614S,Weekday,ALL,257,309,52,0.20233463035019456,穩定,4.28,5.15,0.87
L1_DAY_TYPE,03F2535S_03F2614S,Weekend,ALL,258,276,18,0.06976744186046512,穩定,4.3,4.6,0.3
L1_DAY_TYPE,03F2614N_03F2535N,Weekday,ALL,255,306,51,0.2,穩定,4.25,5.1,0.85
L1_DAY_TYPE,03F2614N_03F2535N,Weekend,ALL,255,288,33,0.12941176470588237,穩定,4.25,4.8,0.55
L1_DAY_TYPE,03F2614S_01F2425N,Weekday,ALL,831,1974,1143,1.3754512635379061,高風險,13.85,32.9,19.05
L1_DAY_TYPE,03F2614S_01F2425N,Weekend,ALL,827,1898,1071,1.2950423216444982,高風險,13.78,31.63,17.85
L1_DAY_TYPE,03F2614S_01F2472S,Weekday,ALL,950,1268,318,0.33473684210526317,普通,15.83,21.13,5.3
L1_DAY_TYPE,03F2614S_01F2472S,Weekend,ALL,934,1105,171,0.18308351177730192,穩定,15.57,18.42,2.85
L1_DAY_TYPE,03F2614S_03F2709S,Weekday,ALL,308,371,63,0.20454545454545456,穩定,5.13,6.18,1.05
L1_DAY_TYPE,03F2614S_03F2709S,Weekend,ALL,308,331,23,0.07467532467532467,穩定,5.13,5.52,0.38
L1_DAY_TYPE,03F2709N_01F2425N,Weekday,ALL,609,721,112,0.1839080459770115,穩定,10.15,12.02,1.87
L1_DAY_TYPE,03F2709N_01F2425N,Weekend,ALL,611,828,217,0.35515548281505727,普通,10.18,13.8,3.62
L1_DAY_TYPE,03F2709N_01F2472S,Weekday,ALL,2222,3318,1096,0.49324932493249324,普通,37.03,55.3,18.27
L1_DAY_TYPE,03F2709N_01F2472S,Weekend,ALL,1992,3277,1285,0.6450803212851406,不穩定,33.2,54.62,21.42
L1_DAY_TYPE,03F2709N_03F2614N,Weekday,ALL,307,365,58,0.18892508143322476,穩定,5.12,6.08,0.97
L1_DAY_TYPE,03F2709N_03F2614N,Weekend,ALL,307,335,28,0.09120521172638436,穩定,5.12,5.58,0.47
L1_DAY_TYPE,03F2709S_03F2747S,Weekday,ALL,125,161,36,0.288,普通,2.08,2.68,0.6
L1_DAY_TYPE,03F2709S_03F2747S,Weekend,ALL,126,136,10,0.07936507936507936,穩定,2.1,2.27,0.17
L1_DAY_TYPE,03F2747N_03F2709N,Weekday,ALL,126,163,37,0.29365079365079366,普通,2.1,2.72,0.62
L1_DAY_TYPE,03F2747N_03F2709N,Weekend,ALL,125,138,13,0.104,穩定,2.08,2.3,0.22
L1_DAY_TYPE,03F2747S_03F2777S,Weekday,ALL,97,115,18,0.18556701030927836,穩定,1.62,1.92,0.3
L1_DAY_TYPE,03F2747S_03F2777S,Weekend,ALL,97,104,7,0.07216494845360824,穩定,1.62,1.73,0.12
L1_DAY_TYPE,03F2777N_03F2747N,Weekday,ALL,100,121,21,0.21,穩定,1.67,2.02,0.35
L1_DAY_TYPE,03F2777N_03F2747N,Weekend,ALL,100,114,14,0.14,穩定,1.67,1.9,0.23
L1_DAY_TYPE,03F2777S_03F2840S,Weekday,ALL,207,245,38,0.18357487922705315,穩定,3.45,4.08,0.63
L1_DAY_TYPE,03F2777S_03F2840S,Weekend,ALL,208,223,15,0.07211538461538461,穩定,3.47,3.72,0.25
L1_DAY_TYPE,03F2840N_03F2777N,Weekday,ALL,208,247,39,0.1875,穩定,3.47,4.12,0.65
L1_DAY_TYPE,03F2840N_03F2777N,Weekend,ALL,209,230,21,0.10047846889952153,穩定,3.48,3.83,0.35
L1_DAY_TYPE,03F2840S_03F2899S,Weekday,ALL,191,228,37,0.193717277486911,穩定,3.18,3.8,0.62
L1_DAY_TYPE,03F2840S_03F2899S,Weekend,ALL,191,206,15,0.07853403141361257,穩定,3.18,3.43,0.25
L1_DAY_TYPE,03F2899N_03F2840N,Weekday,ALL,194,231,37,0.19072164948453607,穩定,3.23,3.85,0.62
L1_DAY_TYPE,03F2899N_03F2840N,Weekend,ALL,194,214,20,0.10309278350515463,穩定,3.23,3.57,0.33
L1_DAY_TYPE,03F2899S_03F2923S,Weekday,ALL,78,96,18,0.23076923076923078,穩定,1.3,1.6,0.3
L1_DAY_TYPE,03F2899S_03F2923S,Weekend,ALL,78,86,8,0.10256410256410256,穩定,1.3,1.43,0.13
L1_DAY_TYPE,03F2923N_03F2899N,Weekday,ALL,76,90,14,0.18421052631578946,穩定,1.27,1.5,0.23
L1_DAY_TYPE,03F2923N_03F2899N,Weekend,ALL,76,81,5,0.06578947368421052,穩定,1.27,1.35,0.08
L1_DAY_TYPE,03F2923S_03F2985S,Weekday,ALL,208,258,50,0.2403846153846154,穩定,3.47,4.3,0.83
L1_DAY_TYPE,03F2923S_03F2985S,Weekend,ALL,208,239,31,0.14903846153846154,穩定,3.47,3.98,0.52
L1_DAY_TYPE,03F2985N_03F2923N,Weekday,ALL,208,254,46,0.22115384615384615,穩定,3.47,4.23,0.77
L1_DAY_TYPE,03F2985N_03F2923N,Weekend,ALL,208,234,26,0.125,穩定,3.47,3.9,0.43
L1_DAY_TYPE,03F2985S_01F2714N,Weekday,ALL,602,2157,1555,2.583056478405316,高風險,10.03,35.95,25.92
L1_DAY_TYPE,03F2985S_01F2714N,Weekend,ALL,603,1832,1229,2.0381426202321724,高風險,10.05,30.53,20.48
L1_DAY_TYPE,03F2985S_01F2827S,Weekday,ALL,925,1196,271,0.292972972972973,普通,15.42,19.93,4.52
L1_DAY_TYPE,03F2985S_01F2827S,Weekend,ALL,931,1088,157,0.1686358754027927,穩定,15.52,18.13,2.62
L1_DAY_TYPE,03F2985S_03F3101S,Weekday,ALL,377,454,77,0.20424403183023873,穩定,6.28,7.57,1.28
L1_DAY_TYPE,03F2985S_03F3101S,Weekend,ALL,379,413,34,0.08970976253298153,穩定,6.32,6.88,0.57
L1_DAY_TYPE,03F3101N_01F2714N,Weekday,ALL,876,1292,416,0.4748858447488584,普通,14.6,21.53,6.93
L1_DAY_TYPE,03F3101N_01F2714N,Weekend,ALL,857,1046,189,0.220536756126021,穩定,14.28,17.43,3.15
L1_DAY_TYPE,03F3101N_01F2827S,Weekday,ALL,2455,3340,885,0.3604887983706721,普通,40.92,55.67,14.75
L1_DAY_TYPE,03F3101N_01F2827S,Weekend,ALL,2404,3308,904,0.37603993344425957,普通,40.07,55.13,15.07
L1_DAY_TYPE,03F3101N_03F2985N,Weekday,ALL,377,454,77,0.20424403183023873,穩定,6.28,7.57,1.28
L1_DAY_TYPE,03F3101N_03F2985N,Weekend,ALL,377,411,34,0.09018567639257294,穩定,6.28,6.85,0.57
L1_DAY_TYPE,03F3101S_03F3187S,Weekday,ALL,282,359,77,0.2730496453900709,普通,4.7,5.98,1.28
L1_DAY_TYPE,03F3101S_03F3187S,Weekend,ALL,283,314,31,0.10954063604240283,穩定,4.72,5.23,0.52
L1_DAY_TYPE,03F3187N_03F3101N,Weekday,ALL,283,372,89,0.31448763250883394,普通,4.72,6.2,1.48
L1_DAY_TYPE,03F3187N_03F3101N,Weekend,ALL,283,311,28,0.0989399293286219,穩定,4.72,5.18,0.47
L1_DAY_TYPE,03F3187S_03F3211S,Weekday,ALL,79,95,16,0.20253164556962025,穩定,1.32,1.58,0.27
L1_DAY_TYPE,03F3187S_03F3211S,Weekend,ALL,80,89,9,0.1125,穩定,1.33,1.48,0.15
L1_DAY_TYPE,03F3211N_03F3187N,Weekday,ALL,80,96,16,0.2,穩定,1.33,1.6,0.27
L1_DAY_TYPE,03F3211N_03F3187N,Weekend,ALL,80,89,9,0.1125,穩定,1.33,1.48,0.15
L1_DAY_TYPE,03F3211S_03F3259S,Weekday,ALL,155,187,32,0.2064516129032258,穩定,2.58,3.12,0.53
L1_DAY_TYPE,03F3211S_03F3259S,Weekend,ALL,155,179,24,0.15483870967741936,穩定,2.58,2.98,0.4
L1_DAY_TYPE,03F3259N_03F3211N,Weekday,ALL,154,186,32,0.2077922077922078,穩定,2.57,3.1,0.53
L1_DAY_TYPE,03F3259N_03F3211N,Weekend,ALL,155,169,14,0.09032258064516129,穩定,2.58,2.82,0.23
L1_DAY_TYPE,03F3259S_03F3307S,Weekday,ALL,159,193,34,0.2138364779874214,穩定,2.65,3.22,0.57
L1_DAY_TYPE,03F3259S_03F3307S,Weekend,ALL,159,193,34,0.2138364779874214,穩定,2.65,3.22,0.57
L1_DAY_TYPE,03F3307N_03F3259N,Weekday,ALL,158,191,33,0.2088607594936709,穩定,2.63,3.18,0.55
L1_DAY_TYPE,03F3307N_03F3259N,Weekend,ALL,158,175,17,0.10759493670886076,穩定,2.63,2.92,0.28
L1_DAY_TYPE,03F3307S_01F2930N,Weekday,ALL,1509,3297,1788,1.1848906560636183,高風險,25.15,54.95,29.8
L1_DAY_TYPE,03F3307S_01F2930N,Weekend,ALL,1162,3255,2093,1.8012048192771084,高風險,19.37,54.25,34.88
L1_DAY_TYPE,03F3307S_01F3019S,Weekday,ALL,857,1429,572,0.6674445740956826,不穩定,14.28,23.82,9.53
L1_DAY_TYPE,03F3307S_01F3019S,Weekend,ALL,852,1302,450,0.528169014084507,不穩定,14.2,21.7,7.5
L1_DAY_TYPE,03F3307S_03F3392S,Weekday,ALL,276,334,58,0.21014492753623187,穩定,4.6,5.57,0.97
L1_DAY_TYPE,03F3307S_03F3392S,Weekend,ALL,277,414,137,0.49458483754512633,普通,4.62,6.9,2.28
L1_DAY_TYPE,03F3392N_01F2930N,Weekday,ALL,1025,1325,300,0.2926829268292683,普通,17.08,22.08,5.0
L1_DAY_TYPE,03F3392N_01F2930N,Weekend,ALL,1001,1416,415,0.4145854145854146,普通,16.68,23.6,6.92
L1_DAY_TYPE,03F3392N_01F3019S,Weekday,ALL,998,3166,2168,2.1723446893787575,高風險,16.63,52.77,36.13
L1_DAY_TYPE,03F3392N_01F3019S,Weekend,ALL,1010,3151,2141,2.11980198019802,高風險,16.83,52.52,35.68
L1_DAY_TYPE,03F3392N_03F3307N,Weekday,ALL,278,336,58,0.20863309352517986,穩定,4.63,5.6,0.97
L1_DAY_TYPE,03F3392N_03F3307N,Weekend,ALL,278,334,56,0.2014388489208633,穩定,4.63,5.57,0.93
L1_DAY_TYPE,03F3392S_03F3445S,Weekday,ALL,177,225,48,0.2711864406779661,普通,2.95,3.75,0.8
L1_DAY_TYPE,03F3392S_03F3445S,Weekend,ALL,178,274,96,0.5393258426966292,不穩定,2.97,4.57,1.6
L1_DAY_TYPE,03F3445N_03F3392N,Weekday,ALL,174,255,81,0.46551724137931033,普通,2.9,4.25,1.35
L1_DAY_TYPE,03F3445N_03F3392N,Weekend,ALL,175,221,46,0.26285714285714284,普通,2.92,3.68,0.77
L1_DAY_TYPE,03F3445S_01F3126N,Weekday,ALL,2080,3308,1228,0.5903846153846154,不穩定,34.67,55.13,20.47
L1_DAY_TYPE,03F3445S_01F3126N,Weekend,ALL,2105,3298,1193,0.5667458432304038,不穩定,35.08,54.97,19.88
L1_DAY_TYPE,03F3445S_01F3185S,Weekday,ALL,578,965,387,0.6695501730103807,不穩定,9.63,16.08,6.45
L1_DAY_TYPE,03F3445S_01F3185S,Weekend,ALL,576,821,245,0.4253472222222222,普通,9.6,13.68,4.08
L1_DAY_TYPE,03F3445S_03F3496S,Weekday,ALL,171,208,37,0.21637426900584794,穩定,2.85,3.47,0.62
L1_DAY_TYPE,03F3445S_03F3496S,Weekend,ALL,171,203,32,0.1871345029239766,穩定,2.85,3.38,0.53
L1_DAY_TYPE,03F3496N_01F3126N,Weekday,ALL,563,738,175,0.3108348134991119,普通,9.38,12.3,2.92
L1_DAY_TYPE,03F3496N_01F3126N,Weekend,ALL,541,894,353,0.6524953789279113,不穩定,9.02,14.9,5.88
L1_DAY_TYPE,03F3496N_01F3185S,Weekday,ALL,660,2784,2124,3.2181818181818183,高風險,11.0,46.4,35.4
L1_DAY_TYPE,03F3496N_01F3185S,Weekend,ALL,624,2225,1601,2.565705128205128,高風險,10.4,37.08,26.68
L1_DAY_TYPE,03F3496N_03F3445N,Weekday,ALL,172,209,37,0.21511627906976744,穩定,2.87,3.48,0.62
L1_DAY_TYPE,03F3496N_03F3445N,Weekend,ALL,171,208,37,0.21637426900584794,穩定,2.85,3.47,0.62
L1_DAY_TYPE,03F3496S_03F3588S,Weekday,ALL,308,376,68,0.22077922077922077,穩定,5.13,6.27,1.13
L1_DAY_TYPE,03F3496S_03F3588S,Weekend,ALL,304,360,56,0.18421052631578946,穩定,5.07,6.0,0.93
L1_DAY_TYPE,03F3588N_03F3496N,Weekday,ALL,304,369,65,0.2138157894736842,穩定,5.07,6.15,1.08
L1_DAY_TYPE,03F3588N_03F3496N,Weekend,ALL,302,361,59,0.19536423841059603,穩定,5.03,6.02,0.98
L1_DAY_TYPE,03F3588S_03F3670S,Weekday,ALL,277,332,55,0.19855595667870035,穩定,4.62,5.53,0.92
L1_DAY_TYPE,03F3588S_03F3670S,Weekend,ALL,276,320,44,0.15942028985507245,穩定,4.6,5.33,0.73
L1_DAY_TYPE,03F3670N_03F3588N,Weekday,ALL,277,333,56,0.20216606498194944,穩定,4.62,5.55,0.93
L1_DAY_TYPE,03F3670N_03F3588N,Weekend,ALL,277,323,46,0.16606498194945848,穩定,4.62,5.38,0.77
L1_DAY_TYPE,03F3670S_03F3743S,Weekday,ALL,247,318,71,0.2874493927125506,普通,4.12,5.3,1.18
L1_DAY_TYPE,03F3670S_03F3743S,Weekend,ALL,245,294,49,0.2,穩定,4.08,4.9,0.82
L1_DAY_TYPE,03F3743N_03F3670N,Weekday,ALL,244,300,56,0.22950819672131148,穩定,4.07,5.0,0.93
L1_DAY_TYPE,03F3743N_03F3670N,Weekend,ALL,244,284,40,0.16393442622950818,穩定,4.07,4.73,0.67
L1_DAY_TYPE,03F3743S_01F3590N,Weekday,ALL,2521,3384,863,0.3423244744149147,普通,42.02,56.4,14.38
L1_DAY_TYPE,03F3743S_01F3590N,Weekend,ALL,2461,3350,889,0.3612352702153596,普通,41.02,55.83,14.82
L1_DAY_TYPE,03F3743S_01F3640S,Weekday,ALL,1135,1877,742,0.6537444933920705,不穩定,18.92,31.28,12.37
L1_DAY_TYPE,03F3743S_01F3640S,Weekend,ALL,1111,1919,808,0.7272727272727273,不穩定,18.52,31.98,13.47
L1_DAY_TYPE,03F3743S_03F3854S,Weekday,ALL,379,465,86,0.22691292875989447,穩定,6.32,7.75,1.43
L1_DAY_TYPE,03F3743S_03F3854S,Weekend,ALL,377,569,192,0.5092838196286472,不穩定,6.28,9.48,3.2
L1_DAY_TYPE,03F3854N_01F3590N,Weekday,ALL,1074,2964,1890,1.7597765363128492,高風險,17.9,49.4,31.5
L1_DAY_TYPE,03F3854N_01F3590N,Weekend,ALL,1084,2979,1895,1.7481549815498154,高風險,18.07,49.65,31.58
L1_DAY_TYPE,03F3854N_01F3640S,Weekday,ALL,936,1742,806,0.8611111111111112,不穩定,15.6,29.03,13.43
L1_DAY_TYPE,03F3854N_01F3640S,Weekend,ALL,929,1546,617,0.6641550053821313,不穩定,15.48,25.77,10.28
L1_DAY_TYPE,03F3854N_03F3743N,Weekday,ALL,374,454,80,0.21390374331550802,穩定,6.23,7.57,1.33
L1_DAY_TYPE,03F3854N_03F3743N,Weekend,ALL,374,448,74,0.19786096256684493,穩定,6.23,7.47,1.23
L1_DAY_TYPE,03F3854S_03F3916S,Weekday,ALL,204,243,39,0.19117647058823528,穩定,3.4,4.05,0.65
L1_DAY_TYPE,03F3854S_03F3916S,Weekend,ALL,203,221,18,0.08866995073891626,穩定,3.38,3.68,0.3
L1_DAY_TYPE,03F3916N_03F3854N,Weekday,ALL,211,248,37,0.17535545023696683,穩定,3.52,4.13,0.62
L1_DAY_TYPE,03F3916N_03F3854N,Weekend,ALL,210,236,26,0.12380952380952381,穩定,3.5,3.93,0.43
L1_DAY_TYPE,03F3916S_03F3981S,Weekday,ALL,222,264,42,0.1891891891891892,穩定,3.7,4.4,0.7
L1_DAY_TYPE,03F3916S_03F3981S,Weekend,ALL,220,247,27,0.12272727272727273,穩定,3.67,4.12,0.45
L1_DAY_TYPE,03F3981S_03F4018S,Weekday,ALL,124,149,25,0.20161290322580644,穩定,2.07,2.48,0.42
L1_DAY_TYPE,03F3981S_03F4018S,Weekend,ALL,123,136,13,0.10569105691056911,穩定,2.05,2.27,0.22
L1_DAY_TYPE,03F3984N_03F3916N,Weekday,ALL,231,272,41,0.1774891774891775,穩定,3.85,4.53,0.68
L1_DAY_TYPE,03F3984N_03F3916N,Weekend,ALL,231,274,43,0.18614718614718614,穩定,3.85,4.57,0.72
L1_DAY_TYPE,03F4018S_03F4142S,Weekday,ALL,417,518,101,0.2422062350119904,穩定,6.95,8.63,1.68
L1_DAY_TYPE,03F4018S_03F4142S,Weekend,ALL,413,457,44,0.10653753026634383,穩定,6.88,7.62,0.73
L1_DAY_TYPE,03F4021N_03F3984N,Weekday,ALL,126,150,24,0.19047619047619047,穩定,2.1,2.5,0.4
L1_DAY_TYPE,03F4021N_03F3984N,Weekend,ALL,125,142,17,0.136,穩定,2.08,2.37,0.28
L1_DAY_TYPE,03F4142N_03F4021N,Weekday,ALL,416,511,95,0.2283653846153846,穩定,6.93,8.52,1.58
L1_DAY_TYPE,03F4142N_03F4021N,Weekend,ALL,414,467,53,0.1280193236714976,穩定,6.9,7.78,0.88
L1_DAY_TYPE,03F4142S_01F3696N,Weekday,ALL,1087,2495,1408,1.295308187672493,高風險,18.12,41.58,23.47
L1_DAY_TYPE,03F4142S_01F3696N,Weekend,ALL,1031,2075,1044,1.0126091173617846,高風險,17.18,34.58,17.4
L1_DAY_TYPE,03F4142S_03F4168S,Weekday,ALL,88,103,15,0.17045454545454544,穩定,1.47,1.72,0.25
L1_DAY_TYPE,03F4142S_03F4168S,Weekend,ALL,87,99,12,0.13793103448275862,穩定,1.45,1.65,0.2
L1_DAY_TYPE,03F4168N_01F3696N,Weekday,ALL,1079,1749,670,0.6209453197405005,不穩定,17.98,29.15,11.17
L1_DAY_TYPE,03F4168N_01F3696N,Weekend,ALL,1059,1473,414,0.3909348441926346,普通,17.65,24.55,6.9
L1_DAY_TYPE,03F4168N_03F4142N,Weekday,ALL,87,101,14,0.16091954022988506,穩定,1.45,1.68,0.23
L1_DAY_TYPE,03F4168N_03F4142N,Weekend,ALL,87,100,13,0.14942528735632185,穩定,1.45,1.67,0.22
L1_DAY_TYPE,03F4168S_03F4232S,Weekday,ALL,219,259,40,0.182648401826484,穩定,3.65,4.32,0.67
L1_DAY_TYPE,03F4168S_03F4232S,Weekend,ALL,220,267,47,0.21363636363636362,穩定,3.67,4.45,0.78
L1_DAY_TYPE,03F4232N_03F4168N,Weekday,ALL,226,264,38,0.168141592920354,穩定,3.77,4.4,0.63
L1_DAY_TYPE,03F4232N_03F4168N,Weekend,ALL,231,279,48,0.2077922077922078,穩定,3.85,4.65,0.8
L1_DAY_TYPE,03F4232S_03F4263S,Weekday,ALL,102,121,19,0.18627450980392157,穩定,1.7,2.02,0.32
L1_DAY_TYPE,03F4232S_03F4263S,Weekend,ALL,103,116,13,0.1262135922330097,穩定,1.72,1.93,0.22
L1_DAY_TYPE,03F4259N_03F4232N,Weekday,ALL,94,111,17,0.18085106382978725,穩定,1.57,1.85,0.28
L1_DAY_TYPE,03F4259N_03F4232N,Weekend,ALL,94,105,11,0.11702127659574468,穩定,1.57,1.75,0.18
L1_DAY_TYPE,05F0000S_05F0055S,Weekday,ALL,253,467,214,0.8458498023715415,不穩定,4.22,7.78,3.57
L1_DAY_TYPE,05F0000S_05F0055S,Weekend,ALL,259,565,306,1.1814671814671815,高風險,4.32,9.42,5.1
L1_DAY_TYPE,05F0001N_03F0150N,Weekday,ALL,52,59,7,0.1346153846153846,穩定,0.87,0.98,0.12
L1_DAY_TYPE,05F0001N_03F0150N,Weekend,ALL,52,57,5,0.09615384615384616,穩定,0.87,0.95,0.08
L1_DAY_TYPE,05F0001N_03F0201S,Weekday,ALL,224,423,199,0.8883928571428571,不穩定,3.73,7.05,3.32
L1_DAY_TYPE,05F0001N_03F0201S,Weekend,ALL,218,248,30,0.13761467889908258,穩定,3.63,4.13,0.5
L1_DAY_TYPE,05F0055N_05F0001N,Weekday,ALL,238,274,36,0.15126050420168066,穩定,3.97,4.57,0.6
L1_DAY_TYPE,05F0055N_05F0001N,Weekend,ALL,250,505,255,1.02,高風險,4.17,8.42,4.25
L1_DAY_TYPE,05F0055S_05F0287S,Weekday,ALL,1025,1660,635,0.6195121951219512,不穩定,17.08,27.67,10.58
L1_DAY_TYPE,05F0055S_05F0287S,Weekend,ALL,1040,2273,1233,1.185576923076923,高風險,17.33,37.88,20.55
L1_DAY_TYPE,05F0287N_05F0055N,Weekday,ALL,1047,1681,634,0.6055396370582617,不穩定,17.45,28.02,10.57
L1_DAY_TYPE,05F0287N_05F0055N,Weekend,ALL,1285,1814,529,0.41167315175097274,普通,21.42,30.23,8.82
L1_DAY_TYPE,05F0287S_05F0309S,Weekday,ALL,88,94,6,0.06818181818181818,穩定,1.47,1.57,0.1
L1_DAY_TYPE,05F0287S_05F0309S,Weekend,ALL,88,94,6,0.06818181818181818,穩定,1.47,1.57,0.1
L1_DAY_TYPE,05F0309N_05F0287N,Weekday,ALL,91,511,420,4.615384615384615,高風險,1.52,8.52,7.0
L1_DAY_TYPE,05F0309N_05F0287N,Weekend,ALL,95,1115,1020,10.736842105263158,高風險,1.58,18.58,17.0
L1_DAY_TYPE,05F0309S_05F0439S,Weekday,ALL,489,533,44,0.08997955010224949,穩定,8.15,8.88,0.73
L1_DAY_TYPE,05F0309S_05F0439S,Weekend,ALL,487,522,35,0.07186858316221766,穩定,8.12,8.7,0.58
L1_DAY_TYPE,05F0438N_05F0309N,Weekday,ALL,492,571,79,0.16056910569105692,穩定,8.2,9.52,1.32
L1_DAY_TYPE,05F0438N_05F0309N,Weekend,ALL,496,1654,1158,2.3346774193548385,高風險,8.27,27.57,19.3
L1_DAY_TYPE,05F0438N_05FR143N,Weekday,ALL,112,122,10,0.08928571428571429,穩定,1.87,2.03,0.17
L1_DAY_TYPE,05F0438N_05FR143N,Weekend,ALL,111,121,10,0.09009009009009009,穩定,1.85,2.02,0.17
L1_DAY_TYPE,05F0439S_05F0494S,Weekday,ALL,206,226,20,0.0970873786407767,穩定,3.43,3.77,0.33
L1_DAY_TYPE,05F0439S_05F0494S,Weekend,ALL,205,220,15,0.07317073170731707,穩定,3.42,3.67,0.25
L1_DAY_TYPE,05F0528N_05F0438N,Weekday,ALL,341,378,37,0.10850439882697947,穩定,5.68,6.3,0.62
L1_DAY_TYPE,05F0528N_05F0438N,Weekend,ALL,337,366,29,0.08605341246290801,穩定,5.62,6.1,0.48
L1_DAY_TYPE,05FR113S_05F0439S,Weekday,ALL,113,124,11,0.09734513274336283,穩定,1.88,2.07,0.18
L1_DAY_TYPE,05FR113S_05F0439S,Weekend,ALL,113,123,10,0.08849557522123894,穩定,1.88,2.05,0.17
